geometry_id,geometry_type,x,y,cad_layer
GEO-000001,SOLID,110.91917764789716,71.72393130497261,0
GEO-000002,SOLID,110.91917764789716,70.96191924713841,0
GEO-000003,SOLID,110.91917764789716,71.72393130497261,0
GEO-000004,SOLID,110.91917764789716,70.96191924713841,0
GEO-000005,LWPOLYLINE,110.2418436147788,71.36408031552492,0
GEO-000006,LWPOLYLINE,100.48401168101555,71.3852568868411,0
GEO-000007,LWPOLYLINE,92.20784533732649,71.32174870473932,0
GEO-000008,LWPOLYLINE,91.52220963749983,80.44112000307953,0
GEO-000009,LWPOLYLINE,90.81084566030427,70.91958763635283,0
GEO-000010,LWPOLYLINE,90.81084431456384,72.02028487824194,0
GEO-000011,LWPOLYLINE,91.08601256920417,72.02026334639514,0
GEO-000012,LWPOLYLINE,90.81084364169362,73.07859667972848,0
GEO-000013,SOLID,112.70838910275785,256.3958037566429,0
GEO-000014,SOLID,112.70838910275785,255.2739622412078,0
GEO-000015,SOLID,114.9732244816166,256.3958037566429,0
GEO-000016,SOLID,114.9732244816166,255.2739622412078,0
GEO-000017,LWPOLYLINE,124.07489357061604,255.8454712845835,0
GEO-000018,LWPOLYLINE,121.45022335119461,255.8454712845835,0
GEO-000019,LWPOLYLINE,118.23289174040906,255.8454712845835,0
GEO-000020,LWPOLYLINE,114.99439163274985,255.8454712845835,0
GEO-000021,LWPOLYLINE,111.79822582735704,255.8454712845835,0
GEO-000022,LWPOLYLINE,108.5385599143051,255.8454712845835,0
GEO-000023,LWPOLYLINE,105.93506088323805,255.8454712845835,0
GEO-000024,LWPOLYLINE,113.8513923863645,257.4118054791907,0
GEO-000025,LWPOLYLINE,113.8090607755789,239.48364699462576,0
GEO-000026,LWPOLYLINE,101.1090594298384,259.0204712845834,0
GEO-000027,LWPOLYLINE,101.1090607755789,258.216138381887,0
GEO-000028,LWPOLYLINE,102.2097257196978,258.216138381887,0
GEO-000029,LWPOLYLINE,102.7388923863644,258.2161276159637,0
GEO-000030,LWPOLYLINE,103.268059053031,258.216138381887,0
GEO-000031,LWPOLYLINE,104.36872399715,258.2161276159636,0
GEO-000032,LWPOLYLINE,104.09355776112031,258.2161276159637,0
GEO-000033,LWPOLYLINE,106.0197254505497,258.2161276159636,0
GEO-000034,LWPOLYLINE,106.1467270116085,257.81395578165376,0
GEO-000035,LWPOLYLINE,107.6495557155949,258.2161276159636,0
GEO-000036,LWPOLYLINE,109.27939001786135,258.2161276159636,0
GEO-000037,LWPOLYLINE,109.27939001786135,257.9621379512501,0
GEO-000038,LWPOLYLINE,110.930391471261,258.2161276159636,0
GEO-000039,LWPOLYLINE,110.930391471261,258.2161276159636,0
GEO-000040,LWPOLYLINE,113.7046550087534,195.4675277653545,0
GEO-000041,LWPOLYLINE,113.7046550087534,186.36586540505726,0
GEO-000042,LWPOLYLINE,113.7046550087534,179.91002561216985,0
GEO-000043,LWPOLYLINE,113.8558197678076,173.1249433775904,0
GEO-000044,LWPOLYLINE,113.8558197678076,166.64795931115702,0
GEO-000045,LWPOLYLINE,113.8558197678076,160.21328532366238,0
GEO-000046,LWPOLYLINE,113.8558197678076,153.7362797253823,0
GEO-000047,LWPOLYLINE,113.8558197678076,147.34394811459669,0
GEO-000048,LWPOLYLINE,113.8558197678076,140.8669478992782,0
GEO-000049,LWPOLYLINE,113.8558197678076,135.70227606496832,0
GEO-000050,LWPOLYLINE,113.7046550087534,204.3998744484329,0
GEO-000051,LWPOLYLINE,113.8558197678076,130.51644380822734,0
GEO-000052,LWPOLYLINE,113.8558197678076,124.102946392049,0
GEO-000053,LWPOLYLINE,113.8558197678076,117.6259515596922,0
GEO-000054,LWPOLYLINE,113.8558197678076,112.4612797253823,0
GEO-000055,LWPOLYLINE,113.8090177118852,250.78662847723757,0
GEO-000056,LWPOLYLINE,113.8090177118852,244.33078868435013,0
GEO-000057,LWPOLYLINE,149.76001178867466,83.6830958184546,0
GEO-000058,LWPOLYLINE,179.90524313322555,83.6830958184546,0
GEO-000059,LWPOLYLINE,157.56502465350223,143.95727929474535,0
GEO-000060,LWPOLYLINE,179.5826035365088,143.5438994841806,0
GEO-000061,CIRCLE,264.2185479360792,155.3549141258364,0
GEO-000062,LWPOLYLINE,263.6259125006212,156.6249055130977,0
GEO-000063,LWPOLYLINE,264.7689198214491,156.62489474717435,0
GEO-000064,LWPOLYLINE,264.74775401605643,157.1328956084482,0
GEO-000065,LWPOLYLINE,264.2609189601753,151.07922764987075,0
GEO-000066,LWPOLYLINE,264.2185873493897,144.96206227511485,0
GEO-000067,LWPOLYLINE,264.23976392070597,146.95174487534814,0
GEO-000068,LWPOLYLINE,264.23976392070597,149.17424056897875,0
GEO-000069,LWPOLYLINE,264.2397746866293,148.07356485893644,0
GEO-000070,LWPOLYLINE,264.2186088812364,160.96407863931842,0
GEO-000071,LWPOLYLINE,264.2186088812364,159.7999055130977,0
GEO-000072,LWPOLYLINE,264.2186088812364,158.6357431528004,0
GEO-000073,CIRCLE,264.1761947934467,164.287239277068,0
GEO-000074,LWPOLYLINE,264.19743230992026,164.26607885463685,0
GEO-000075,LWPOLYLINE,264.19743230992026,164.287239277068,0
GEO-000076,LWPOLYLINE,263.75291809890143,165.59957304103824,0
GEO-000077,LWPOLYLINE,264.7689198214491,166.1922371238833,0
GEO-000078,LWPOLYLINE,264.7689198214491,165.59957304103824,0
GEO-000079,LWPOLYLINE,264.7689198214491,165.0069089581932,0
GEO-000080,SOLID,399.90766564389264,84.08525688684111,0
GEO-000081,SOLID,399.90766564389264,83.3232663608537,0
GEO-000082,SOLID,399.90766564389264,84.08525688684111,0
GEO-000083,SOLID,399.90766564389264,83.3232663608537,0
GEO-000084,LWPOLYLINE,399.2515041448692,83.7254274292402,0
GEO-000085,LWPOLYLINE,389.43018286937,83.74660400055639,0
GEO-000086,LWPOLYLINE,383.2495093125124,83.7254274292402,0
GEO-000087,LWPOLYLINE,383.2071992335735,84.4027762655032,0
GEO-000088,LWPOLYLINE,384.4348374782025,83.72543819516359,0
GEO-000089,LWPOLYLINE,386.5938357556547,83.7254274292402,0
GEO-000090,LWPOLYLINE,386.59387881934833,83.42909538781768,0
GEO-000091,LWPOLYLINE,387.9273353250178,83.7254274292402,0
GEO-000092,SOLID,400.1119227548654,143.9425381821922,0
GEO-000093,SOLID,400.1119227548654,143.18053689028142,0
GEO-000094,SOLID,400.1119227548654,143.9425381821922,0
GEO-000095,SOLID,400.1119227548654,143.18053689028142,0
GEO-000096,LWPOLYLINE,399.4557612558419,143.54036634788235,0
GEO-000097,LWPOLYLINE,389.6733974283285,143.6074130492441,0
GEO-000098,LWPOLYLINE,383.4715795979248,143.5862418608896,0
GEO-000099,LWPOLYLINE,383.4292479871393,144.2635799312292,0
GEO-000100,LWPOLYLINE,384.6569077636149,143.5862472438513,0
GEO-000101,LWPOLYLINE,386.8582807155464,143.62857885463686,0
GEO-000102,LWPOLYLINE,386.8582807155464,143.3110648589365,0
GEO-000103,LWPOLYLINE,388.1917587530627,143.62857885463686,0
GEO-000104,SOLID,377.1746863144655,84.0641018473717,0
GEO-000105,SOLID,377.1746863144655,83.3020897895375,0
GEO-000106,SOLID,232.1934157303983,143.924900130136,0
GEO-000107,SOLID,232.1934157303983,143.16290422118692,0
GEO-000108,SOLID,377.43906667881674,143.924900130136,0
GEO-000109,SOLID,377.43906667881674,143.16290422118692,0
GEO-000110,LWPOLYLINE,118.93139157892014,244.3307994502736,0
GEO-000111,SOLID,110.9727230820465,244.7329605186601,0
GEO-000112,SOLID,110.9727230820465,243.97095922674924,0
GEO-000113,SOLID,110.9727230820465,244.7329605186601,0
GEO-000114,SOLID,110.9727230820465,243.97095922674924,0
GEO-000115,LWPOLYLINE,110.2953890489282,244.37312029513575,0
GEO-000116,LWPOLYLINE,100.53755711516486,244.3943076323753,0
GEO-000117,LWPOLYLINE,92.26139077147604,244.33079945027356,0
GEO-000118,LWPOLYLINE,90.86438840297285,242.78563106105915,0
GEO-000119,LWPOLYLINE,90.86439109445371,243.92863838188703,0
GEO-000120,LWPOLYLINE,90.86438974871328,245.02929256008255,0
GEO-000121,LWPOLYLINE,91.13955800335361,245.02929256008255,0
GEO-000122,LWPOLYLINE,90.86438907584306,246.08762589341592,0
GEO-000123,LWPOLYLINE,95.94439028700947,244.4366284772375,0
GEO-000124,LWPOLYLINE,97.55305609240223,244.4366284772375,0
GEO-000125,LWPOLYLINE,118.8270288757884,205.0348486102167,0
GEO-000126,SOLID,110.86836037891476,205.41585463913378,0
GEO-000127,SOLID,110.86836037891476,204.6750299185392,0
GEO-000128,SOLID,110.86836037891476,205.41585463913378,0
GEO-000129,SOLID,110.86836037891476,204.6750299185392,0
GEO-000130,LWPOLYLINE,110.1910263457964,205.05603594745628,0
GEO-000131,LWPOLYLINE,100.43319441203312,205.07719098692576,0
GEO-000132,LWPOLYLINE,92.15702806834405,205.03485937614016,0
GEO-000133,LWPOLYLINE,90.76002569984098,203.46853594745636,0
GEO-000134,LWPOLYLINE,90.76002839132184,204.6326875418302,0
GEO-000135,LWPOLYLINE,90.76002704558141,205.71218668055639,0
GEO-000136,LWPOLYLINE,91.03519530022174,205.71218668055639,0
GEO-000137,LWPOLYLINE,90.7600263727112,206.79169658520584,0
GEO-000138,LWPOLYLINE,95.84002758387749,205.1407099349509,0
GEO-000139,LWPOLYLINE,97.44869338927037,205.1406991690275,0
GEO-000140,LWPOLYLINE,99.09969618841046,205.1406991690275,0
GEO-000141,LWPOLYLINE,118.93139157892014,237.7691198644988,0
GEO-000142,SOLID,110.9727230820465,238.17129169880872,0
GEO-000143,SOLID,110.9727230820465,237.40929040689792,0
GEO-000144,SOLID,110.9727230820465,238.17129169880872,0
GEO-000145,SOLID,110.9727230820465,237.40929040689792,0
GEO-000146,LWPOLYLINE,110.2953890489282,237.8114622412078,0
GEO-000147,LWPOLYLINE,100.53755711516486,237.83262804660055,0
GEO-000148,LWPOLYLINE,92.26139077147604,237.76913063042224,0
GEO-000149,LWPOLYLINE,90.86438840297285,236.2239514752844,0
GEO-000150,LWPOLYLINE,90.86439109445371,237.36698032795908,0
GEO-000151,LWPOLYLINE,90.86438974871328,238.46763450615464,0
GEO-000152,LWPOLYLINE,91.13955800335361,238.46763450615464,0
GEO-000153,LWPOLYLINE,90.86438907584306,239.52595707356454,0
GEO-000154,LWPOLYLINE,95.94439028700947,237.8749488914628,0
GEO-000155,LWPOLYLINE,97.55305609240223,237.87495965738617,0
GEO-000156,LWPOLYLINE,118.93139157892014,230.7417925600826,0
GEO-000157,SOLID,110.9727230820465,231.1439643943925,0
GEO-000158,SOLID,110.9727230820465,230.38196310248165,0
GEO-000159,SOLID,110.9727230820465,231.1439643943925,0
GEO-000160,SOLID,110.9727230820465,230.38196310248165,0
GEO-000161,LWPOLYLINE,110.2953890489282,230.78413493679156,0
GEO-000162,LWPOLYLINE,100.53755711516486,230.80530074218433,0
GEO-000163,LWPOLYLINE,92.26139077147604,230.74179256008262,0
GEO-000164,LWPOLYLINE,90.86438840297285,229.19662417086815,0
GEO-000165,LWPOLYLINE,90.86439109445371,230.33963149169608,0
GEO-000166,LWPOLYLINE,90.86438974871328,231.44029643581501,0
GEO-000167,LWPOLYLINE,91.13955800335361,231.44029643581501,0
GEO-000168,LWPOLYLINE,90.86438907584306,232.49862976914835,0
GEO-000169,LWPOLYLINE,95.94439028700947,230.8476431188933,0
GEO-000170,LWPOLYLINE,97.55305609240223,230.84763235296992,0
GEO-000171,LWPOLYLINE,118.93139157892014,223.9261233095943,0
GEO-000172,SOLID,110.9727230820465,224.3282951439042,0
GEO-000173,SOLID,110.9727230820465,223.5662938519934,0
GEO-000174,SOLID,110.9727230820465,224.3282951439042,0
GEO-000175,SOLID,110.9727230820465,223.5662938519934,0
GEO-000176,LWPOLYLINE,110.2953890489282,223.96846568630332,0
GEO-000177,LWPOLYLINE,100.53755711516486,223.98963149169606,0
GEO-000178,LWPOLYLINE,92.26139077147604,223.92613407551775,0
GEO-000179,LWPOLYLINE,90.86438840297285,222.3809549203799,0
GEO-000180,LWPOLYLINE,90.86439109445371,223.5239622412078,0
GEO-000181,LWPOLYLINE,90.86438974871328,224.62463795125012,0
GEO-000182,LWPOLYLINE,91.13955800335361,224.62463795125012,0
GEO-000183,LWPOLYLINE,90.86438907584306,225.68296051866005,0
GEO-000184,LWPOLYLINE,95.94439028700947,224.0319523365583,0
GEO-000185,LWPOLYLINE,97.55305609240223,224.0319631024817,0
GEO-000186,LWPOLYLINE,118.8270288757884,197.9228580842293,0
GEO-000187,SOLID,110.86836037891476,198.303853347223,0
GEO-000188,SOLID,110.86836037891476,197.5630286266284,0
GEO-000189,SOLID,110.86836037891476,198.303853347223,0
GEO-000190,SOLID,110.86836037891476,197.5630286266284,0
GEO-000191,LWPOLYLINE,110.1910263457964,197.9440238896221,0
GEO-000192,LWPOLYLINE,100.43319441203312,197.96518969501489,0
GEO-000193,LWPOLYLINE,92.15702806834405,197.92286885015272,0
GEO-000194,LWPOLYLINE,90.76002569984098,196.3565238896221,0
GEO-000195,LWPOLYLINE,90.76002839132184,197.5206970158428,0
GEO-000196,LWPOLYLINE,90.76002704558141,198.60020692049233,0
GEO-000197,LWPOLYLINE,91.03519530022174,198.60017462272214,0
GEO-000198,LWPOLYLINE,90.7600263727112,199.67969529329508,0
GEO-000199,LWPOLYLINE,95.84002758387749,198.0286978771167,0
GEO-000200,LWPOLYLINE,97.44869338927037,198.0286978771167,0
GEO-000201,LWPOLYLINE,99.09969618841046,198.0286871111933,0
GEO-000202,LWPOLYLINE,118.8270288757884,190.8531991690275,0
GEO-000203,SOLID,110.86836037891476,191.23419443202118,0
GEO-000204,SOLID,110.86836037891476,190.4933589455032,0
GEO-000205,SOLID,110.86836037891476,191.23419443202118,0
GEO-000206,SOLID,110.86836037891476,190.4933589455032,0
GEO-000207,LWPOLYLINE,110.1910263457964,190.8743542084969,0
GEO-000208,LWPOLYLINE,100.43319441203312,190.8955415457365,0
GEO-000209,LWPOLYLINE,92.15702806834405,190.85319916902745,0
GEO-000210,LWPOLYLINE,90.76002569984098,189.2868649744203,0
GEO-000211,LWPOLYLINE,90.76002839132184,190.451038100641,0
GEO-000212,LWPOLYLINE,90.76002704558141,191.5305264734437,0
GEO-000213,LWPOLYLINE,91.03519530022174,191.5305264734437,0
GEO-000214,LWPOLYLINE,90.7600263727112,192.61003637809324,0
GEO-000215,LWPOLYLINE,95.84002758387749,190.95902819599144,0
GEO-000216,LWPOLYLINE,97.44869338927037,190.95902819599144,0
GEO-000217,LWPOLYLINE,99.09969618841046,190.95902819599144,0
GEO-000218,LWPOLYLINE,118.8270288757884,183.8258718646112,0
GEO-000219,SOLID,110.86836037891476,184.20686712760494,0
GEO-000220,SOLID,110.86836037891476,183.4660316410869,0
GEO-000221,SOLID,110.86836037891476,184.20686712760494,0
GEO-000222,SOLID,110.86836037891476,183.4660316410869,0
GEO-000223,LWPOLYLINE,110.1910263457964,183.84702690408065,0
GEO-000224,LWPOLYLINE,100.43319441203312,183.8681927094734,0
GEO-000225,LWPOLYLINE,92.15702806834405,183.82586109868785,0
GEO-000226,LWPOLYLINE,90.76002569984098,182.25953767000402,0
GEO-000227,LWPOLYLINE,90.76002839132184,183.42368926437797,0
GEO-000228,LWPOLYLINE,90.76002704558141,184.5031884031041,0
GEO-000229,LWPOLYLINE,91.03519530022174,184.5031884031041,0
GEO-000230,LWPOLYLINE,90.7600263727112,185.58268754183024,0
GEO-000231,LWPOLYLINE,95.84002758387749,183.93171165749862,0
GEO-000232,LWPOLYLINE,97.44869338927037,183.9316901256518,0
GEO-000233,LWPOLYLINE,99.09969618841046,183.9317008915752,0
GEO-000234,LWPOLYLINE,138.6798941089122,244.3307994502736,0
GEO-000235,LWPOLYLINE,138.6798941089122,237.7691413963455,0
GEO-000236,LWPOLYLINE,138.6798941089122,230.7417925600826,0
GEO-000237,LWPOLYLINE,138.6798941089122,223.9261448414411,0
GEO-000238,LWPOLYLINE,138.57553140578034,205.0348701420635,0
GEO-000239,LWPOLYLINE,138.57553140578034,197.9228580842293,0
GEO-000240,LWPOLYLINE,138.57553140578034,190.8531991690275,0
GEO-000241,LWPOLYLINE,138.57553140578034,183.8258718646112,0
GEO-000242,LWPOLYLINE,149.7923941089123,234.12847214585736,0
GEO-000243,LWPOLYLINE,149.6880314057803,194.43037100333737,0
GEO-000244,LWPOLYLINE,178.61883260215535,234.13112050834542,0
GEO-000245,LWPOLYLINE,176.7478700881876,194.40914250485207,0
GEO-000246,SOLID,400.59620677167254,234.5306224483204,0
GEO-000247,SOLID,400.59620677167254,233.7686211564096,0
GEO-000248,SOLID,400.59620677167254,234.5306224483204,0
GEO-000249,SOLID,400.59620677167254,233.7686211564096,0
GEO-000250,LWPOLYLINE,399.940045272649,234.17079299071952,0
GEO-000251,LWPOLYLINE,390.13986827069607,234.19195879611232,0
GEO-000252,LWPOLYLINE,383.9380504402925,234.1708037566429,0
GEO-000253,LWPOLYLINE,383.8957188295068,234.8481310610591,0
GEO-000254,LWPOLYLINE,385.1233786059826,234.1708037566429,0
GEO-000255,LWPOLYLINE,387.32475155791394,234.17078222479614,0
GEO-000256,LWPOLYLINE,387.32475155791394,233.8744717152204,0
GEO-000257,LWPOLYLINE,388.65822959543016,234.17079299071952,0
GEO-000258,LWPOLYLINE,390.66906723513284,234.17079299071952,0
GEO-000259,LWPOLYLINE,391.8967377775319,234.1708037566429,0
GEO-000260,LWPOLYLINE,392.8492313179779,234.17079299071952,0
GEO-000261,LWPOLYLINE,390.03550556756414,194.47269184819953,0
GEO-000262,LWPOLYLINE,383.8336877371605,194.45153680873014,0
GEO-000263,LWPOLYLINE,383.791356126375,195.1288641131464,0
GEO-000264,LWPOLYLINE,385.0190159028506,194.45153680873014,0
GEO-000265,LWPOLYLINE,387.2203888547821,194.45153680873017,0
GEO-000266,LWPOLYLINE,387.2203888547821,194.15520476730765,0
GEO-000267,LWPOLYLINE,388.5538668922984,194.45153680873017,0
GEO-000268,CIRCLE,265.8664281595927,211.810484061691,0
GEO-000269,LWPOLYLINE,265.27379269062203,213.1651386705234,0
GEO-000270,LWPOLYLINE,266.41680001145,213.1651386705234,0
GEO-000271,LWPOLYLINE,266.39563420605714,213.6731395317973,0
GEO-000272,LWPOLYLINE,265.908799150176,207.53480835164865,0
GEO-000273,LWPOLYLINE,265.8664675393904,201.16558888481785,0
GEO-000274,LWPOLYLINE,265.8876441107067,203.4073148112027,0
GEO-000275,LWPOLYLINE,265.8876441107067,205.62981050483336,0
GEO-000276,LWPOLYLINE,265.88765487663,204.52914556071443,0
GEO-000277,LWPOLYLINE,265.8664890712373,217.41964857517297,0
GEO-000278,LWPOLYLINE,265.8664890712373,216.2554754489522,0
GEO-000279,LWPOLYLINE,265.8664890712373,215.09131308865489,0
GEO-000280,CIRCLE,265.8240749901358,220.7428199788459,0
GEO-000281,LWPOLYLINE,265.84531249992096,220.72165417345315,0
GEO-000282,LWPOLYLINE,265.84531249992096,220.7428199788459,0
GEO-000283,LWPOLYLINE,265.40079828890225,222.05515374281617,0
GEO-000284,LWPOLYLINE,266.41680001144994,222.6478285915846,0
GEO-000285,LWPOLYLINE,266.41680001145,222.05515374281617,0
GEO-000286,LWPOLYLINE,266.41680001144994,221.4624788940477,0
GEO-000287,CIRCLE,264.6426656425026,253.11836551295283,0
GEO-000288,LWPOLYLINE,264.0500300659263,254.43068851099963,0
GEO-000289,LWPOLYLINE,265.1930373867542,254.43068851099963,0
GEO-000290,LWPOLYLINE,265.1718715813613,254.9386893722735,0
GEO-000291,LWPOLYLINE,264.6850365254802,248.84268980291046,0
GEO-000292,LWPOLYLINE,264.6427049146946,241.42310107159736,0
GEO-000293,LWPOLYLINE,264.66388148601084,244.7151962624645,0
GEO-000294,LWPOLYLINE,264.66388148601084,246.93769195609514,0
GEO-000295,LWPOLYLINE,264.66389225193427,245.83702701197626,0
GEO-000296,LWPOLYLINE,264.6427264465415,258.7275300264348,0
GEO-000297,LWPOLYLINE,264.6427264465415,257.56335690021405,0
GEO-000298,LWPOLYLINE,264.6427264465415,256.39919453991683,0
GEO-000299,CIRCLE,264.60031236544,262.0507014301077,0
GEO-000300,LWPOLYLINE,264.62154987522536,262.02952485879155,0
GEO-000301,LWPOLYLINE,264.62154987522536,262.0507014301077,0
GEO-000302,LWPOLYLINE,264.1770356642064,263.32069281736904,0
GEO-000303,LWPOLYLINE,265.1930373867542,263.9133569002141,0
GEO-000304,LWPOLYLINE,265.1930373867542,263.32069281736904,0
GEO-000305,LWPOLYLINE,265.1930373867542,262.728028734524,0
GEO-000306,SOLID,148.67055797643877,244.7117947132673,0
GEO-000307,SOLID,148.67055797643877,243.94979342135645,0
GEO-000308,SOLID,148.67055797643877,238.15012589341592,0
GEO-000309,SOLID,148.67055797643877,237.38812460150515,0
GEO-000310,SOLID,148.67055797643877,231.1227985889997,0
GEO-000311,SOLID,148.67055797643877,230.36079729708888,0
GEO-000312,SOLID,148.67055797643877,224.307118572588,0
GEO-000313,SOLID,148.67055797643877,223.5451280466006,0
GEO-000314,SOLID,233.58889177445826,234.52301125347998,0
GEO-000315,SOLID,233.58889177445826,233.7610099615692,0
GEO-000316,SOLID,377.90553752118444,234.5517882537132,0
GEO-000317,SOLID,377.90553752118444,233.7897869618024,0
GEO-000318,SOLID,148.5661952733069,205.41585463913378,0
GEO-000319,SOLID,148.5661952733069,204.653853347223,0
GEO-000320,SOLID,148.5661952733069,198.303853347223,0
GEO-000321,SOLID,148.5661952733069,197.5418628212356,0
GEO-000322,SOLID,148.5661952733069,191.23419443202118,0
GEO-000323,SOLID,148.5661952733069,190.4721931401104,0
GEO-000324,SOLID,148.5661952733069,184.20686712760494,0
GEO-000325,SOLID,148.5661952733069,183.4448658356941,0
GEO-000326,SOLID,302.518194953027,194.7902004609383,0
GEO-000327,SOLID,302.518194953027,194.02819916902752,0
GEO-000328,SOLID,232.4507886213339,194.7902004609383,0
GEO-000329,SOLID,232.4507886213339,194.02819916902752,0
GEO-000330,SOLID,377.80117481805246,194.7902004609383,0
GEO-000331,SOLID,377.80117481805246,194.02819916902752,0
GEO-000332,SOLID,111.0195251379689,140.8881083217093,0
GEO-000333,SOLID,111.0195251379689,140.1261124127602,0
GEO-000334,SOLID,111.0195251379689,140.8881083217093,0
GEO-000335,SOLID,111.0195251379689,140.1261124127602,0
GEO-000336,LWPOLYLINE,110.3421911048506,140.5282734811467,0
GEO-000337,LWPOLYLINE,100.58435917108726,140.54943928653955,0
GEO-000338,LWPOLYLINE,92.30819282739822,140.50711305871562,0
GEO-000339,LWPOLYLINE,90.91119045889513,138.9407842470701,0
GEO-000340,LWPOLYLINE,90.911193150376,140.0837700360512,0
GEO-000341,LWPOLYLINE,90.91119180463556,141.2056115514863,0
GEO-000342,LWPOLYLINE,91.18636005927588,141.20560078556295,0
GEO-000343,LWPOLYLINE,90.91119113176534,142.24277369646518,0
GEO-000344,SOLID,111.0195251379689,133.69143304230394,0
GEO-000345,SOLID,111.0195251379689,132.92943175039315,0
GEO-000346,SOLID,111.0195251379689,133.69143304230394,0
GEO-000347,SOLID,111.0195251379689,132.92943175039315,0
GEO-000348,LWPOLYLINE,110.3421911048506,133.331603584703,0
GEO-000349,LWPOLYLINE,100.58435917108726,133.3527855389809,0
GEO-000350,LWPOLYLINE,92.30819282739822,133.31044854523367,0
GEO-000351,LWPOLYLINE,90.91119045889513,131.7441197335881,0
GEO-000352,LWPOLYLINE,90.911193150376,132.8871162884926,0
GEO-000353,LWPOLYLINE,90.91119180463556,134.008936272081,0
GEO-000354,LWPOLYLINE,91.18636005927588,134.008936272081,0
GEO-000355,LWPOLYLINE,90.91119113176534,135.04610918298317,0
GEO-000356,SOLID,111.0195251379689,127.129774988376,0
GEO-000357,SOLID,111.0195251379689,126.3677736964652,0
GEO-000358,SOLID,111.0195251379689,127.129774988376,0
GEO-000359,SOLID,111.0195251379689,126.3677736964652,0
GEO-000360,LWPOLYLINE,110.3421911048506,126.76994553077509,0
GEO-000361,LWPOLYLINE,100.58435917108726,126.7911167191296,0
GEO-000362,LWPOLYLINE,92.30819282739822,126.74878510834395,0
GEO-000363,LWPOLYLINE,90.91119045889513,125.1824509137368,0
GEO-000364,LWPOLYLINE,90.911193150376,126.3254367027179,0
GEO-000365,LWPOLYLINE,90.91119180463556,127.447278218153,0
GEO-000366,LWPOLYLINE,91.18636005927588,127.447278218153,0
GEO-000367,LWPOLYLINE,90.91119113176534,128.48444574609354,0
GEO-000368,SOLID,111.0195251379689,119.97544208567959,0
GEO-000369,SOLID,111.0195251379689,119.2134515596922,0
GEO-000370,SOLID,111.0195251379689,119.97544208567959,0
GEO-000371,SOLID,111.0195251379689,119.2134515596922,0
GEO-000372,LWPOLYLINE,110.3421911048506,119.6156126280787,0
GEO-000373,LWPOLYLINE,100.58435917108726,119.63678381643315,0
GEO-000374,LWPOLYLINE,92.30819282739822,119.59445220564754,0
GEO-000375,LWPOLYLINE,90.91119045889513,118.028107245117,0
GEO-000376,LWPOLYLINE,90.911193150376,119.1710930340981,0
GEO-000377,LWPOLYLINE,90.91119180463556,120.29295608138,0
GEO-000378,LWPOLYLINE,91.18636005927588,120.2929345495332,0
GEO-000379,LWPOLYLINE,90.91119113176534,121.33010207747375,0
GEO-000380,LWPOLYLINE,130.7256906742135,140.5282788641084,0
GEO-000381,SOLID,148.717360032361,133.7126096136201,0
GEO-000382,SOLID,148.717360032361,132.9506083217093,0
GEO-000383,SOLID,148.717360032361,127.1509461767305,0
GEO-000384,SOLID,148.717360032361,126.3889448848197,0
GEO-000385,SOLID,148.717360032361,119.99660789107239,0
GEO-000386,SOLID,148.717360032361,119.234617365085,0
GEO-000387,SOLID,148.717360032361,140.9092741271021,0
GEO-000388,SOLID,148.717360032361,140.147278218153,0
GEO-000389,LWPOLYLINE,95.44085852513172,119.74260746043541,0
GEO-000390,LWPOLYLINE,95.99119234293164,119.7426074604355,0
GEO-000391,LWPOLYLINE,96.54152616073156,119.74260746043541,0
GEO-000392,LWPOLYLINE,97.59985814832453,119.7426182263588,0
GEO-000393,LWPOLYLINE,95.44085852513172,126.89694574609355,0
GEO-000394,LWPOLYLINE,95.99119234293164,126.8969511290552,0
GEO-000395,LWPOLYLINE,96.54152616073156,126.89694574609355,0
GEO-000396,LWPOLYLINE,97.59985814832453,126.8969511290552,0
GEO-000397,LWPOLYLINE,95.44085852513172,133.4586145659449,0
GEO-000398,LWPOLYLINE,95.99119234293164,133.4586199489066,0
GEO-000399,LWPOLYLINE,96.54152616073156,133.4586145659449,0
GEO-000400,LWPOLYLINE,97.59985814832453,133.4586091829832,0
GEO-000401,LWPOLYLINE,95.44085852513172,140.6552736964652,0
GEO-000402,LWPOLYLINE,95.99119234293164,140.6552736964652,0
GEO-000403,LWPOLYLINE,96.54152616073156,140.6552736964652,0
GEO-000404,LWPOLYLINE,97.59985814832453,140.65528446238858,0
GEO-000405,LWPOLYLINE,95.89084485285991,71.30058289934652,0
GEO-000406,LWPOLYLINE,97.49951065825282,71.30060443119332,0
GEO-000407,LWPOLYLINE,157.51822259757995,234.23430117282135,0
GEO-000408,LWPOLYLINE,157.41385989444814,194.93835033276451,0
GEO-000409,LWPOLYLINE,116.42250909719391,74.81425731747804,0
GEO-000410,LWPOLYLINE,116.4225131344152,73.98876937531224,0
GEO-000411,LWPOLYLINE,116.4225131344152,73.14209409590687,0
GEO-000412,LWPOLYLINE,117.18451308058545,74.962428721151,0
GEO-000413,LWPOLYLINE,117.69251394185945,74.962428721151,0
GEO-000414,LWPOLYLINE,120.31718146979995,73.98875860938885,0
GEO-000415,LWPOLYLINE,122.0105158797256,73.98875860938885,0
GEO-000416,LWPOLYLINE,125.31251071208234,73.98878014123564,0
GEO-000417,LWPOLYLINE,126.6248471675335,73.98876937531224,0
GEO-000418,LWPOLYLINE,128.31817888597834,73.98875860938885,0
GEO-000419,LWPOLYLINE,116.50169347335355,143.99961090553094,0
GEO-000420,LWPOLYLINE,116.5228606244869,143.1529356261256,0
GEO-000421,LWPOLYLINE,116.5228606244869,142.32744230099806,0
GEO-000422,LWPOLYLINE,117.28486057065714,144.1266165038111,0
GEO-000423,LWPOLYLINE,117.79286143193116,144.1266165038111,0
GEO-000424,LWPOLYLINE,120.41752895987165,143.15295177501065,0
GEO-000425,LWPOLYLINE,122.11086336979736,143.15295177501065,0
GEO-000426,LWPOLYLINE,125.41285820215406,143.15294100908727,0
GEO-000427,LWPOLYLINE,126.7251946576052,143.15294639204896,0
GEO-000428,LWPOLYLINE,128.41852637605007,143.15295177501065,0
GEO-000429,LWPOLYLINE,118.59719433462746,142.83544316227193,0
GEO-000430,LWPOLYLINE,116.50169347335355,136.80294639204897,0
GEO-000431,LWPOLYLINE,116.5228606244869,135.956281878567,0
GEO-000432,LWPOLYLINE,116.5228606244869,135.13077778751605,0
GEO-000433,LWPOLYLINE,117.28486057065714,136.92994122440575,0
GEO-000434,LWPOLYLINE,117.79286143193116,136.92994122440575,0
GEO-000435,LWPOLYLINE,120.41752895987165,135.95627649560527,0
GEO-000436,LWPOLYLINE,122.11086336979736,135.95627649560527,0
GEO-000437,LWPOLYLINE,125.41285820215406,135.95627649560527,0
GEO-000438,LWPOLYLINE,126.7251946576052,135.95627649560527,0
GEO-000439,LWPOLYLINE,128.41852637605007,135.95627649560527,0
GEO-000440,LWPOLYLINE,118.59719433462746,135.63876788286655,0
GEO-000441,LWPOLYLINE,116.50169347335355,129.98728252452236,0
GEO-000442,LWPOLYLINE,116.5228606244869,129.1406126280787,0
GEO-000443,LWPOLYLINE,116.5228606244869,128.3151085370278,0
GEO-000444,LWPOLYLINE,117.28486057065714,130.11428273984086,0
GEO-000445,LWPOLYLINE,117.79286143193116,130.11428273984086,0
GEO-000446,LWPOLYLINE,120.41752895987165,129.140607245117,0
GEO-000447,LWPOLYLINE,122.11086336979736,129.140607245117,0
GEO-000448,LWPOLYLINE,125.41285820215406,129.1406180110404,0
GEO-000449,LWPOLYLINE,126.7251946576052,129.1406126280787,0
GEO-000450,LWPOLYLINE,128.41852637605007,129.140607245117,0
GEO-000451,LWPOLYLINE,118.59719433462746,128.82310401534,0
GEO-000452,LWPOLYLINE,116.50169347335355,123.08694466950121,0
GEO-000453,LWPOLYLINE,116.5228606244869,122.2402801560192,0
GEO-000454,LWPOLYLINE,116.5228606244869,121.41477606496835,0
GEO-000455,LWPOLYLINE,117.28486057065714,123.21392873593454,0
GEO-000456,LWPOLYLINE,117.79286143193116,123.21392873593454,0
GEO-000457,LWPOLYLINE,120.41752895987165,122.24028553898094,0
GEO-000458,LWPOLYLINE,122.11086336979736,122.24028553898094,0
GEO-000459,LWPOLYLINE,125.41285820215406,122.24027477305751,0
GEO-000460,LWPOLYLINE,126.7251946576052,122.24028015601925,0
GEO-000461,LWPOLYLINE,128.41852637605007,122.24028553898094,0
GEO-000462,LWPOLYLINE,118.59719433462746,121.92278230920391,0
GEO-000463,LWPOLYLINE,167.34402239265842,147.64027477305754,0
GEO-000464,LWPOLYLINE,167.36518819805121,146.8359472533228,0
GEO-000465,LWPOLYLINE,167.36518819805121,145.98926659095576,0
GEO-000466,LWPOLYLINE,168.127189489962,147.80960659916155,0
GEO-000467,LWPOLYLINE,168.6351903512359,147.80960659916155,0
GEO-000468,LWPOLYLINE,171.2598524962146,146.8359526362845,0
GEO-000469,LWPOLYLINE,172.953192289102,146.8359526362845,0
GEO-000470,LWPOLYLINE,176.2551925044205,146.83594187036113,0
GEO-000471,LWPOLYLINE,177.5675262683908,146.83594187036113,0
GEO-000472,LWPOLYLINE,179.26086067831645,146.8359526362845,0
GEO-000473,LWPOLYLINE,169.43952325393215,146.47611241276024,0
GEO-000474,LWPOLYLINE,116.47605453134325,247.80214225761944,0
GEO-000475,LWPOLYLINE,116.4760585685645,246.9977985889997,0
GEO-000476,LWPOLYLINE,116.4760585685645,246.15112330959437,0
GEO-000477,LWPOLYLINE,117.23805851473504,247.97145793483844,0
GEO-000478,LWPOLYLINE,117.74605937600874,247.97145793483844,0
GEO-000479,LWPOLYLINE,120.37072690394935,246.9977878230763,0
GEO-000480,LWPOLYLINE,122.06406131387504,246.9977878230763,0
GEO-000481,LWPOLYLINE,125.36605614623181,246.9977878230763,0
GEO-000482,LWPOLYLINE,126.6783926016829,246.9977878230763,0
GEO-000483,LWPOLYLINE,128.37172432012775,246.9977878230763,0
GEO-000484,LWPOLYLINE,118.5503922787053,246.6379691313988,0
GEO-000485,LWPOLYLINE,116.47605453134325,241.24046267184474,0
GEO-000486,LWPOLYLINE,116.4760585685645,240.4361190032249,0
GEO-000487,LWPOLYLINE,116.4760585685645,239.58946525566637,0
GEO-000488,LWPOLYLINE,117.23805851473504,241.40977834906369,0
GEO-000489,LWPOLYLINE,117.74605937600874,241.40977834906369,0
GEO-000490,LWPOLYLINE,120.37072690394935,240.4361297691483,0
GEO-000491,LWPOLYLINE,122.06406131387504,240.4361297691483,0
GEO-000492,LWPOLYLINE,125.36605614623181,240.4361297691483,0
GEO-000493,LWPOLYLINE,126.6783926016829,240.4361297691483,0
GEO-000494,LWPOLYLINE,128.37172432012775,240.4361297691483,0
GEO-000495,LWPOLYLINE,118.5503922787053,240.07628954562404,0
GEO-000496,LWPOLYLINE,116.47605453134325,234.2343011728213,0
GEO-000497,LWPOLYLINE,116.4760585685645,233.4087916988087,0
GEO-000498,LWPOLYLINE,116.4760585685645,232.58330375664292,0
GEO-000499,LWPOLYLINE,117.23805851473504,234.38247257649425,0
GEO-000500,LWPOLYLINE,117.74605937600874,234.38247257649425,0
GEO-000501,LWPOLYLINE,120.37072690394935,233.4087809328853,0
GEO-000502,LWPOLYLINE,122.06406131387504,233.4087809328853,0
GEO-000503,LWPOLYLINE,125.36605614623181,233.4088024647321,0
GEO-000504,LWPOLYLINE,126.6783926016829,233.4087916988087,0
GEO-000505,LWPOLYLINE,128.37172432012775,233.4087809328853,0
GEO-000506,LWPOLYLINE,118.5503922787053,233.07012804660056,0
GEO-000507,LWPOLYLINE,116.47605453134325,227.39745535101684,0
GEO-000508,LWPOLYLINE,116.4760585685645,226.5931224483204,0
GEO-000509,LWPOLYLINE,116.4760585685645,225.7464687007618,0
GEO-000510,LWPOLYLINE,117.23805851473504,227.56678179415914,0
GEO-000511,LWPOLYLINE,117.74605937600874,227.56678179415914,0
GEO-000512,LWPOLYLINE,120.37072690394935,226.59312244832046,0
GEO-000513,LWPOLYLINE,122.06406131387504,226.59312244832046,0
GEO-000514,LWPOLYLINE,125.36605614623181,226.5931332142438,0
GEO-000515,LWPOLYLINE,126.6783926016829,226.59312244832046,0
GEO-000516,LWPOLYLINE,128.37172432012775,226.59312244832046,0
GEO-000517,LWPOLYLINE,118.5503922787053,226.23329299071946,0
GEO-000518,LWPOLYLINE,116.37169182821151,208.50619141756266,0
GEO-000519,LWPOLYLINE,116.37169586543276,207.7018692807897,0
GEO-000520,LWPOLYLINE,116.37169586543276,206.8552155332311,0
GEO-000521,LWPOLYLINE,117.13369581160305,208.67552862662842,0
GEO-000522,LWPOLYLINE,117.64169667287705,208.67552862662842,0
GEO-000523,LWPOLYLINE,120.26636420081745,207.70186928078965,0
GEO-000524,LWPOLYLINE,121.95969861074315,207.70186928078965,0
GEO-000525,LWPOLYLINE,125.26169344309994,207.70188004671306,0
GEO-000526,LWPOLYLINE,126.57402989855106,207.70186928078965,0
GEO-000527,LWPOLYLINE,128.2673616169959,207.70186928078965,0
GEO-000528,LWPOLYLINE,118.44602957557335,207.59602948790229,0
GEO-000529,LWPOLYLINE,116.37169182821151,201.9445333636347,0
GEO-000530,LWPOLYLINE,116.37169586543276,201.1401896950149,0
GEO-000531,LWPOLYLINE,116.37169586543276,200.29351441560954,0
GEO-000532,LWPOLYLINE,117.13369581160305,202.1138705727005,0
GEO-000533,LWPOLYLINE,117.64169667287705,202.1138705727005,0
GEO-000534,LWPOLYLINE,120.26636420081745,201.14017892909152,0
GEO-000535,LWPOLYLINE,121.95969861074315,201.14017892909152,0
GEO-000536,LWPOLYLINE,125.26169344309994,201.1402004609383,0
GEO-000537,LWPOLYLINE,126.57402989855106,201.1402004609383,0
GEO-000538,LWPOLYLINE,128.2673616169959,201.14017892909152,0
GEO-000539,LWPOLYLINE,118.44602957557335,201.03436066805097,0
GEO-000540,LWPOLYLINE,116.37169182821151,194.93837186461127,0
GEO-000541,LWPOLYLINE,116.37169586543276,194.1128623905987,0
GEO-000542,LWPOLYLINE,116.37169586543276,193.28737444843284,0
GEO-000543,LWPOLYLINE,117.13369581160305,195.08652173643745,0
GEO-000544,LWPOLYLINE,117.64169667287705,195.08652173643745,0
GEO-000545,LWPOLYLINE,120.26636420081745,194.11286239059865,0
GEO-000546,LWPOLYLINE,121.95969861074315,194.11286239059865,0
GEO-000547,LWPOLYLINE,125.26169344309994,194.11287315652206,0
GEO-000548,LWPOLYLINE,126.57402989855106,194.11286239059865,0
GEO-000549,LWPOLYLINE,128.2673616169959,194.11286239059865,0
GEO-000550,LWPOLYLINE,118.44602957557335,194.04936497442026,0
GEO-000551,LWPOLYLINE,116.37169182821151,188.10153680873015,0
GEO-000552,LWPOLYLINE,116.37169586543276,187.2971931401104,0
GEO-000553,LWPOLYLINE,116.37169586543276,186.45052862662834,0
GEO-000554,LWPOLYLINE,117.13369581160305,188.27085248594915,0
GEO-000555,LWPOLYLINE,117.64169667287705,188.27085248594915,0
GEO-000556,LWPOLYLINE,120.26636420081745,187.29718237418695,0
GEO-000557,LWPOLYLINE,121.95969861074315,187.29718237418695,0
GEO-000558,LWPOLYLINE,125.26169344309994,187.29720390603381,0
GEO-000559,LWPOLYLINE,126.57402989855106,187.29720390603381,0
GEO-000560,LWPOLYLINE,128.2673616169959,187.29718237418695,0
GEO-000561,LWPOLYLINE,118.44602957557335,187.19136411314645,0
GEO-000562,LWPOLYLINE,167.80669828776547,197.9016922788365,0
GEO-000563,LWPOLYLINE,167.8066929048037,197.0762043366707,0
GEO-000564,LWPOLYLINE,167.80669828776547,196.2506948626581,0
GEO-000565,LWPOLYLINE,168.56868881375289,198.04986368250945,0
GEO-000566,LWPOLYLINE,169.0766896750267,198.04986368250945,0
GEO-000567,LWPOLYLINE,171.70136258592902,197.07620433667074,0
GEO-000568,LWPOLYLINE,173.39469161289296,197.07620433667074,0
GEO-000569,LWPOLYLINE,176.69669182821139,197.07619357074736,0
GEO-000570,LWPOLYLINE,178.0090255921817,197.07619357074736,0
GEO-000571,LWPOLYLINE,179.70234923618395,197.07620433667074,0
GEO-000572,LWPOLYLINE,169.88103334364666,196.73752991853925,0
GEO-000573,LWPOLYLINE,167.9110609908972,237.70562244832047,0
GEO-000574,LWPOLYLINE,167.9110556079356,236.8801345061546,0
GEO-000575,LWPOLYLINE,167.9110609908972,236.05464656398885,0
GEO-000576,LWPOLYLINE,168.6730515168847,237.8537938519934,0
GEO-000577,LWPOLYLINE,169.1810523781586,237.8537938519934,0
GEO-000578,LWPOLYLINE,171.8057252890609,236.88013450615455,0
GEO-000579,LWPOLYLINE,173.4990543160248,236.88013450615455,0
GEO-000580,LWPOLYLINE,176.8010545313433,236.8801237402312,0
GEO-000581,LWPOLYLINE,178.1133882953136,236.8801237402312,0
GEO-000582,LWPOLYLINE,179.8067119393158,236.88013450615455,0
GEO-000583,LWPOLYLINE,169.98539604677842,236.5414600880231,0
GEO-000584,LWPOLYLINE,113.7667291647933,227.71496396375562,0
GEO-000585,LWPOLYLINE,113.7667291647933,221.25912417086815,0
GEO-000586,LWPOLYLINE,113.7667291647933,232.56212718532674,0
GEO-000587,LWPOLYLINE,113.8090607755789,210.8426761591933,0
GEO-000588,LWPOLYLINE,130.72569874865604,133.3316143506264,0
GEO-000589,LWPOLYLINE,130.72569874865604,126.7699347648517,0
GEO-000590,LWPOLYLINE,130.72569874865604,119.6156018621553,0
GEO-000591,LWPOLYLINE,130.62535125858435,71.32177023658612,0
GEO-000592,LWPOLYLINE,118.6661813621407,73.94642699860327,0
GEO-000593,LWPOLYLINE,116.73005496198024,258.1949618105708,0
GEO-000594,LWPOLYLINE,118.33872615033471,258.1949618105708,0
GEO-000595,LWPOLYLINE,118.0635599143049,258.1737960051781,0
GEO-000596,LWPOLYLINE,119.96855776112031,258.1949618105708,0
GEO-000597,LWPOLYLINE,121.5772235665131,258.1949618105708,0
GEO-000598,LWPOLYLINE,121.7253895872244,257.7716241708682,0
GEO-000599,LWPOLYLINE,123.20705786877949,258.1949618105708,0
GEO-000600,LWPOLYLINE,122.93189163274985,258.1737960051781,0
GEO-000601,LWPOLYLINE,124.81572367417226,258.1949618105708,0
GEO-000602,LWPOLYLINE,124.81572367417226,258.1949618105708,0
GEO-000603,LWPOLYLINE,266.7593715813614,242.36570573647708,0
GEO-000604,LWPOLYLINE,267.0557036227839,242.36570573647708,0
GEO-000605,LWPOLYLINE,266.7593715813614,243.6991945399168,0
GEO-000606,LWPOLYLINE,266.8440348029326,244.7363620678573,0
GEO-000607,LWPOLYLINE,267.96594922417535,202.4891136846481,0
GEO-000608,LWPOLYLINE,268.2834686028375,202.4891136846481,0
GEO-000609,LWPOLYLINE,267.96594922417535,203.8226240199346,0
GEO-000610,LWPOLYLINE,268.092965588379,204.8597915478751,0
GEO-000611,LWPOLYLINE,266.3352540160563,145.2372231281829,0
GEO-000612,LWPOLYLINE,266.6527733947184,145.23723389410628,0
GEO-000613,LWPOLYLINE,266.3352540160563,146.57073884643106,0
GEO-000614,LWPOLYLINE,266.4622703802599,147.5867405689788,0
GEO-000615,LWPOLYLINE,113.7555099584676,104.0877719591338,0
GEO-000616,LWPOLYLINE,113.7555099584676,97.61076636085369,0
GEO-000617,SOLID,111.0195251379689,168.78578101729312,0
GEO-000618,SOLID,111.0195251379689,168.0237797253823,0
GEO-000619,SOLID,111.0195251379689,168.78578101729312,0
GEO-000620,SOLID,111.0195251379689,168.0237797253823,0
GEO-000621,LWPOLYLINE,110.3421911048506,168.42595155969218,0
GEO-000622,LWPOLYLINE,100.58435917108726,168.44711736508495,0
GEO-000623,LWPOLYLINE,92.30819282739822,168.404774988376,0
GEO-000624,LWPOLYLINE,90.91119045889513,166.8384407937688,0
GEO-000625,LWPOLYLINE,90.911193150376,167.9814373486733,0
GEO-000626,LWPOLYLINE,90.91119180463556,169.1032788641084,0
GEO-000627,LWPOLYLINE,91.18636005927588,169.1032788641084,0
GEO-000628,LWPOLYLINE,90.91119113176534,170.14044639204894,0
GEO-000629,SOLID,111.0195251379689,161.58910573788768,0
GEO-000630,SOLID,111.0195251379689,160.8271044459769,0
GEO-000631,SOLID,111.0195251379689,161.58910573788768,0
GEO-000632,SOLID,111.0195251379689,160.8271044459769,0
GEO-000633,LWPOLYLINE,110.3421911048506,161.2292762802868,0
GEO-000634,LWPOLYLINE,100.58435917108726,161.2504420856796,0
GEO-000635,LWPOLYLINE,92.30819282739822,161.208110474894,0
GEO-000636,LWPOLYLINE,90.91119045889513,159.6417978121336,0
GEO-000637,LWPOLYLINE,90.911193150376,160.7847620692679,0
GEO-000638,LWPOLYLINE,90.91119180463556,161.90660358470302,0
GEO-000639,LWPOLYLINE,91.18636005927588,161.90660358470302,0
GEO-000640,LWPOLYLINE,90.91119113176534,162.94377111264362,0
GEO-000641,SOLID,111.0195251379689,154.9851160731742,0
GEO-000642,SOLID,111.0195251379689,154.22310401534,0
GEO-000643,SOLID,111.0195251379689,154.9851160731742,0
GEO-000644,SOLID,111.0195251379689,154.22310401534,0
GEO-000645,LWPOLYLINE,110.3421911048506,154.6252758496499,0
GEO-000646,LWPOLYLINE,100.58435917108726,154.66761822635885,0
GEO-000647,LWPOLYLINE,92.30819282739822,154.60411004425703,0
GEO-000648,LWPOLYLINE,90.91119045889513,153.03778123261156,0
GEO-000649,LWPOLYLINE,90.911193150376,154.18077240455438,0
GEO-000650,LWPOLYLINE,90.91119180463556,155.3026031540661,0
GEO-000651,LWPOLYLINE,91.18636005927588,155.30261391998948,0
GEO-000652,LWPOLYLINE,90.91119113176534,156.33978144793005,0
GEO-000653,SOLID,111.0195251379689,147.87311478126338,0
GEO-000654,SOLID,111.0195251379689,147.1111134893526,0
GEO-000655,SOLID,111.0195251379689,147.87311478126338,0
GEO-000656,SOLID,111.0195251379689,147.1111134893526,0
GEO-000657,LWPOLYLINE,110.3421911048506,147.5132745577391,0
GEO-000658,LWPOLYLINE,100.58435917108726,147.53443498017015,0
GEO-000659,LWPOLYLINE,92.30819282739822,147.49210875234627,0
GEO-000660,LWPOLYLINE,90.91119045889513,145.92577994070075,0
GEO-000661,LWPOLYLINE,90.911193150376,147.0687764956053,0
GEO-000662,LWPOLYLINE,90.91119180463556,148.190607245117,0
GEO-000663,LWPOLYLINE,91.18636005927588,148.190607245117,0
GEO-000664,LWPOLYLINE,90.91119113176534,149.2277747730575,0
GEO-000665,LWPOLYLINE,130.7256906742135,168.4259407937688,0
GEO-000666,LWPOLYLINE,95.44085852513172,147.6402693900958,0
GEO-000667,LWPOLYLINE,95.99119099719121,147.6402801560192,0
GEO-000668,LWPOLYLINE,96.5415234692507,147.6402693900958,0
GEO-000669,LWPOLYLINE,97.59985814832453,147.64028015601917,0
GEO-000670,LWPOLYLINE,95.44085852513172,154.75228144793,0
GEO-000671,LWPOLYLINE,95.99119234293164,154.7522706820067,0
GEO-000672,LWPOLYLINE,96.54152616073156,154.75228144793,0
GEO-000673,LWPOLYLINE,97.59985814832453,154.75229221385342,0
GEO-000674,LWPOLYLINE,95.44085852513172,161.35627111264358,0
GEO-000675,LWPOLYLINE,95.99119234293164,161.356281878567,0
GEO-000676,LWPOLYLINE,96.54152616073156,161.35627111264358,0
GEO-000677,LWPOLYLINE,97.59985814832453,161.35628187856702,0
GEO-000678,LWPOLYLINE,95.44085852513172,168.55293562612553,0
GEO-000679,LWPOLYLINE,95.99119234293164,168.5529356261256,0
GEO-000680,LWPOLYLINE,96.54152616073156,168.55293562612553,0
GEO-000681,LWPOLYLINE,97.59985814832453,168.5529571579723,0
GEO-000682,LWPOLYLINE,116.50169347335355,171.8761177957219,0
GEO-000683,LWPOLYLINE,116.5228606244869,171.0506083217093,0
GEO-000684,LWPOLYLINE,116.5228606244869,170.22509884769676,0
GEO-000685,LWPOLYLINE,117.28486057065714,172.0242676675481,0
GEO-000686,LWPOLYLINE,117.79286143193116,172.0242676675481,0
GEO-000687,LWPOLYLINE,120.41752895987165,171.05059755578588,0
GEO-000688,LWPOLYLINE,122.11086336979736,171.05059755578588,0
GEO-000689,LWPOLYLINE,125.41285820215406,171.05061908763275,0
GEO-000690,LWPOLYLINE,126.7251946576052,171.05061908763275,0
GEO-000691,LWPOLYLINE,128.41852637605007,171.05059755578588,0
GEO-000692,LWPOLYLINE,118.59719433462746,170.71194466950124,0
GEO-000693,LWPOLYLINE,116.50169347335355,164.67944251631656,0
GEO-000694,LWPOLYLINE,116.5228606244869,163.8539545741507,0
GEO-000695,LWPOLYLINE,116.5228606244869,163.02845586606156,0
GEO-000696,LWPOLYLINE,117.28486057065714,164.82761391998952,0
GEO-000697,LWPOLYLINE,117.79286143193116,164.82761391998952,0
GEO-000698,LWPOLYLINE,120.41752895987165,163.85395457415075,0
GEO-000699,LWPOLYLINE,122.11086336979736,163.85395457415075,0
GEO-000700,LWPOLYLINE,125.41285820215406,163.85394380822734,0
GEO-000701,LWPOLYLINE,126.7251946576052,163.85394380822734,0
GEO-000702,LWPOLYLINE,128.41852637605007,163.85395457415075,0
GEO-000703,LWPOLYLINE,118.59719433462746,163.51528015601926,0
GEO-000704,LWPOLYLINE,116.50169347335355,157.86378403175166,0
GEO-000705,LWPOLYLINE,116.5228606244869,157.0382637918156,0
GEO-000706,LWPOLYLINE,116.5228606244869,156.21277584964986,0
GEO-000707,LWPOLYLINE,117.28486057065714,158.0119446695012,0
GEO-000708,LWPOLYLINE,117.79286143193116,158.0119446695012,0
GEO-000709,LWPOLYLINE,120.41752895987165,157.03827455773904,0
GEO-000710,LWPOLYLINE,122.11086336979736,157.03827455773904,0
GEO-000711,LWPOLYLINE,125.41285820215406,157.03826379181567,0
GEO-000712,LWPOLYLINE,126.7251946576052,157.03827455773904,0
GEO-000713,LWPOLYLINE,128.41852637605007,157.03827455773904,0
GEO-000714,LWPOLYLINE,118.59719433462746,156.69961090553096,0
GEO-000715,LWPOLYLINE,116.50169347335355,150.96344617673046,0
GEO-000716,LWPOLYLINE,116.5228606244869,150.137952851603,0
GEO-000717,LWPOLYLINE,116.5228606244869,149.31243799462874,0
GEO-000718,LWPOLYLINE,117.28486057065714,151.11161219744176,0
GEO-000719,LWPOLYLINE,117.79286143193116,151.11161219744176,0
GEO-000720,LWPOLYLINE,120.41752895987165,150.1379474686413,0
GEO-000721,LWPOLYLINE,122.11086336979736,150.1379474686413,0
GEO-000722,LWPOLYLINE,125.41285820215406,150.1379367027179,0
GEO-000723,LWPOLYLINE,126.7251946576052,150.13794208567958,0
GEO-000724,LWPOLYLINE,128.41852637605007,150.1379474686413,0
GEO-000725,LWPOLYLINE,118.59719433462746,149.79928381643316,0
GEO-000726,LWPOLYLINE,130.72569471143476,161.2292870462102,0
GEO-000727,LWPOLYLINE,130.72569471143476,154.6252758496499,0
GEO-000728,LWPOLYLINE,130.72569471143476,147.5132853236624,0
GEO-000729,SOLID,148.717360032361,161.6102823092039,0
GEO-000730,SOLID,148.717360032361,160.84828101729312,0
GEO-000731,SOLID,148.717360032361,155.006281878567,0
GEO-000732,SOLID,148.717360032361,154.24426982073282,0
GEO-000733,SOLID,148.717360032361,147.8942752036945,0
GEO-000734,SOLID,148.717360032361,147.1322739117837,0
GEO-000735,SOLID,148.717360032361,168.80694682268592,0
GEO-000736,SOLID,148.717360032361,168.0449455307751,0
GEO-000737,SOLID,110.91917764789716,78.878264207669,0
GEO-000738,SOLID,110.91917764789716,78.1162521498348,0
GEO-000739,SOLID,110.91917764789716,78.878264207669,0
GEO-000740,SOLID,110.91917764789716,78.1162521498348,0
GEO-000741,LWPOLYLINE,110.2418436147788,78.5184239841447,0
GEO-000742,LWPOLYLINE,100.48401168101555,78.53960055546091,0
GEO-000743,LWPOLYLINE,92.20784533732649,78.47609237335912,0
GEO-000744,LWPOLYLINE,90.81084296882341,76.93092398414471,0
GEO-000745,LWPOLYLINE,90.81084566030427,78.0739313049726,0
GEO-000746,LWPOLYLINE,90.81084431456384,79.17460701501494,0
GEO-000747,LWPOLYLINE,91.08601256920417,79.17460701501494,0
GEO-000748,LWPOLYLINE,90.81084364169362,80.23292958242487,0
GEO-000749,LWPOLYLINE,95.89084485285991,78.45492656796631,0
GEO-000750,LWPOLYLINE,97.49951065825282,78.45492656796631,0
GEO-000751,LWPOLYLINE,116.42250909719391,81.94743518070504,0
GEO-000752,LWPOLYLINE,116.4225131344152,81.10075990129965,0
GEO-000753,LWPOLYLINE,116.4225131344152,80.29641623267987,0
GEO-000754,LWPOLYLINE,117.18451308058545,82.07441924713842,0
GEO-000755,LWPOLYLINE,117.69251394185945,82.07441924713842,0
GEO-000756,LWPOLYLINE,120.31718146979995,81.10074913537626,0
GEO-000757,LWPOLYLINE,122.0105158797256,81.10074913537626,0
GEO-000758,LWPOLYLINE,125.31251071208234,81.10074913537626,0
GEO-000759,LWPOLYLINE,126.6248471675335,81.10075990129965,0
GEO-000760,LWPOLYLINE,128.31817888597834,81.10074913537626,0
GEO-000761,LWPOLYLINE,118.66617867065986,81.07959409590686,0
GEO-000762,SOLID,110.91917764789716,86.66759280399606,0
GEO-000763,SOLID,110.91917764789716,85.90559151208525,0
GEO-000764,SOLID,110.91917764789716,86.66759280399606,0
GEO-000765,SOLID,110.91917764789716,85.90559151208525,0
GEO-000766,LWPOLYLINE,110.2418436147788,86.30775258047176,0
GEO-000767,LWPOLYLINE,100.48401168101555,86.32893991771132,0
GEO-000768,LWPOLYLINE,92.20784533732649,86.26543173560955,0
GEO-000769,LWPOLYLINE,90.81084296882341,84.72026334639514,0
GEO-000770,LWPOLYLINE,90.81084566030427,85.86324913537626,0
GEO-000771,LWPOLYLINE,90.81084431456384,86.96394637726537,0
GEO-000772,LWPOLYLINE,91.08601256920417,86.96392484541857,0
GEO-000773,LWPOLYLINE,90.81084364169362,88.02225817875191,0
GEO-000774,LWPOLYLINE,95.89084485285991,86.24425516429336,0
GEO-000775,LWPOLYLINE,97.49951065825282,86.24426593021676,0
GEO-000776,LWPOLYLINE,116.42250909719391,89.73677454295547,0
GEO-000777,LWPOLYLINE,116.4225131344152,88.93243087433567,0
GEO-000778,LWPOLYLINE,116.4225131344152,88.08575559493029,0
GEO-000779,LWPOLYLINE,117.18451308058545,89.90609022017446,0
GEO-000780,LWPOLYLINE,117.69251394185945,89.90609022017446,0
GEO-000781,LWPOLYLINE,120.31718146979995,88.93242010841229,0
GEO-000782,LWPOLYLINE,122.0105158797256,88.93242010841229,0
GEO-000783,LWPOLYLINE,125.31251071208234,88.93244164025906,0
GEO-000784,LWPOLYLINE,126.6248471675335,88.93244164025906,0
GEO-000785,LWPOLYLINE,128.31817888597834,88.93242010841229,0
GEO-000786,LWPOLYLINE,118.66617867065986,88.86893345815729,0
GEO-000787,SOLID,110.91917764789716,94.20293173560955,0
GEO-000788,SOLID,110.91917764789716,93.44093044369875,0
GEO-000789,SOLID,110.91917764789716,94.20293173560955,0
GEO-000790,SOLID,110.91917764789716,93.44093044369875,0
GEO-000791,LWPOLYLINE,110.2418436147788,93.84310227800864,0
GEO-000792,LWPOLYLINE,100.48401168101555,93.86428961524821,0
GEO-000793,LWPOLYLINE,92.20784533732649,93.80077066722305,0
GEO-000794,LWPOLYLINE,90.81084296882341,92.25559151208525,0
GEO-000795,LWPOLYLINE,90.81084566030427,93.39859883291317,0
GEO-000796,LWPOLYLINE,90.81084431456384,94.49927454295545,0
GEO-000797,LWPOLYLINE,91.08601256920417,94.49927454295545,0
GEO-000798,LWPOLYLINE,90.81084364169362,95.5575971103654,0
GEO-000799,LWPOLYLINE,95.89084485285991,93.77959409590686,0
GEO-000800,LWPOLYLINE,97.49951065825282,93.77959409590686,0
GEO-000801,LWPOLYLINE,116.42250909719391,97.27210270864558,0
GEO-000802,LWPOLYLINE,116.4225131344152,96.42542742924019,0
GEO-000803,LWPOLYLINE,116.4225131344152,95.62110529246718,0
GEO-000804,LWPOLYLINE,117.18451308058545,97.39910830692574,0
GEO-000805,LWPOLYLINE,117.69251394185945,97.39910830692574,0
GEO-000806,LWPOLYLINE,120.31718146979995,96.42541666331681,0
GEO-000807,LWPOLYLINE,122.0105158797256,96.42541666331681,0
GEO-000808,LWPOLYLINE,125.31251071208234,96.4254381951636,0
GEO-000809,LWPOLYLINE,126.6248471675335,96.42542742924022,0
GEO-000810,LWPOLYLINE,128.31817888597834,96.42541666331681,0
GEO-000811,LWPOLYLINE,118.66617867065986,96.4042723897708,0
GEO-000812,LWPOLYLINE,157.46467716343057,83.68310658437801,0
GEO-000813,LWPOLYLINE,167.8575155567479,86.66758203807267,0
GEO-000814,LWPOLYLINE,167.85751017378618,85.84209409590687,0
GEO-000815,LWPOLYLINE,167.8575155567479,84.99544034834827,0
GEO-000816,LWPOLYLINE,168.61950608273537,86.81577497359241,0
GEO-000817,LWPOLYLINE,169.1275069440091,86.81577497359241,0
GEO-000818,LWPOLYLINE,171.7521798549114,85.84208332998347,0
GEO-000819,LWPOLYLINE,173.4455088818754,85.84208332998347,0
GEO-000820,LWPOLYLINE,176.74750909719387,85.84210486183025,0
GEO-000821,LWPOLYLINE,178.0598428611641,85.84209409590684,0
GEO-000822,LWPOLYLINE,179.7531665051664,85.84208332998347,0
GEO-000823,SOLID,148.6170125422893,94.22410830692573,0
GEO-000824,SOLID,148.6170125422893,93.46210701501494,0
GEO-000825,LWPOLYLINE,130.6253431841418,93.84311304393204,0
GEO-000826,SOLID,148.6170125422893,86.68876937531223,0
GEO-000827,SOLID,148.6170125422893,85.92676808340144,0
GEO-000828,LWPOLYLINE,130.6253431841418,86.30778487824192,0
GEO-000829,SOLID,148.6170125422893,78.8994407789852,0
GEO-000830,SOLID,148.6170125422893,78.137428721151,0
GEO-000831,LWPOLYLINE,130.6253431841418,78.51844551599149,0
GEO-000832,SOLID,148.6170125422893,71.70276549957983,0
GEO-000833,SOLID,148.6170125422893,70.94077497359241,0
GEO-000834,LWPOLYLINE,113.7555153414294,94.37226894467531,0
GEO-000835,LWPOLYLINE,113.7555153414294,87.95877152849692,0
GEO-000836,LWPOLYLINE,113.7555153414294,81.48177669614014,0
GEO-000837,LWPOLYLINE,113.7555153414294,75.17410830692575,0
GEO-000838,LWPOLYLINE,113.7555153414294,68.69710270864559,0
GEO-000839,CIRCLE,264.6314733509855,101.7662962156288,0
GEO-000840,LWPOLYLINE,264.03883790883935,103.0363091347368,0
GEO-000841,LWPOLYLINE,265.1818452296673,103.0363091347368,0
GEO-000842,LWPOLYLINE,265.1606794242746,103.5443099960107,0
GEO-000843,LWPOLYLINE,264.6738443683935,97.49064203743325,0
GEO-000844,LWPOLYLINE,264.6526893289241,93.36313773106389,0
GEO-000845,LWPOLYLINE,264.6526893289241,95.58563342469452,0
GEO-000846,LWPOLYLINE,264.65270009484743,94.484979246499,0
GEO-000847,LWPOLYLINE,264.6315342894545,107.37548226095751,0
GEO-000848,LWPOLYLINE,264.6315342894545,106.2112983688134,0
GEO-000849,LWPOLYLINE,264.6315342894545,105.0471467744395,0
GEO-000850,CIRCLE,264.5891202083531,110.6986536646305,0
GEO-000851,LWPOLYLINE,264.61035771813846,110.67747709331431,0
GEO-000852,LWPOLYLINE,264.61035771813846,110.6986536646305,0
GEO-000853,LWPOLYLINE,264.1658435071196,111.96864505189174,0
GEO-000854,LWPOLYLINE,265.18184522966726,112.5613091347368,0
GEO-000855,LWPOLYLINE,265.1818452296673,111.96864505189174,0
GEO-000856,LWPOLYLINE,265.18184522966726,111.3759809690467,0
GEO-000857,SOLID,232.6063411386165,84.0641018473717,0
GEO-000858,SOLID,232.6063411386165,83.3020897895375,0
GEO-000859,LWPOLYLINE,266.74817942427444,92.7434146232998,0
GEO-000860,LWPOLYLINE,267.0656988029366,92.7434361551466,0
GEO-000861,LWPOLYLINE,266.74817942427444,94.07691419266287,0
GEO-000862,LWPOLYLINE,266.8751957884781,95.092926681134,0
GEO-000863,LWPOLYLINE,900.7977079145624,287.7820357428656,0
GEO-000864,LWPOLYLINE,903.443519716049,287.7820357428656,0
GEO-000865,LWPOLYLINE,905.7930102420364,287.7820357428656,0
GEO-000866,LWPOLYLINE,905.8353633846689,288.9673746744791,0
GEO-000867,LWPOLYLINE,907.8249921552851,287.7820357428656,0
GEO-000868,LWPOLYLINE,907.5075266062399,287.8667097303603,0
GEO-000869,LWPOLYLINE,910.0263435753698,287.7820357428656,0
GEO-000870,LWPOLYLINE,870.4870042131192,148.63236821492512,0
GEO-000871,LWPOLYLINE,748.6093417451627,297.0953669230143,0
GEO-000872,LWPOLYLINE,747.5721647970392,148.6323682149251,0
GEO-000873,LWPOLYLINE,748.799831302217,148.63236821492512,0
GEO-000874,LWPOLYLINE,949.1846769087031,148.63236821492512,0
GEO-000875,LWPOLYLINE,946.8140205773227,148.63236821492512,0
GEO-000876,LWPOLYLINE,907.4439968922914,148.63236821492512,0
GEO-000877,LWPOLYLINE,945.607505074393,3.5560383266872817,0
GEO-000878,LWPOLYLINE,945.607505074393,293.7086981031629,0
GEO-000879,LWPOLYLINE,748.6093417451627,148.63236821492512,0
GEO-000880,LWPOLYLINE,586.6687882694853,243.3681102242531,0
GEO-000881,LWPOLYLINE,602.9036217643074,243.3681102242531,0
GEO-000882,LWPOLYLINE,648.7464313365415,243.3681102242531,0
GEO-000883,LWPOLYLINE,745.4133959452172,243.3681102242531,0
GEO-000884,SOLID,578.7101197726117,243.77026052671619,0
GEO-000885,SOLID,578.7101197726117,243.0082700007288,0
GEO-000886,SOLID,578.7101197726117,243.77026052671619,0
GEO-000887,SOLID,578.7101197726117,243.0082700007288,0
GEO-000888,LWPOLYLINE,578.0327857394933,243.41042030319193,0
GEO-000889,LWPOLYLINE,568.27495380573,243.4315968745081,0
GEO-000890,LWPOLYLINE,687.5607397486272,259.71730196055427,0
GEO-000891,LWPOLYLINE,687.5607451315889,256.52113615516146,0
GEO-000892,SOLID,692.0269077072046,256.90212065223176,0
GEO-000893,SOLID,692.0269077072046,256.24595915320833,0
GEO-000894,LWPOLYLINE,691.1802485766843,256.4999488179219,0
GEO-000895,LWPOLYLINE,686.1849085684785,257.4736296956074,0
GEO-000896,CIRCLE,682.7980918421244,260.1829712110425,0
GEO-000897,LWPOLYLINE,687.5607505145506,258.25679679291096,0
GEO-000898,LWPOLYLINE,687.5607397486272,258.9764664740362,0
GEO-000899,LWPOLYLINE,687.5819163199434,258.61663701643533,0
GEO-000900,LWPOLYLINE,681.6129169658988,261.36829937673264,0
GEO-000901,LWPOLYLINE,682.6924053387015,261.36829937673264,0
GEO-000902,LWPOLYLINE,683.8142360882132,261.36829937673264,0
GEO-000903,LWPOLYLINE,645.215789292248,245.421268708818,0
GEO-000904,LWPOLYLINE,643.9881295157722,246.03510936297926,0
GEO-000905,LWPOLYLINE,644.0092899382034,243.3892652637225,0
GEO-000906,LWPOLYLINE,642.7604535904115,244.59577000072875,0
GEO-000907,ARC,639.5335043298403,246.781568759251,0
GEO-000908,LWPOLYLINE,638.273125209403,247.91890910663153,0
GEO-000909,LWPOLYLINE,639.3949559589147,247.91890910663153,0
GEO-000910,LWPOLYLINE,639.5642931679804,247.66491944191802,0
GEO-000911,LWPOLYLINE,640.5591183192121,247.91891987255497,0
GEO-000912,LWPOLYLINE,765.4424462695837,243.3892652637225,0
GEO-000913,SOLID,765.9504686627043,243.28343623675852,0
GEO-000914,SOLID,766.3102873543819,242.77543537548465,0
GEO-000915,LWPOLYLINE,763.7279514372267,241.7806102242531,0
GEO-000916,LWPOLYLINE,764.8497714208152,241.7806102242531,0
GEO-000917,LWPOLYLINE,765.040306733044,241.50543322229996,0
GEO-000918,LWPOLYLINE,765.9716237021737,241.7806102242531,0
GEO-000919,LWPOLYLINE,767.0088019960376,241.6747596654423,0
GEO-000920,LWPOLYLINE,713.9651243481292,253.99376440244865,0
GEO-000921,LWPOLYLINE,713.9651297310909,253.99377516837205,0
GEO-000922,LWPOLYLINE,713.4994443317174,255.15791599682257,0
GEO-000923,LWPOLYLINE,714.5366333915048,255.1579375286693,0
GEO-000924,LWPOLYLINE,719.8282946752097,253.99376440244865,0
GEO-000925,LWPOLYLINE,719.8282946752097,253.99377516837205,0
GEO-000926,LWPOLYLINE,719.8282946752097,256.9147639718117,0
GEO-000927,LWPOLYLINE,719.764786493108,255.1579375286693,0
GEO-000928,LWPOLYLINE,719.6377862777894,255.1791033340621,0
GEO-000929,LWPOLYLINE,720.357450575953,255.1579375286693,0
GEO-000930,LWPOLYLINE,738.0528067330439,243.4104310691153,0
GEO-000931,LWPOLYLINE,730.4116280085432,245.3577605267162,0
GEO-000932,LWPOLYLINE,730.4116280085432,245.3154289159306,0
GEO-000933,LWPOLYLINE,738.0739617725133,246.83943149975227,0
GEO-000934,LWPOLYLINE,739.5767985509422,245.12493666739545,0
GEO-000935,LWPOLYLINE,738.0739617725133,246.3314306384784,0
GEO-000936,LWPOLYLINE,738.0527959671205,250.07791815000718,0
GEO-000937,CIRCLE,743.5560597760705,248.4904289159306,0
GEO-000938,LWPOLYLINE,738.0527959671206,253.86675880416846,0
GEO-000939,LWPOLYLINE,730.7502916607511,253.6339241789243,0
GEO-000940,LWPOLYLINE,731.8509566048701,253.909090414954,0
GEO-000941,LWPOLYLINE,733.057450575953,253.909090414954,0
GEO-000942,LWPOLYLINE,734.2639553129593,253.909090414954,0
GEO-000943,LWPOLYLINE,735.491615089435,253.909090414954,0
GEO-000944,LWPOLYLINE,736.5711142281612,253.909090414954,0
GEO-000945,LWPOLYLINE,730.4327830480125,249.10425880416847,0
GEO-000946,LWPOLYLINE,730.4327830480125,250.141426332109,0
GEO-000947,LWPOLYLINE,730.4327830480125,251.3479310691153,0
GEO-000948,LWPOLYLINE,730.4327830480125,252.575590845591,0
GEO-000949,LWPOLYLINE,727.554115089435,243.62208912304325,0
GEO-000950,LWPOLYLINE,727.4271202570782,243.6220998889667,0
GEO-000951,LWPOLYLINE,728.4854428244881,243.62209988896666,0
GEO-000952,LWPOLYLINE,728.5066193958044,244.1724323610261,0
GEO-000953,LWPOLYLINE,729.5649527291376,243.5374366673954,0
GEO-000954,LWPOLYLINE,727.554115089435,246.9875921375018,0
GEO-000955,LWPOLYLINE,727.4271202570782,247.0087579428946,0
GEO-000956,LWPOLYLINE,728.527785201197,246.9876136693486,0
GEO-000957,LWPOLYLINE,729.7131348987341,246.9240947213234,0
GEO-000958,LWPOLYLINE,743.0481198264412,249.63342547083516,0
GEO-000959,LWPOLYLINE,742.9211249940845,249.6334254708351,0
GEO-000960,LWPOLYLINE,744.0429557435962,249.63342547083516,0
GEO-000961,LWPOLYLINE,738.0739510065899,253.90909041495405,0
GEO-000962,LWPOLYLINE,723.2361293004537,254.0361067791576,0
GEO-000963,LWPOLYLINE,724.463799842853,254.0361067791576,0
GEO-000964,LWPOLYLINE,725.6914596193285,254.0361067791576,0
GEO-000965,LWPOLYLINE,726.9402959671205,253.73976397181164,0
GEO-000966,LWPOLYLINE,727.384799412216,252.63909902769274,0
GEO-000967,LWPOLYLINE,727.384799412216,251.4537708620027,0
GEO-000968,LWPOLYLINE,727.384799412216,250.2472768909198,0
GEO-000969,LWPOLYLINE,727.384799412216,249.14660118087744,0
GEO-000970,SOLID,868.3122916642365,183.6714848533203,0
GEO-000971,SOLID,868.3189242180356,148.55369813382225,0
GEO-000972,SOLID,868.3122916642365,183.6714848533203,0
GEO-000973,SOLID,868.3122916642365,182.93066013272568,0
GEO-000974,LWPOLYLINE,867.6349858916672,183.3116553957194,0
GEO-000975,LWPOLYLINE,857.8772649612612,183.33944226567553,0
GEO-000976,LWPOLYLINE,851.5484522985008,183.3394261167905,0
GEO-000977,LWPOLYLINE,851.5272972590312,184.0167695700918,0
GEO-000978,LWPOLYLINE,852.7549462695836,183.33943688271393,0
GEO-000979,LWPOLYLINE,563.6817869775745,243.47393925121708,0
GEO-000980,LWPOLYLINE,565.2904527829673,243.4739284852937,0
GEO-000981,LWPOLYLINE,621.697465175602,243.3681102242531,0
GEO-000982,LWPOLYLINE,819.0152744352738,183.2970998889666,0
GEO-000983,LWPOLYLINE,638.3789488534053,246.31026483308557,0
GEO-000984,LWPOLYLINE,638.4847886462926,245.6964349448477,0
GEO-000985,LWPOLYLINE,639.3949559589147,246.31026483308557,0
GEO-000986,LWPOLYLINE,640.2204546670039,246.31026483308557,0
GEO-000987,LWPOLYLINE,640.326283693968,245.6964349448477,0
GEO-000988,LWPOLYLINE,681.1684027548799,259.2727985154587,0
GEO-000989,LWPOLYLINE,681.2742371648055,258.6589686272209,0
GEO-000990,LWPOLYLINE,682.2055648998587,259.2727985154587,0
GEO-000991,LWPOLYLINE,683.0310797568332,259.2727985154587,0
GEO-000992,LWPOLYLINE,683.1369141667587,258.6589686272209,0
GEO-000993,LWPOLYLINE,712.5046137975241,252.7872596654423,0
GEO-000994,LWPOLYLINE,712.5892877850188,252.1734297772045,0
GEO-000995,LWPOLYLINE,713.5206209030337,252.7872596654423,0
GEO-000996,LWPOLYLINE,714.3249591886917,252.7872596654423,0
GEO-000997,LWPOLYLINE,714.4307935986174,252.1734297772045,0
GEO-000998,LWPOLYLINE,718.346618319212,252.7872596654423,0
GEO-000999,LWPOLYLINE,718.4524581120994,252.1734297772045,0
GEO-001000,LWPOLYLINE,719.3837858471525,252.7872596654423,0
GEO-001001,LWPOLYLINE,720.2092899382035,252.7872596654423,0
GEO-001002,LWPOLYLINE,720.2939531597747,252.1734297772045,0
GEO-001003,LWPOLYLINE,730.5597886462926,243.68559730514505,0
GEO-001004,LWPOLYLINE,730.6656176732566,243.0717674169072,0
GEO-001005,LWPOLYLINE,731.5758119006871,243.68559730514505,0
GEO-001006,LWPOLYLINE,732.4012890769295,243.68559730514505,0
GEO-001007,LWPOLYLINE,732.5071181038936,243.0717674169072,0
GEO-001008,LWPOLYLINE,730.5597886462926,247.07226612499636,0
GEO-001009,LWPOLYLINE,730.6656176732566,246.4584254708351,0
GEO-001010,LWPOLYLINE,731.5758119006871,247.07225535907295,0
GEO-001011,LWPOLYLINE,732.4012890769295,247.07226612499636,0
GEO-001012,LWPOLYLINE,732.5071181038936,246.4584254708351,0
GEO-001013,LWPOLYLINE,742.053305441133,247.53792460956123,0
GEO-001014,LWPOLYLINE,742.159134468097,246.9240947213234,0
GEO-001015,LWPOLYLINE,743.0692963977574,247.53792460956123,0
GEO-001016,LWPOLYLINE,743.8947843399233,247.53792460956123,0
GEO-001017,LWPOLYLINE,744.000634898734,246.9240947213234,0
GEO-001018,LWPOLYLINE,768.088279602917,241.86527344582424,0
GEO-001019,LWPOLYLINE,768.1941301617278,241.2514435575864,0
GEO-001020,LWPOLYLINE,769.1042920913881,241.86527344582424,0
GEO-001021,LWPOLYLINE,769.9086249940846,241.86527344582424,0
GEO-001022,LWPOLYLINE,770.0144540210484,241.2514435575864,0
GEO-001023,LWPOLYLINE,944.4009895714634,14.901362186008026,0
GEO-001024,LWPOLYLINE,944.4009895714634,22.119170973036024,0
GEO-001025,LWPOLYLINE,915.4026519317606,4.699002583821614,0
GEO-001026,LWPOLYLINE,907.4439861263679,46.39734022352429,0
GEO-001027,LWPOLYLINE,907.4439861263679,49.53000861273871,0
GEO-001028,LWPOLYLINE,907.4439861263679,40.59767269558377,0
GEO-001029,LWPOLYLINE,871.6088564944778,45.042696380615226,0
GEO-001030,LWPOLYLINE,871.8205145484058,44.72518776787651,0
GEO-001031,LWPOLYLINE,872.9211687266013,45.042696380615226,0
GEO-001032,LWPOLYLINE,872.7518530493824,45.08501722547742,0
GEO-001033,LWPOLYLINE,874.275855633204,45.042696380615226,0
GEO-001034,LWPOLYLINE,875.4400395253481,51.202182600233286,0
GEO-001035,LWPOLYLINE,928.8646855214419,51.202182600233286,0
GEO-001036,LWPOLYLINE,939.0246596832255,51.202182600233286,0
GEO-001037,LWPOLYLINE,931.2564861263679,45.042696380615226,0
GEO-001038,LWPOLYLINE,932.6746596832256,45.042696380615226,0
GEO-001039,LWPOLYLINE,932.6958470204652,44.78871748182508,0
GEO-001040,LWPOLYLINE,934.0716889665372,45.042696380615226,0
GEO-001041,LWPOLYLINE,934.0293358239048,45.72003445095485,0
GEO-001042,LWPOLYLINE,935.1934981842021,45.042696380615226,0
GEO-001043,LWPOLYLINE,935.0030059356669,45.08501722547742,0
GEO-001044,LWPOLYLINE,897.5168358239048,44.91570154825845,0
GEO-001045,LWPOLYLINE,898.8926670040536,44.91570154825845,0
GEO-001046,LWPOLYLINE,898.7233513268345,44.91571231418185,0
GEO-001047,LWPOLYLINE,900.1626691572382,44.91569078233506,0
GEO-001048,LWPOLYLINE,901.474992155285,44.91570154825845,0
GEO-001049,LWPOLYLINE,902.8085240224184,44.91570154825845,0
GEO-001050,LWPOLYLINE,903.0413263498923,44.598192935519734,0
GEO-001051,LWPOLYLINE,903.718718249849,44.91570154825845,0
GEO-001052,LWPOLYLINE,904.6923668297641,44.91570154825845,0
GEO-001053,LWPOLYLINE,906.0893745812292,44.91570154825845,0
GEO-001054,LWPOLYLINE,906.0893530493825,45.59303961859808,0
GEO-001055,LWPOLYLINE,906.8090119645843,44.91570154825845,0
GEO-001056,LWPOLYLINE,907.8462010243715,44.91570154825845,0
GEO-001057,LWPOLYLINE,909.200834101357,44.91570154825845,0
GEO-001058,LWPOLYLINE,940.0618487430129,45.042685614691834,0
GEO-001059,LWPOLYLINE,940.8873366851788,45.042696380615226,0
GEO-001060,LWPOLYLINE,941.9033599395732,45.042696380615226,0
GEO-001061,LWPOLYLINE,943.2368487430128,45.042696380615226,0
GEO-001062,LWPOLYLINE,907.4439968922914,52.62036692301432,0
GEO-001063,LWPOLYLINE,907.4439968922914,55.79536692301432,0
GEO-001064,LWPOLYLINE,922.1125136871319,15.980850558810758,0
GEO-001065,LWPOLYLINE,922.9380016292976,15.98085055881076,0
GEO-001066,LWPOLYLINE,923.8270515831821,15.98085055881076,0
GEO-001067,LWPOLYLINE,923.3825266062398,16.00201636420355,0
GEO-001068,LWPOLYLINE,924.7372027469191,15.98085055881076,0
GEO-001069,LWPOLYLINE,924.5890205773228,16.00201636420355,0
GEO-001070,LWPOLYLINE,925.9648625233949,15.98085055881076,0
GEO-001071,LWPOLYLINE,925.8166803537986,16.00201636420355,0
GEO-001072,LWPOLYLINE,925.9648625233949,15.32468905978732,0
GEO-001073,LWPOLYLINE,927.2137096371102,15.980850558810758,0
GEO-001074,LWPOLYLINE,927.1925222998707,16.6370120578342,0
GEO-001075,LWPOLYLINE,931.8492148047533,15.959695519341354,0
GEO-001076,LWPOLYLINE,933.1403504655608,15.95970628526475,0
GEO-001077,LWPOLYLINE,932.9921898278112,16.00201636420355,0
GEO-001078,LWPOLYLINE,872.2862053307408,12.14969982571072,0
GEO-001079,LWPOLYLINE,873.6620042131192,12.14969982571072,0
GEO-001080,LWPOLYLINE,873.9160154096796,11.853367784288189,0
GEO-001081,LWPOLYLINE,875.1225093807625,12.149689059787324,0
GEO-001082,LWPOLYLINE,875.1013651072166,11.98038414849175,0
GEO-001083,LWPOLYLINE,876.6676670040536,12.149689059787324,0
GEO-001084,LWPOLYLINE,877.5989947391067,12.149689059787324,0
GEO-001085,LWPOLYLINE,878.5515205773229,12.149689059787324,0
GEO-001086,LWPOLYLINE,880.033170018512,12.14969982571072,0
GEO-001087,LWPOLYLINE,882.5943401302742,12.14967829386393,0
GEO-001088,LWPOLYLINE,882.5731743248814,12.82701636420356,0
GEO-001089,LWPOLYLINE,883.313999045476,12.14967829386393,0
GEO-001090,LWPOLYLINE,884.2876691572383,12.14967829386393,0
GEO-001091,LWPOLYLINE,884.2665033518454,12.82701636420356,0
GEO-001092,LWPOLYLINE,885.4094999067499,12.149689059787324,0
GEO-001093,LWPOLYLINE,886.5313306562617,12.149689059787324,0
GEO-001094,LWPOLYLINE,886.3619934471958,12.23437381320529,0
GEO-001095,LWPOLYLINE,888.6268530493822,12.340202840169269,0
GEO-001096,LWPOLYLINE,888.6268530493822,11.535859171549475,0
GEO-001097,LWPOLYLINE,920.9695171322273,25.99271791246202,0
GEO-001098,LWPOLYLINE,922.303005935667,25.99271791246202,0
GEO-001099,LWPOLYLINE,922.5570171322274,25.675209299723306,0
GEO-001100,LWPOLYLINE,923.7634895714634,25.992707146538624,0
GEO-001101,LWPOLYLINE,923.7423452979174,25.73871748182508,0
GEO-001102,LWPOLYLINE,925.3298452979175,25.992707146538624,0
GEO-001103,LWPOLYLINE,926.2400395253482,25.992707146538624,0
GEO-001104,LWPOLYLINE,927.1925007680238,25.992707146538624,0
GEO-001105,LWPOLYLINE,928.6741717410598,25.992696380615236,0
GEO-001106,LWPOLYLINE,931.235320320975,25.992707146538624,0
GEO-001107,LWPOLYLINE,932.7593444366435,25.992696380615236,0
GEO-001108,LWPOLYLINE,933.7330145484059,25.37887725830078,0
GEO-001109,LWPOLYLINE,920.9695171322273,38.88317786322699,0
GEO-001110,LWPOLYLINE,922.2818401302741,38.88318862915039,0
GEO-001111,LWPOLYLINE,922.1125136871319,38.94669681125217,0
GEO-001112,LWPOLYLINE,923.5729973229284,38.88319939507379,0
GEO-001113,LWPOLYLINE,924.4196510704869,38.88318862915039,0
GEO-001114,LWPOLYLINE,925.4357173885751,38.88321016099717,0
GEO-001115,LWPOLYLINE,926.769163128321,38.88318862915039,0
GEO-001116,LWPOLYLINE,920.9695171322273,35.62351464165582,0
GEO-001117,LWPOLYLINE,922.303005935667,35.62351464165582,0
GEO-001118,LWPOLYLINE,922.5570171322274,35.30602756076389,0
GEO-001119,LWPOLYLINE,923.7634895714634,35.62352540757921,0
GEO-001120,LWPOLYLINE,923.7423452979174,35.39071231418186,0
GEO-001121,LWPOLYLINE,925.3298452979175,35.62352540757921,0
GEO-001122,LWPOLYLINE,926.6845214385968,35.62352540757921,0
GEO-001123,LWPOLYLINE,940.4428763037768,17.272040049235024,0
GEO-001124,LWPOLYLINE,940.6756786312508,16.954520670572915,0
GEO-001125,LWPOLYLINE,941.7974878489158,17.272029283311632,0
GEO-001126,LWPOLYLINE,941.6493272111661,17.31433936225043,0
GEO-001127,LWPOLYLINE,943.1098539106562,17.272029283311632,0
GEO-001128,LWPOLYLINE,921.032993016559,29.273525407579207,0
GEO-001129,LWPOLYLINE,921.0541803537985,29.04071231418186,0
GEO-001130,LWPOLYLINE,922.4088780263246,29.273514641655815,0
GEO-001131,LWPOLYLINE,923.7846984405498,29.273514641655815,0
GEO-001132,LWPOLYLINE,925.1604757910816,29.273514641655815,0
GEO-001133,LWPOLYLINE,925.3721984405497,28.95602756076389,0
GEO-001134,LWPOLYLINE,926.5787139434796,29.2735361735026,0
GEO-001135,LWPOLYLINE,927.9968229047967,29.273525407579207,0
GEO-001136,LWPOLYLINE,929.2033599395731,29.273525407579207,0
GEO-001137,LWPOLYLINE,929.0551777699769,29.2947019788954,0
GEO-001138,LWPOLYLINE,930.4945171322274,29.273514641655815,0
GEO-001139,LWPOLYLINE,920.9060197160491,9.144015502929687,0
GEO-001140,LWPOLYLINE,922.2395085194885,9.144026268853082,0
GEO-001141,LWPOLYLINE,923.6576605444995,9.144026268853082,0
GEO-001142,LWPOLYLINE,923.6365162709535,8.974667527940538,0
GEO-001143,LWPOLYLINE,924.9488392690005,9.144026268853082,0
GEO-001144,LWPOLYLINE,926.0706915503588,9.144026268853082,0
GEO-001145,LWPOLYLINE,925.9013435753698,9.228700256347654,0
GEO-001146,LWPOLYLINE,926.9808427140958,9.334507751464844,0
GEO-001147,LWPOLYLINE,926.9808427140958,8.53018561469184,0
GEO-001148,LWPOLYLINE,872.0533599395733,25.738706715901692,0
GEO-001149,LWPOLYLINE,873.3021962873652,25.738706715901692,0
GEO-001150,LWPOLYLINE,874.0429887101894,25.738706715901692,0
GEO-001151,LWPOLYLINE,874.9531614057732,25.738706715901692,0
GEO-001152,LWPOLYLINE,874.8050007680238,25.73871748182508,0
GEO-001153,LWPOLYLINE,876.2443401302742,25.738706715901692,0
GEO-001154,LWPOLYLINE,877.6837010243713,25.738706715901692,0
GEO-001155,LWPOLYLINE,877.7048668297643,26.41604478624132,0
GEO-001156,LWPOLYLINE,919.1703590782994,22.648380703396263,0
GEO-001157,LWPOLYLINE,894.8286924116328,27.47437811957465,0
GEO-001158,LWPOLYLINE,907.4439968922914,13.71602325439453,0
GEO-001159,LWPOLYLINE,931.2353849165155,34.05719121297199,0
GEO-001160,LWPOLYLINE,939.0247027469193,34.05719121297199,0
GEO-001161,LWPOLYLINE,939.0458685523121,4.699024115668403,0
GEO-001162,LWPOLYLINE,931.785717388575,37.33803100585937,0
GEO-001163,LWPOLYLINE,931.785717388575,34.0783677842882,0
GEO-001164,LWPOLYLINE,931.785717388575,30.77635142008463,0
GEO-001165,LWPOLYLINE,931.785717388575,27.51668819851345,0
GEO-001166,LWPOLYLINE,907.444039955985,43.51870456271701,0
GEO-001167,LWPOLYLINE,907.444039955985,4.699024115668403,0
GEO-001168,LWPOLYLINE,931.785717388575,18.49968905978732,0
GEO-001169,LWPOLYLINE,939.0247027469193,16.107856157090925,0
GEO-001170,LWPOLYLINE,931.7857389204219,9.207523685031468,0
GEO-001171,LWPOLYLINE,878.6573711361336,25.865690782335072,0
GEO-001172,LWPOLYLINE,878.6573711361336,25.357689921061194,0
GEO-001173,LWPOLYLINE,920.9695171322273,32.80837639702691,0
GEO-001174,LWPOLYLINE,921.8373366851787,32.80836563110351,0
GEO-001175,LWPOLYLINE,922.2818401302741,32.80835486518011,0
GEO-001176,LWPOLYLINE,922.7263435753696,32.80836563110351,0
GEO-001177,LWPOLYLINE,923.6365378028001,32.80836563110351,0
GEO-001178,LWPOLYLINE,923.4036924116327,32.80835486518011,0
GEO-001179,LWPOLYLINE,924.9488608008471,32.80837639702691,0
GEO-001180,LWPOLYLINE,925.8166803537985,32.80836563110351,0
GEO-001181,LWPOLYLINE,926.2611837988941,33.147029283311625,0
GEO-001182,LWPOLYLINE,926.3881786312509,32.469691212971995,0
GEO-001183,LWPOLYLINE,927.6158599395733,32.80836563110351,0
GEO-001184,LWPOLYLINE,927.3829930165589,32.80835486518011,0
GEO-001185,LWPOLYLINE,928.9282044694669,32.80836563110351,0
GEO-001186,LWPOLYLINE,928.6953160146059,32.80836563110351,0
GEO-001187,LWPOLYLINE,941.7128246273444,16.12903272840711,0
GEO-001188,LWPOLYLINE,612.9789273215586,243.3680886924063,0
GEO-001189,LWPOLYLINE,608.3434221539153,243.3680886924063,0
GEO-001190,LWPOLYLINE,856.2474764141691,183.48758675454005,0
GEO-001191,LWPOLYLINE,857.5597778803692,183.48759752046345,0
GEO-001192,LWPOLYLINE,858.8509566048701,183.5087579428946,0
GEO-001193,LWPOLYLINE,860.1633011347637,183.48758675454005,0
GEO-001194,LWPOLYLINE,861.3486400663771,183.48759752046345,0
GEO-001195,LWPOLYLINE,862.4493265423429,183.48759752046345,0
GEO-001196,LWPOLYLINE,693.9319109369817,256.47880454437586,0
GEO-001197,LWPOLYLINE,695.1595922453042,256.47880454437586,0
GEO-001198,LWPOLYLINE,695.1595922453042,256.2882907639939,0
GEO-001199,LWPOLYLINE,696.3872412558565,256.47880454437586,0
GEO-001200,LWPOLYLINE,696.1755832019285,256.4576387389831,0
GEO-001201,LWPOLYLINE,697.6149171812173,256.47880454437586,0
GEO-001202,LWPOLYLINE,697.4032429784043,256.4576387389831,0
GEO-001203,LWPOLYLINE,700.2607558975124,256.47880454437586,0
GEO-001204,LWPOLYLINE,701.7000791108777,256.47880454437586,0
GEO-001205,LWPOLYLINE,701.5095814793808,256.4576387389831,0
GEO-001206,LWPOLYLINE,702.9277496532766,256.47880454437586,0
GEO-001207,LWPOLYLINE,704.1554040467907,257.0926344326137,0
GEO-001208,LWPOLYLINE,704.1765860010685,256.47880454437586,0
GEO-001209,SOLID,845.6429342117494,183.6992609573531,0
GEO-001210,SOLID,845.6429342117494,182.9372704313657,0
GEO-001211,LWPOLYLINE,586.6687882694853,203.8711024727883,0
GEO-001212,LWPOLYLINE,604.215952836797,203.8711024727883,0
GEO-001213,LWPOLYLINE,618.4654601270524,203.8711024727883,0
GEO-001214,LWPOLYLINE,647.4529529485206,203.8711024727883,0
GEO-001215,LWPOLYLINE,718.3677895075666,203.8711024727883,0
GEO-001216,LWPOLYLINE,743.5984738303474,203.8711024727883,0
GEO-001217,LWPOLYLINE,758.1382311032753,203.8711024727883,0
GEO-001218,SOLID,578.7101197726117,204.25209773578194,0
GEO-001219,SOLID,578.7101197726117,203.51126763222567,0
GEO-001220,SOLID,578.7101197726117,204.25209773578194,0
GEO-001221,SOLID,578.7101197726117,203.51126763222567,0
GEO-001222,LWPOLYLINE,578.0327857394933,203.8922628952193,0
GEO-001223,LWPOLYLINE,568.27495380573,203.91343946653552,0
GEO-001224,LWPOLYLINE,689.0851495552259,220.3466561630055,0
GEO-001225,LWPOLYLINE,689.0851549381875,218.31466348383344,0
GEO-001226,SOLID,693.5513175138034,217.5526621919226,0
GEO-001227,SOLID,693.5513175138034,216.8964899269758,0
GEO-001228,LWPOLYLINE,692.7046583832831,217.1504903576127,0
GEO-001229,LWPOLYLINE,689.106326126542,213.04628878412814,0
GEO-001230,LWPOLYLINE,687.7093183750771,218.10299466398203,0
GEO-001231,CIRCLE,684.32259961812,220.791159608101,0
GEO-001232,LWPOLYLINE,689.0851603211493,218.9073383326019,0
GEO-001233,LWPOLYLINE,689.0851495552259,219.6269972478037,0
GEO-001234,LWPOLYLINE,683.1373267724975,221.99765357918392,0
GEO-001235,LWPOLYLINE,684.2168151453002,221.99765357918392,0
GEO-001236,LWPOLYLINE,685.3386458948119,221.99765357918392,0
GEO-001237,LWPOLYLINE,645.215789292248,205.92426095735314,0
GEO-001238,LWPOLYLINE,643.9881295157722,206.5381016115144,0
GEO-001239,LWPOLYLINE,644.0092899382034,203.8922628952194,0
GEO-001240,LWPOLYLINE,642.7604535904115,205.07759644387113,0
GEO-001241,CIRCLE,639.5005929056197,207.2577613128084,0
GEO-001242,LWPOLYLINE,638.273125209403,208.4219228870135,0
GEO-001243,LWPOLYLINE,639.3949559589147,208.4219228870135,0
GEO-001244,LWPOLYLINE,639.5642931679804,208.14676741690715,0
GEO-001245,LWPOLYLINE,640.5591183192121,208.4219228870135,0
GEO-001246,LWPOLYLINE,765.4424462695837,203.8710970898266,0
GEO-001247,SOLID,765.9504686627043,203.78642848529364,0
GEO-001248,SOLID,766.3102873543819,203.2784276240198,0
GEO-001249,LWPOLYLINE,763.7279514372267,202.2624312844338,0
GEO-001250,LWPOLYLINE,764.8497714208152,202.26243666739543,0
GEO-001251,LWPOLYLINE,765.040306733044,202.00843085379685,0
GEO-001252,LWPOLYLINE,765.9716237021737,202.2624312844338,0
GEO-001253,LWPOLYLINE,767.0088019960376,202.1777626799009,0
GEO-001254,LWPOLYLINE,713.9651243481292,214.49675665098374,0
GEO-001255,LWPOLYLINE,713.9651297310909,214.49676741690715,0
GEO-001256,LWPOLYLINE,713.4994443317174,215.63976397181165,0
GEO-001257,LWPOLYLINE,714.5366333915048,215.63976397181165,0
GEO-001258,LWPOLYLINE,719.8282946752097,214.49675665098374,0
GEO-001259,LWPOLYLINE,719.8282946752097,214.49676741690715,0
GEO-001260,LWPOLYLINE,719.8282946752097,217.4177562203468,0
GEO-001261,LWPOLYLINE,719.764786493108,215.63976397181165,0
GEO-001262,LWPOLYLINE,719.6377862777894,215.6820955825973,0
GEO-001263,LWPOLYLINE,720.357450575953,215.63976397181165,0
GEO-001264,LWPOLYLINE,738.0528067330439,203.9134287006122,0
GEO-001265,LWPOLYLINE,730.4116280085432,205.83959773578198,0
GEO-001266,LWPOLYLINE,730.4116280085432,205.8184211644658,0
GEO-001267,LWPOLYLINE,738.0739617725133,207.34242913124905,0
GEO-001268,LWPOLYLINE,739.5767985509422,205.62793429889228,0
GEO-001269,LWPOLYLINE,738.0739617725133,206.8344336529369,0
GEO-001270,LWPOLYLINE,738.0527959671205,210.58093193038917,0
GEO-001271,CIRCLE,743.5560596793991,208.9934233698793,0
GEO-001272,LWPOLYLINE,738.0527959671206,214.3697725845504,0
GEO-001273,LWPOLYLINE,730.7502916607511,214.11577215391344,0
GEO-001274,LWPOLYLINE,731.8509566048701,214.3697725845504,0
GEO-001275,LWPOLYLINE,733.057450575953,214.3697725845504,0
GEO-001276,LWPOLYLINE,734.2639553129593,214.3697725845504,0
GEO-001277,LWPOLYLINE,735.491615089435,214.3697725845504,0
GEO-001278,LWPOLYLINE,736.5711142281612,214.3697725845504,0
GEO-001279,LWPOLYLINE,730.4327830480125,209.6072725845504,0
GEO-001280,LWPOLYLINE,730.4327830480125,210.64444011249088,0
GEO-001281,LWPOLYLINE,730.4327830480125,211.85094484949718,0
GEO-001282,LWPOLYLINE,730.4327830480125,213.05744958650348,0
GEO-001283,LWPOLYLINE,727.554115089435,204.10392633210893,0
GEO-001284,LWPOLYLINE,727.4271202570782,204.1250921375018,0
GEO-001285,LWPOLYLINE,728.4854428244881,204.10392633210893,0
GEO-001286,LWPOLYLINE,728.5066193958044,204.6330929987756,0
GEO-001287,LWPOLYLINE,729.5649527291376,204.0404289159306,0
GEO-001288,LWPOLYLINE,727.554115089435,207.49060591788373,0
GEO-001289,LWPOLYLINE,727.4271202570782,207.5117717232765,0
GEO-001290,LWPOLYLINE,728.527785201197,207.49058976899866,0
GEO-001291,LWPOLYLINE,729.7131348987341,207.4270977357819,0
GEO-001292,LWPOLYLINE,743.0481198264412,210.13643925121704,0
GEO-001293,LWPOLYLINE,742.9211249940845,210.136439251217,0
GEO-001294,LWPOLYLINE,744.0429557435962,210.13643925121704,0
GEO-001295,LWPOLYLINE,738.0739510065899,214.41210419533593,0
GEO-001296,LWPOLYLINE,723.2361293004537,214.4967674169072,0
GEO-001297,LWPOLYLINE,724.463799842853,214.4967674169072,0
GEO-001298,LWPOLYLINE,725.6914596193285,214.4967674169072,0
GEO-001299,LWPOLYLINE,726.9402959671205,214.22160118087746,0
GEO-001300,LWPOLYLINE,727.384799412216,213.1421020421513,0
GEO-001301,LWPOLYLINE,727.384799412216,211.935597305145,0
GEO-001302,LWPOLYLINE,727.384799412216,210.7290925681387,0
GEO-001303,LWPOLYLINE,727.384799412216,209.64959342941262,0
GEO-001304,LWPOLYLINE,563.6817869775745,203.97693149975225,0
GEO-001305,LWPOLYLINE,565.2904527829673,203.97693149975225,0
GEO-001306,LWPOLYLINE,566.9414555821073,203.97693149975225,0
GEO-001307,LWPOLYLINE,773.4011228408998,203.8711024727883,0
GEO-001308,LWPOLYLINE,638.3789488534053,206.8132624645824,0
GEO-001309,LWPOLYLINE,638.4847886462926,206.1994271933829,0
GEO-001310,LWPOLYLINE,639.3949559589147,206.8132624645824,0
GEO-001311,LWPOLYLINE,640.5379525138192,206.8132624645824,0
GEO-001312,LWPOLYLINE,682.6928125614785,219.92331852330284,0
GEO-001313,LWPOLYLINE,682.7986469714042,219.309488635065,0
GEO-001314,LWPOLYLINE,683.7299747064574,219.92331852330284,0
GEO-001315,LWPOLYLINE,684.8518216048543,219.92331852330284,0
GEO-001316,LWPOLYLINE,712.5046137975241,213.2902734458243,0
GEO-001317,LWPOLYLINE,712.5892877850188,212.6764435575864,0
GEO-001318,LWPOLYLINE,713.5206209030337,213.2902734458243,0
GEO-001319,LWPOLYLINE,714.6212858471525,213.2902626799009,0
GEO-001320,LWPOLYLINE,718.346618319212,213.2902734458243,0
GEO-001321,LWPOLYLINE,718.4524581120994,212.6764435575864,0
GEO-001322,LWPOLYLINE,719.3837858471525,213.2902734458243,0
GEO-001323,LWPOLYLINE,720.5056327455494,213.2902626799009,0
GEO-001324,LWPOLYLINE,730.5597886462926,204.1885949366419,0
GEO-001325,LWPOLYLINE,730.6656176732566,203.5747596654423,0
GEO-001326,LWPOLYLINE,731.5758119006871,204.1885949366419,0
GEO-001327,LWPOLYLINE,732.6976318842756,204.1885949366419,0
GEO-001328,LWPOLYLINE,730.5597886462926,207.57525837353154,0
GEO-001329,LWPOLYLINE,730.6656176732566,206.9614392512171,0
GEO-001330,LWPOLYLINE,731.5758119006871,207.5752799053783,0
GEO-001331,LWPOLYLINE,732.6976318842756,207.57524760760816,0
GEO-001332,LWPOLYLINE,742.053305441133,208.0409330069815,0
GEO-001333,LWPOLYLINE,742.159134468097,207.4270977357819,0
GEO-001334,LWPOLYLINE,743.0692963977574,208.0409330069815,0
GEO-001335,LWPOLYLINE,744.2123037185854,208.04093838994325,0
GEO-001336,LWPOLYLINE,768.088279602917,202.36826569435945,0
GEO-001337,LWPOLYLINE,768.1941301617278,201.7544358061216,0
GEO-001338,LWPOLYLINE,769.1042920913881,202.36827107732108,0
GEO-001339,LWPOLYLINE,770.2261336068232,202.36826031139776,0
GEO-001340,LWPOLYLINE,695.4563207435804,217.1293460840667,0
GEO-001341,LWPOLYLINE,696.6840020519028,217.12933531814338,0
GEO-001342,LWPOLYLINE,696.6840020519028,216.8965006928992,0
GEO-001343,LWPOLYLINE,697.9116510624551,217.12933531814338,0
GEO-001344,LWPOLYLINE,697.6999930085271,217.1081587468271,0
GEO-001345,LWPOLYLINE,699.139326987816,217.12933531814338,0
GEO-001346,LWPOLYLINE,698.9276527850029,217.1081587468271,0
GEO-001347,LWPOLYLINE,701.785165704111,217.12933531814338,0
GEO-001348,LWPOLYLINE,703.2244889174764,217.12933531814338,0
GEO-001349,LWPOLYLINE,703.0339912859795,217.1081587468271,0
GEO-001350,LWPOLYLINE,704.4521594598754,217.12933531814338,0
GEO-001351,LWPOLYLINE,705.6798138533893,217.7431759723046,0
GEO-001352,LWPOLYLINE,705.7009958076673,217.12933531814338,0
GEO-001353,LWPOLYLINE,586.6687882694853,165.4747596654423,0
GEO-001354,SOLID,578.7101197726117,165.8346052719283,0
GEO-001355,SOLID,578.7101197726117,165.0726039800175,0
GEO-001356,SOLID,578.7101197726117,165.8346052719283,0
GEO-001357,SOLID,578.7101197726117,165.0726039800175,0
GEO-001358,LWPOLYLINE,578.0327857394933,165.4747704313657,0
GEO-001359,LWPOLYLINE,568.27495380573,165.4959362367585,0
GEO-001360,LWPOLYLINE,563.1314531597747,165.5594282699752,0
GEO-001361,LWPOLYLINE,563.6817869775745,165.5594336529369,0
GEO-001362,LWPOLYLINE,564.2321207953743,165.5594282699752,0
GEO-001363,LWPOLYLINE,565.2904527829673,165.5594228870135,0
GEO-001364,LWPOLYLINE,604.215952836797,165.4747596654423,0
GEO-001365,LWPOLYLINE,625.9752835863087,165.4747596654423,0
GEO-001366,LWPOLYLINE,677.1774527291377,165.4747596654423,0
GEO-001367,LWPOLYLINE,718.3677895075666,165.4747596654423,0
GEO-001368,LWPOLYLINE,743.5984738303474,165.4747596654423,0
GEO-001369,LWPOLYLINE,757.3356198264413,165.4747596654423,0
GEO-001370,LWPOLYLINE,645.215789292248,167.5279289159306,0
GEO-001371,LWPOLYLINE,643.9881295157722,168.12059299877563,0
GEO-001372,LWPOLYLINE,644.0092899382034,165.45359386004952,0
GEO-001373,LWPOLYLINE,642.7604535904115,166.66008783113244,0
GEO-001374,CIRCLE,639.5429245425904,168.8191076404315,0
GEO-001375,LWPOLYLINE,638.273125209403,170.00443580612153,0
GEO-001376,LWPOLYLINE,639.3949559589147,170.00443580612153,0
GEO-001377,LWPOLYLINE,639.5642931679804,169.75042999252295,0
GEO-001378,LWPOLYLINE,640.5591183192121,170.00442504019816,0
GEO-001379,LWPOLYLINE,765.4424462695837,165.4535938600495,0
GEO-001380,SOLID,765.9504686627043,165.36893602144005,0
GEO-001381,SOLID,766.3102873543819,164.83976935477335,0
GEO-001382,LWPOLYLINE,763.7279514372267,163.84493882058015,0
GEO-001383,LWPOLYLINE,764.8497714208152,163.84493882058015,0
GEO-001384,LWPOLYLINE,765.040306733044,163.59093300698152,0
GEO-001385,LWPOLYLINE,765.9716237021737,163.84493882058015,0
GEO-001386,LWPOLYLINE,767.0088019960376,163.7814306384784,0
GEO-001387,LWPOLYLINE,713.9651243481292,176.05809299877563,0
GEO-001388,LWPOLYLINE,713.9651297310909,176.05809299877563,0
GEO-001389,LWPOLYLINE,713.4994443317174,177.22226074203465,0
GEO-001390,LWPOLYLINE,714.5366333915048,177.22225535907296,0
GEO-001391,LWPOLYLINE,719.8282946752097,176.05809299877563,0
GEO-001392,LWPOLYLINE,719.8282946752097,176.05809299877563,0
GEO-001393,LWPOLYLINE,719.8282946752097,178.9791033340621,0
GEO-001394,LWPOLYLINE,719.764786493108,177.22226074203465,0
GEO-001395,LWPOLYLINE,719.6377862777894,177.2434211644657,0
GEO-001396,LWPOLYLINE,720.357450575953,177.22226074203465,0
GEO-001397,LWPOLYLINE,738.0528067330439,165.4747704313657,0
GEO-001398,LWPOLYLINE,730.4116280085432,167.42210527192827,0
GEO-001399,LWPOLYLINE,730.4116280085432,167.3797467463342,0
GEO-001400,LWPOLYLINE,738.0739617725133,168.90377086200266,0
GEO-001401,LWPOLYLINE,739.5767985509422,167.21043106911526,0
GEO-001402,LWPOLYLINE,738.0739617725133,168.3957700007288,0
GEO-001403,LWPOLYLINE,738.0527959671205,172.14226827818106,0
GEO-001404,CIRCLE,743.5984969815415,170.5547467463342,0
GEO-001405,LWPOLYLINE,738.0527959671206,175.9310981664189,0
GEO-001406,LWPOLYLINE,730.7502916607511,175.71942396360583,0
GEO-001407,LWPOLYLINE,731.8509566048701,175.9734297772045,0
GEO-001408,LWPOLYLINE,733.057450575953,175.9734297772045,0
GEO-001409,LWPOLYLINE,734.2639553129593,175.9734297772045,0
GEO-001410,LWPOLYLINE,735.491615089435,175.9734297772045,0
GEO-001411,LWPOLYLINE,736.5711142281612,175.9734297772045,0
GEO-001412,LWPOLYLINE,730.4327830480125,171.16859816641886,0
GEO-001413,LWPOLYLINE,730.4327830480125,172.22692611679048,0
GEO-001414,LWPOLYLINE,730.4327830480125,173.43343085379678,0
GEO-001415,LWPOLYLINE,730.4327830480125,174.6399248248797,0
GEO-001416,LWPOLYLINE,727.554115089435,165.68642848529365,0
GEO-001417,LWPOLYLINE,727.4271202570782,165.7287493301559,0
GEO-001418,LWPOLYLINE,728.4854428244881,165.68641771937024,0
GEO-001419,LWPOLYLINE,728.5066193958044,166.2367501914297,0
GEO-001420,LWPOLYLINE,729.5649527291376,165.6440861085847,0
GEO-001421,LWPOLYLINE,727.554115089435,169.07309730514493,0
GEO-001422,LWPOLYLINE,727.4271202570782,169.073097305145,0
GEO-001423,LWPOLYLINE,728.527785201197,169.07309730514493,0
GEO-001424,LWPOLYLINE,729.7131348987341,168.9884233176504,0
GEO-001425,LWPOLYLINE,743.0481198264412,171.69776483308556,0
GEO-001426,LWPOLYLINE,742.9211249940845,171.7400964438711,0
GEO-001427,LWPOLYLINE,744.0429557435962,171.69776483308556,0
GEO-001428,LWPOLYLINE,738.0739510065899,175.99458481667386,0
GEO-001429,LWPOLYLINE,723.2361293004537,176.1004246095612,0
GEO-001430,LWPOLYLINE,724.463799842853,176.1004246095612,0
GEO-001431,LWPOLYLINE,725.6914596193285,176.1004246095612,0
GEO-001432,LWPOLYLINE,726.9402959671205,175.8252637564932,0
GEO-001433,LWPOLYLINE,727.384799412216,174.7034330069815,0
GEO-001434,LWPOLYLINE,727.384799412216,173.5180994583297,0
GEO-001435,LWPOLYLINE,727.384799412216,172.3116001042851,0
GEO-001436,LWPOLYLINE,727.384799412216,171.23210096555897,0
GEO-001437,LWPOLYLINE,773.4011228408998,165.4324388205801,0
GEO-001438,LWPOLYLINE,638.3789488534053,168.37459881237424,0
GEO-001439,LWPOLYLINE,638.4847886462926,167.7607743070981,0
GEO-001440,LWPOLYLINE,639.3949559589147,168.37460957829765,0
GEO-001441,LWPOLYLINE,640.5379525138192,168.6920966591896,0
GEO-001442,LWPOLYLINE,640.5379525138192,168.07827215391345,0
GEO-001443,LWPOLYLINE,712.5046137975241,174.85159364473105,0
GEO-001444,LWPOLYLINE,712.5892877850188,174.2377691394549,0
GEO-001445,LWPOLYLINE,713.5206209030337,174.85160441065446,0
GEO-001446,LWPOLYLINE,714.6212858471525,175.1479256861536,0
GEO-001447,LWPOLYLINE,714.6212858471525,174.53410118087746,0
GEO-001448,LWPOLYLINE,718.346618319212,174.85159364473105,0
GEO-001449,LWPOLYLINE,718.4524581120994,174.2377691394549,0
GEO-001450,LWPOLYLINE,719.3837858471525,174.85160441065446,0
GEO-001451,LWPOLYLINE,720.5056327455494,175.1479256861536,0
GEO-001452,LWPOLYLINE,720.5056327455494,174.53410118087746,0
GEO-001453,LWPOLYLINE,730.5597886462926,165.74992590147207,0
GEO-001454,LWPOLYLINE,730.6656176732566,165.1360852473108,0
GEO-001455,LWPOLYLINE,731.5758119006871,165.74992051851035,0
GEO-001456,LWPOLYLINE,732.6976318842756,166.06743451421073,0
GEO-001457,LWPOLYLINE,732.6976318842756,165.4535938600495,0
GEO-001458,LWPOLYLINE,730.5597886462926,169.13659472132335,0
GEO-001459,LWPOLYLINE,730.6656176732566,168.5227648330855,0
GEO-001460,LWPOLYLINE,731.5758119006871,169.13660010428504,0
GEO-001461,LWPOLYLINE,732.6976318842756,169.45409256813872,0
GEO-001462,LWPOLYLINE,732.6976318842756,168.84026267990083,0
GEO-001463,LWPOLYLINE,742.053305441133,169.60225858884996,0
GEO-001464,LWPOLYLINE,742.159134468097,168.9884233176504,0
GEO-001465,LWPOLYLINE,743.0692963977574,169.60225858884996,0
GEO-001466,LWPOLYLINE,744.212292952662,169.91976181862697,0
GEO-001467,LWPOLYLINE,744.212292952662,169.3059265474274,0
GEO-001468,LWPOLYLINE,768.088279602917,163.9295966591896,0
GEO-001469,LWPOLYLINE,768.1941301617278,163.3157721539135,0
GEO-001470,LWPOLYLINE,769.1042920913881,163.929607425113,0
GEO-001471,LWPOLYLINE,770.2261336068232,164.24708912304322,0
GEO-001472,LWPOLYLINE,770.2261336068232,163.6332646177671,0
GEO-001473,LWPOLYLINE,586.6687882694853,126.1047467463342,0
GEO-001474,SOLID,578.7101197726117,126.48576354117469,0
GEO-001475,SOLID,578.7101197726117,125.74491728873329,0
GEO-001476,SOLID,578.7101197726117,126.48576354117469,0
GEO-001477,SOLID,578.7101197726117,125.74491728873329,0
GEO-001478,LWPOLYLINE,578.0327857394933,126.1259340835738,0
GEO-001479,LWPOLYLINE,568.27495380573,126.14711065489001,0
GEO-001480,LWPOLYLINE,563.6817869775745,126.2105865392216,0
GEO-001481,LWPOLYLINE,565.2904527829673,126.210597305145,0
GEO-001482,LWPOLYLINE,605.951621548989,126.1047467463342,0
GEO-001483,LWPOLYLINE,621.8968048201249,126.1047467463342,0
GEO-001484,LWPOLYLINE,647.5930815857619,126.1047467463342,0
GEO-001485,LWPOLYLINE,715.2337985227018,126.1047467463342,0
GEO-001486,LWPOLYLINE,741.1429449014657,126.1047467463342,0
GEO-001487,LWPOLYLINE,757.3356198264413,126.1047467463342,0
GEO-001488,LWPOLYLINE,687.3586142281612,141.75468685166044,0
GEO-001489,LWPOLYLINE,687.3586196111228,139.72269417248833,0
GEO-001490,SOLID,691.8247821867386,138.96068211465422,0
GEO-001491,SOLID,691.8247821867386,138.30452061563074,0
GEO-001492,LWPOLYLINE,690.9781230562182,138.5585210462677,0
GEO-001493,LWPOLYLINE,687.3797907994773,133.61156945645305,0
GEO-001494,LWPOLYLINE,685.9827830480124,139.5110145867136,0
GEO-001495,CIRCLE,682.5960641714238,142.199190296756,0
GEO-001496,LWPOLYLINE,687.3586249940845,140.31534748941,0
GEO-001497,LWPOLYLINE,687.3586142281611,141.035038702382,0
GEO-001498,LWPOLYLINE,681.4107914454327,143.40568426783886,0
GEO-001499,LWPOLYLINE,682.4902798182354,143.40570579968568,0
GEO-001500,LWPOLYLINE,683.6121105677471,143.40568426783886,0
GEO-001501,LWPOLYLINE,645.215789292248,128.1579159968225,0
GEO-001502,LWPOLYLINE,643.9881295157722,128.77176741690715,0
GEO-001503,LWPOLYLINE,644.0092899382034,126.12592331765045,0
GEO-001504,LWPOLYLINE,642.7604535904115,127.31127301518735,0
GEO-001505,CIRCLE,639.5005927868928,129.491426332109,0
GEO-001506,LWPOLYLINE,638.273125209403,130.65558869240624,0
GEO-001507,LWPOLYLINE,639.3949559589147,130.65558869240624,0
GEO-001508,LWPOLYLINE,639.5642931679804,130.38042245637655,0
GEO-001509,LWPOLYLINE,640.5591183192121,130.65559945832965,0
GEO-001510,LWPOLYLINE,744.2122821867387,116.4951050566098,0
GEO-001511,LWPOLYLINE,716.37812843918,116.4951050566098,0
GEO-001512,LWPOLYLINE,731.4699505759529,114.7594228870135,0
GEO-001513,LWPOLYLINE,713.9651243481292,136.73042245637657,0
GEO-001514,LWPOLYLINE,713.9651297310909,136.73043322229995,0
GEO-001515,LWPOLYLINE,713.4994443317174,137.87342977720445,0
GEO-001516,LWPOLYLINE,714.5366333915048,137.87342977720445,0
GEO-001517,LWPOLYLINE,719.8282946752097,136.73042245637657,0
GEO-001518,LWPOLYLINE,719.8282946752097,136.73043322229995,0
GEO-001519,LWPOLYLINE,719.8282946752097,139.6514220257396,0
GEO-001520,LWPOLYLINE,719.764786493108,137.87341901128104,0
GEO-001521,LWPOLYLINE,719.6377862777894,137.91576138799,0
GEO-001522,LWPOLYLINE,720.357450575953,137.87341901128104,0
GEO-001523,LWPOLYLINE,738.0528067330439,126.1470891230432,0
GEO-001524,LWPOLYLINE,730.4116280085432,128.0732527752513,0
GEO-001525,LWPOLYLINE,730.4116280085432,128.0521085017053,0
GEO-001526,LWPOLYLINE,738.0739617725133,129.57608955368016,0
GEO-001527,LWPOLYLINE,739.5767985509422,127.86158395539995,0
GEO-001528,LWPOLYLINE,738.0739617725133,129.0680886924063,0
GEO-001529,LWPOLYLINE,738.0527959671205,132.81459773578194,0
GEO-001530,CIRCLE,743.556059749246,131.184755359073,0
GEO-001531,LWPOLYLINE,738.0527959671206,136.60343838994322,0
GEO-001532,LWPOLYLINE,730.7502916607511,136.34942719338284,0
GEO-001533,LWPOLYLINE,731.8509566048701,136.6034383899432,0
GEO-001534,LWPOLYLINE,733.057450575953,136.6034383899432,0
GEO-001535,LWPOLYLINE,734.2639553129593,136.6034383899432,0
GEO-001536,LWPOLYLINE,735.491615089435,136.6034383899432,0
GEO-001537,LWPOLYLINE,736.5711142281612,136.6034383899432,0
GEO-001538,LWPOLYLINE,730.4327830480125,131.84093838994315,0
GEO-001539,LWPOLYLINE,730.4327830480125,132.87810591788372,0
GEO-001540,LWPOLYLINE,730.4327830480125,134.08459988896658,0
GEO-001541,LWPOLYLINE,730.4327830480125,135.2911046259729,0
GEO-001542,LWPOLYLINE,727.554115089435,126.33761366934854,0
GEO-001543,LWPOLYLINE,727.4271202570782,126.3587579428946,0
GEO-001544,LWPOLYLINE,728.4854428244881,126.33759213750176,0
GEO-001545,LWPOLYLINE,728.5066193958044,126.8667588041684,0
GEO-001546,LWPOLYLINE,729.5649527291376,126.2740947213234,0
GEO-001547,LWPOLYLINE,727.554115089435,129.7242717232765,0
GEO-001548,LWPOLYLINE,727.4271202570782,129.7454159968225,0
GEO-001549,LWPOLYLINE,728.527785201197,129.7242501914297,0
GEO-001550,LWPOLYLINE,729.7131348987341,129.6607743070981,0
GEO-001551,LWPOLYLINE,743.0481198264412,132.37008352476306,0
GEO-001552,LWPOLYLINE,742.9211249940845,132.3701050566098,0
GEO-001553,LWPOLYLINE,744.0429557435962,132.37008352476306,0
GEO-001554,LWPOLYLINE,738.0739510065899,136.64577000072876,0
GEO-001555,LWPOLYLINE,723.2361293004537,136.7304332222999,0
GEO-001556,LWPOLYLINE,724.463799842853,136.7304332222999,0
GEO-001557,LWPOLYLINE,725.6914596193285,136.7304332222999,0
GEO-001558,LWPOLYLINE,726.9402959671205,136.4552562203468,0
GEO-001559,LWPOLYLINE,727.384799412216,135.3757678475441,0
GEO-001560,LWPOLYLINE,727.384799412216,134.1692631105378,0
GEO-001561,LWPOLYLINE,727.384799412216,132.9627691394549,0
GEO-001562,LWPOLYLINE,727.384799412216,131.88325923480534,0
GEO-001563,LWPOLYLINE,756.2984738303476,121.2999366673954,0
GEO-001564,LWPOLYLINE,704.0591129362502,121.2999366673954,0
GEO-001565,SOLID,704.0591129362504,117.59575923480534,0
GEO-001566,SOLID,755.176621548989,116.85493451421075,0
GEO-001567,SOLID,755.176621548989,116.1140990276927,0
GEO-001568,LWPOLYLINE,771.7077938139358,126.1047467463342,0
GEO-001569,LWPOLYLINE,638.3789488534053,129.04693365293684,0
GEO-001570,LWPOLYLINE,638.4847886462926,128.4330929987756,0
GEO-001571,LWPOLYLINE,639.3949559589147,129.04692288701347,0
GEO-001572,LWPOLYLINE,640.5379525138192,129.04693365293684,0
GEO-001573,LWPOLYLINE,680.9662772344138,141.33135997788116,0
GEO-001574,LWPOLYLINE,681.0721116443394,140.7175193237199,0
GEO-001575,LWPOLYLINE,682.0034393793926,141.33134921195773,0
GEO-001576,LWPOLYLINE,683.1252862777895,141.33135997788116,0
GEO-001577,LWPOLYLINE,712.5046137975241,135.50275191397745,0
GEO-001578,LWPOLYLINE,712.5892877850188,134.9100878311324,0
GEO-001579,LWPOLYLINE,713.5206209030337,135.50275191397745,0
GEO-001580,LWPOLYLINE,714.6212858471525,135.50275191397745,0
GEO-001581,LWPOLYLINE,718.346618319212,135.50275191397745,0
GEO-001582,LWPOLYLINE,718.4524581120994,134.9100878311324,0
GEO-001583,LWPOLYLINE,719.3837858471525,135.50275191397745,0
GEO-001584,LWPOLYLINE,720.5056327455494,135.50275191397745,0
GEO-001585,LWPOLYLINE,730.5597886462926,126.42226612499636,0
GEO-001586,LWPOLYLINE,730.6656176732566,125.8084470026819,0
GEO-001587,LWPOLYLINE,731.5758119006871,126.42227689091976,0
GEO-001588,LWPOLYLINE,732.6976318842756,126.42226612499636,0
GEO-001589,LWPOLYLINE,730.5597886462926,129.8089349448477,0
GEO-001590,LWPOLYLINE,730.6656176732566,129.1951050566098,0
GEO-001591,LWPOLYLINE,731.5758119006871,129.8089349448477,0
GEO-001592,LWPOLYLINE,732.6976318842756,129.8089349448477,0
GEO-001593,LWPOLYLINE,742.053305441133,130.27459342941256,0
GEO-001594,LWPOLYLINE,742.159134468097,129.6607743070981,0
GEO-001595,LWPOLYLINE,743.0692963977574,130.27460419533594,0
GEO-001596,LWPOLYLINE,744.212292952662,130.27459342941256,0
GEO-001597,LWPOLYLINE,693.7297854165156,138.53735524087483,0
GEO-001598,LWPOLYLINE,694.9574667248381,138.53735524087483,0
GEO-001599,LWPOLYLINE,694.9574667248381,138.3045098497073,0
GEO-001600,LWPOLYLINE,696.1851157353904,138.53735524087483,0
GEO-001601,LWPOLYLINE,695.9734576814624,138.5162109673288,0
GEO-001602,LWPOLYLINE,697.4127916607513,138.53735524087483,0
GEO-001603,LWPOLYLINE,697.2011174579382,138.5162109673288,0
GEO-001604,LWPOLYLINE,700.0586303770463,138.53735524087483,0
GEO-001605,LWPOLYLINE,701.4979535904116,138.53735524087483,0
GEO-001606,LWPOLYLINE,701.3074559589147,138.5162109673288,0
GEO-001607,LWPOLYLINE,702.7256241328105,138.53735524087483,0
GEO-001608,LWPOLYLINE,703.9532785263245,139.1511851291127,0
GEO-001609,LWPOLYLINE,703.974449714679,138.53735524087483,0
GEO-001610,LWPOLYLINE,709.5451164305375,124.2920373497242,0
GEO-001611,LWPOLYLINE,750.2024419632143,124.4114177193702,0
GEO-001612,LWPOLYLINE,706.5182878342105,124.1438874778981,0
GEO-001613,LWPOLYLINE,706.5182878342105,124.75771736613589,0
GEO-001614,LWPOLYLINE,706.3277848197519,124.4402195193206,0
GEO-001615,LWPOLYLINE,707.9576218134991,124.4402195193206,0
GEO-001616,LWPOLYLINE,747.1544583274178,124.24209127622791,0
GEO-001617,LWPOLYLINE,747.1544583274178,124.85592116446576,0
GEO-001618,LWPOLYLINE,746.9427787416431,124.55959988896666,0
GEO-001619,LWPOLYLINE,748.5726211183521,124.55959988896666,0
GEO-001620,LWPOLYLINE,728.5066086298809,114.94992590147206,0
GEO-001621,LWPOLYLINE,729.9459587580548,114.94992590147206,0
GEO-001622,LWPOLYLINE,711.5309544516854,126.6762665556333,0
GEO-001623,LWPOLYLINE,711.5309544516854,126.1047575122576,0
GEO-001624,LWPOLYLINE,709.2872821867386,126.1047575122576,0
GEO-001625,LWPOLYLINE,710.4091129362503,126.10474674633426,0
GEO-001626,LWPOLYLINE,750.2659501453161,126.6762665556333,0
GEO-001627,LWPOLYLINE,750.2659501453161,126.1047575122576,0
GEO-001628,LWPOLYLINE,747.9799570355069,126.1047575122576,0
GEO-001629,LWPOLYLINE,749.1017770190954,126.10474674633426,0
GEO-001630,LWPOLYLINE,730.4116280085432,117.3841011808774,0
GEO-001631,LWPOLYLINE,730.4116172426197,116.51626009607925,0
GEO-001632,LWPOLYLINE,730.3904622031503,118.273097305145,0
GEO-001633,SOLID,778.544628869817,243.7491054872468,0
GEO-001634,SOLID,778.544628869817,242.98710419533597,0
GEO-001635,SOLID,778.544628869817,204.2309319303892,0
GEO-001636,SOLID,778.544628869817,203.49009644387115,0
GEO-001637,SOLID,778.544628869817,165.81342870061212,0
GEO-001638,SOLID,778.544628869817,165.0514274087013,0
GEO-001639,SOLID,778.544628869817,126.4645869698585,0
GEO-001640,SOLID,778.544628869817,125.7237514833405,0
GEO-001641,SOLID,791.308115520072,176.37559084559098,0
GEO-001642,SOLID,791.2234522985008,189.8375975204635,0
GEO-001643,LWPOLYLINE,785.4661271472692,203.8711024727883,0
GEO-001644,LWPOLYLINE,785.4661271472692,165.4324388205801,0
GEO-001645,LWPOLYLINE,785.4661271472692,126.1047467463342,0
GEO-001646,LWPOLYLINE,598.1622875697003,165.4535938600495,0
GEO-001647,LWPOLYLINE,595.8974548823223,165.4535938600495,0
GEO-001648,LWPOLYLINE,596.9981198264413,165.4747596654423,0
GEO-001649,LWPOLYLINE,594.4581209030337,163.35809838173736,0
GEO-001650,LWPOLYLINE,594.4581235945145,163.06175557439144,0
GEO-001651,LWPOLYLINE,595.7704546670038,163.35809299877565,0
GEO-001652,LWPOLYLINE,596.7864510065899,163.2734297772045,0
GEO-001653,LWPOLYLINE,598.1622875697003,203.89225751225766,0
GEO-001654,LWPOLYLINE,595.8974548823223,203.89225751225766,0
GEO-001655,LWPOLYLINE,596.9981198264413,203.87110247278827,0
GEO-001656,LWPOLYLINE,594.4581209030337,201.75443042315985,0
GEO-001657,LWPOLYLINE,594.4581235945145,201.45809838173733,0
GEO-001658,LWPOLYLINE,595.7704546670038,201.75443042315985,0
GEO-001659,LWPOLYLINE,596.7864510065899,201.6697725845504,0
GEO-001660,LWPOLYLINE,598.1622875697003,243.3892652637225,0
GEO-001661,LWPOLYLINE,595.8974548823223,243.3892652637225,0
GEO-001662,LWPOLYLINE,596.9981198264413,243.3681102242531,0
GEO-001663,LWPOLYLINE,594.4581209030337,241.29375363652525,0
GEO-001664,LWPOLYLINE,594.4581235945145,240.97627732155672,0
GEO-001665,LWPOLYLINE,595.7704546670038,241.29375363652525,0
GEO-001666,LWPOLYLINE,596.7864510065899,241.1667588041684,0
GEO-001667,LWPOLYLINE,597.7389526214785,241.29375363652525,0
GEO-001668,LWPOLYLINE,598.9877835863085,241.29375363652525,0
GEO-001669,LWPOLYLINE,599.8979562818923,241.29375363652525,0
GEO-001670,LWPOLYLINE,598.1622875697003,126.08359170686485,0
GEO-001671,LWPOLYLINE,595.8974548823223,126.08359170686485,0
GEO-001672,LWPOLYLINE,596.9981198264413,126.10474674633426,0
GEO-001673,LWPOLYLINE,594.4581209030337,123.98808007966755,0
GEO-001674,LWPOLYLINE,594.4581235945145,123.69176957009185,0
GEO-001675,LWPOLYLINE,595.7704546670038,123.98809084559095,0
GEO-001676,LWPOLYLINE,596.7864510065899,123.9034383899432,0
GEO-001677,LWPOLYLINE,710.4302841246048,203.8711024727883,0
GEO-001678,LWPOLYLINE,748.9181889336877,203.8711024727883,0
GEO-001679,LWPOLYLINE,710.4302841246048,165.4747596654423,0
GEO-001680,LWPOLYLINE,749.1441193958044,165.4747596654423,0
GEO-001681,LWPOLYLINE,732.9516323149124,114.97109170686485,0
GEO-001682,LWPOLYLINE,734.2004471308575,114.97110247278826,0
GEO-001683,LWPOLYLINE,735.1106198264412,114.97109170686485,0
GEO-001684,LWPOLYLINE,671.885786062471,125.14359166771465,0
GEO-001685,LWPOLYLINE,689.8562923067066,108.1868913237318,0
GEO-001686,LWPOLYLINE,681.3896256400399,108.1868913237318,0
GEO-001687,LWPOLYLINE,689.8562923067066,108.1868913237318,0
GEO-001688,LWPOLYLINE,769.1466075532886,108.1868913237318,0
GEO-001689,LWPOLYLINE,836.0544367955711,67.652985119137,0
GEO-001690,LWPOLYLINE,691.0627916607511,110.24006057422005,0
GEO-001691,LWPOLYLINE,689.8351265013139,110.8538904624579,0
GEO-001692,LWPOLYLINE,689.8562923067066,108.20805712912454,0
GEO-001693,LWPOLYLINE,688.607450575953,109.39337452889126,0
GEO-001694,CIRCLE,685.3476005383576,111.5735493776597,0
GEO-001695,LWPOLYLINE,684.1201329608677,112.73773326980385,0
GEO-001696,LWPOLYLINE,685.2419529444562,112.73773326980385,0
GEO-001697,LWPOLYLINE,685.4112955364836,112.4625562678507,0
GEO-001698,LWPOLYLINE,686.4061206877152,112.73773326980385,0
GEO-001699,LWPOLYLINE,805.659134468097,97.46082334140239,0
GEO-001700,SOLID,868.3274666020768,68.02619204541875,0
GEO-001701,SOLID,868.3274666020768,67.28535655890073,0
GEO-001702,SOLID,868.3274666020768,68.02619204541875,0
GEO-001703,SOLID,868.3274666020768,67.28535655890073,0
GEO-001704,LWPOLYLINE,867.6501608295074,67.66635182189444,0
GEO-001705,LWPOLYLINE,857.8772649612612,67.6847230613028,0
GEO-001706,LWPOLYLINE,851.5484522985008,67.68473382722618,0
GEO-001707,LWPOLYLINE,851.5272972590312,68.36206113164242,0
GEO-001708,LWPOLYLINE,852.7549462695836,67.68472306130279,0
GEO-001709,SOLID,845.6429342117494,68.0445740507505,0
GEO-001710,SOLID,845.6429342117494,67.2825619929163,0
GEO-001711,SOLID,868.3124591886917,108.5678865867255,0
GEO-001712,SOLID,868.3124591886917,107.82706186613089,0
GEO-001713,SOLID,868.3124591886917,108.5678865867255,0
GEO-001714,SOLID,868.3124591886917,107.82706186613089,0
GEO-001715,LWPOLYLINE,867.6351534161224,108.2080571291246,0
GEO-001716,LWPOLYLINE,857.8772649612612,108.22923370044074,0
GEO-001717,LWPOLYLINE,851.5484522985008,108.22923370044074,0
GEO-001718,LWPOLYLINE,851.5272972590312,108.9065717707804,0
GEO-001719,LWPOLYLINE,852.7549462695836,108.22923370044074,0
GEO-001720,SOLID,845.6429342117494,108.5890631580417,0
GEO-001721,SOLID,845.6429342117494,107.82706186613089,0
GEO-001722,SOLID,739.8096116443394,108.54672078133271,0
GEO-001723,SOLID,739.8096116443394,107.80589606073809,0
GEO-001724,LWPOLYLINE,854.8292920913882,67.6424022164406,0
GEO-001725,LWPOLYLINE,855.8452722820891,67.55771746302264,0
GEO-001726,LWPOLYLINE,857.0517662531719,67.64239145051721,0
GEO-001727,LWPOLYLINE,858.279436795571,67.6424022164406,0
GEO-001728,LWPOLYLINE,859.4648080249547,67.6424022164406,0
GEO-001729,LWPOLYLINE,854.8292920913882,108.18689132373174,0
GEO-001730,LWPOLYLINE,855.8452722820891,108.1022496340074,0
GEO-001731,LWPOLYLINE,857.0517662531719,108.18689132373174,0
GEO-001732,LWPOLYLINE,858.279436795571,108.18689132373174,0
GEO-001733,LWPOLYLINE,859.1896094911548,108.18689132373174,0
GEO-001734,LWPOLYLINE,555.7231204993116,239.21942934656755,0
GEO-001735,LWPOLYLINE,555.532620849204,239.2617717232765,0
GEO-001736,LWPOLYLINE,557.0354529175413,239.21942934656755,0
GEO-001737,LWPOLYLINE,557.2894540210485,238.8595998889666,0
GEO-001738,LWPOLYLINE,558.6441207415446,239.21942934656755,0
GEO-001739,LWPOLYLINE,560.252787892678,239.21942934656755,0
GEO-001740,LWPOLYLINE,563.3431206338855,239.21942934656755,0
GEO-001741,LWPOLYLINE,564.8882876773596,239.62160118087746,0
GEO-001742,LWPOLYLINE,564.9094561742332,238.8595998889666,0
GEO-001743,LWPOLYLINE,566.2006214413298,239.21942934656755,0
GEO-001744,LWPOLYLINE,566.9837858471526,239.21942934656755,0
GEO-001745,LWPOLYLINE,568.0844534827522,239.21942934656755,0
GEO-001746,LWPOLYLINE,569.6931206338854,239.21942934656755,0
GEO-001747,LWPOLYLINE,571.1747862239599,239.21942934656755,0
GEO-001748,LWPOLYLINE,571.0054530521154,239.2617717232765,0
GEO-001749,LWPOLYLINE,571.1747862239599,238.4574280546567,0
GEO-001750,LWPOLYLINE,572.571788592463,239.21942934656755,0
GEO-001751,LWPOLYLINE,572.8257863316189,238.8595998889666,0
GEO-001752,LWPOLYLINE,575.4927881618261,239.21942934656755,0
GEO-001753,LWPOLYLINE,575.4927868160858,238.8595998889666,0
GEO-001754,LWPOLYLINE,577.0802854703452,239.21942934656755,0
GEO-001755,LWPOLYLINE,577.0802854703453,238.9654289159306,0
GEO-001756,LWPOLYLINE,578.6254538595597,239.21942934656755,0
GEO-001757,LWPOLYLINE,579.6837858471525,239.21942934656755,0
GEO-001758,LWPOLYLINE,580.1917867084264,239.4734297772045,0
GEO-001759,LWPOLYLINE,580.3822870314041,238.8807656943594,0
GEO-001760,LWPOLYLINE,555.7231204993116,199.7224323610261,0
GEO-001761,LWPOLYLINE,555.532620849204,199.7224215951027,0
GEO-001762,LWPOLYLINE,557.0354529175413,199.7224323610261,0
GEO-001763,LWPOLYLINE,557.2894540210485,199.341426332109,0
GEO-001764,LWPOLYLINE,558.6441207415446,199.7224323610261,0
GEO-001765,LWPOLYLINE,560.252787892678,199.7224323610261,0
GEO-001766,LWPOLYLINE,563.3431206338855,199.7224377439878,0
GEO-001767,LWPOLYLINE,564.8882876773596,200.1034276240198,0
GEO-001768,LWPOLYLINE,564.9094561742332,199.341426332109,0
GEO-001769,LWPOLYLINE,566.2006214413298,199.7224323610261,0
GEO-001770,LWPOLYLINE,566.9837858471526,199.7224323610261,0
GEO-001771,LWPOLYLINE,568.0844534827522,199.7224323610261,0
GEO-001772,LWPOLYLINE,569.6931206338854,199.7224323610261,0
GEO-001773,LWPOLYLINE,571.1747862239599,199.7224323610261,0
GEO-001774,LWPOLYLINE,571.0054530521154,199.7224215951027,0
GEO-001775,LWPOLYLINE,571.1747862239599,198.9604310691153,0
GEO-001776,LWPOLYLINE,572.571788592463,199.7224323610261,0
GEO-001777,LWPOLYLINE,572.8257863316189,199.341426332109,0
GEO-001778,LWPOLYLINE,575.4927881618261,199.7224323610261,0
GEO-001779,LWPOLYLINE,575.4927868160858,199.3414209491473,0
GEO-001780,LWPOLYLINE,577.0802854703452,199.7224323610261,0
GEO-001781,LWPOLYLINE,577.0802854703453,199.4684211644657,0
GEO-001782,LWPOLYLINE,578.6254538595597,199.7224323610261,0
GEO-001783,LWPOLYLINE,579.6837858471525,199.7224323610261,0
GEO-001784,LWPOLYLINE,580.1917867084264,199.97642740870128,0
GEO-001785,LWPOLYLINE,580.3822870314041,199.3837633258563,0
GEO-001786,LWPOLYLINE,555.7231204993116,161.2414370980324,0
GEO-001787,LWPOLYLINE,555.532620849204,161.2837579428946,0
GEO-001788,LWPOLYLINE,557.0354529175413,161.2414370980324,0
GEO-001789,LWPOLYLINE,557.2894540210485,160.8815968745081,0
GEO-001790,LWPOLYLINE,558.6441207415446,161.2414370980324,0
GEO-001791,LWPOLYLINE,560.252787892678,161.2414370980324,0
GEO-001792,LWPOLYLINE,563.3431206338855,161.2414317150707,0
GEO-001793,LWPOLYLINE,564.8882876773596,161.64359816641888,0
GEO-001794,LWPOLYLINE,564.9094561742332,160.8815968745081,0
GEO-001795,LWPOLYLINE,566.2006214413298,161.2414370980324,0
GEO-001796,LWPOLYLINE,566.9837858471526,161.2414370980324,0
GEO-001797,LWPOLYLINE,568.0844534827522,161.2414370980324,0
GEO-001798,LWPOLYLINE,569.6931206338854,161.2414370980324,0
GEO-001799,LWPOLYLINE,571.1747862239599,161.2414370980324,0
GEO-001800,LWPOLYLINE,571.0054530521154,161.2837579428946,0
GEO-001801,LWPOLYLINE,571.1747862239599,160.4794358061216,0
GEO-001802,LWPOLYLINE,572.571788592463,161.2414370980324,0
GEO-001803,LWPOLYLINE,572.8257863316189,160.8815968745081,0
GEO-001804,LWPOLYLINE,575.4927881618261,161.2414370980324,0
GEO-001805,LWPOLYLINE,575.4927868160858,160.8815914915464,0
GEO-001806,LWPOLYLINE,577.0802854703452,161.2414370980324,0
GEO-001807,LWPOLYLINE,577.0802854703453,160.9874366673954,0
GEO-001808,LWPOLYLINE,578.6254538595597,161.2414370980324,0
GEO-001809,LWPOLYLINE,579.6837858471525,161.2414370980324,0
GEO-001810,LWPOLYLINE,580.1917867084264,161.4954375286693,0
GEO-001811,LWPOLYLINE,580.3822870314041,160.92392848529363,0
GEO-001812,LWPOLYLINE,555.7231204993116,121.91375578970991,0
GEO-001813,LWPOLYLINE,555.532620849204,121.9560981664189,0
GEO-001814,LWPOLYLINE,557.0354529175413,121.91375578970991,0
GEO-001815,LWPOLYLINE,557.2894540210485,121.553926332109,0
GEO-001816,LWPOLYLINE,558.6441207415446,121.91375578970991,0
GEO-001817,LWPOLYLINE,560.252787892678,121.91375578970991,0
GEO-001818,LWPOLYLINE,563.3431206338855,121.91375578970991,0
GEO-001819,LWPOLYLINE,564.8882876773596,122.31592762401979,0
GEO-001820,LWPOLYLINE,564.9094561742332,121.553926332109,0
GEO-001821,LWPOLYLINE,566.2006214413298,121.91375578970991,0
GEO-001822,LWPOLYLINE,566.9837858471526,121.91375578970991,0
GEO-001823,LWPOLYLINE,568.0844534827522,121.91375578970991,0
GEO-001824,LWPOLYLINE,569.6931206338854,121.91375578970991,0
GEO-001825,LWPOLYLINE,571.1747862239599,121.91375578970991,0
GEO-001826,LWPOLYLINE,571.0054530521154,121.9560981664189,0
GEO-001827,LWPOLYLINE,571.1747862239599,121.1517544977991,0
GEO-001828,LWPOLYLINE,572.571788592463,121.91375578970991,0
GEO-001829,LWPOLYLINE,572.8257863316189,121.553926332109,0
GEO-001830,LWPOLYLINE,575.4927881618261,121.91375578970991,0
GEO-001831,LWPOLYLINE,575.4927868160858,121.553926332109,0
GEO-001832,LWPOLYLINE,577.0802854703452,121.91375578970991,0
GEO-001833,LWPOLYLINE,577.0802854703453,121.659755359073,0
GEO-001834,LWPOLYLINE,578.6254538595597,121.91375578970991,0
GEO-001835,LWPOLYLINE,579.6837858471525,121.91375578970991,0
GEO-001836,LWPOLYLINE,580.1917867084264,122.16775622034686,0
GEO-001837,LWPOLYLINE,580.3822870314041,121.59625794289455,0
GEO-001838,LWPOLYLINE,929.3726863827158,16.044380272759327,0
GEO-001839,LWPOLYLINE,582.0544542901966,246.9452605267162,0
GEO-001840,LWPOLYLINE,582.0544529444562,246.1197725845504,0
GEO-001841,LWPOLYLINE,582.0544583274179,245.2942631105378,0
GEO-001842,LWPOLYLINE,582.8164555821072,247.09343193038916,0
GEO-001843,LWPOLYLINE,583.3244537519004,247.09343193038916,0
GEO-001844,LWPOLYLINE,585.9491199341005,246.119761818627,0
GEO-001845,LWPOLYLINE,587.6424543440262,246.119761818627,0
GEO-001846,LWPOLYLINE,590.9444599423064,246.119761818627,0
GEO-001847,LWPOLYLINE,592.2567883233149,246.11975105270358,0
GEO-001848,LWPOLYLINE,593.9501227332405,246.119761818627,0
GEO-001849,LWPOLYLINE,584.1287880003372,245.8022532058883,0
GEO-001850,LWPOLYLINE,582.0544542901966,207.44824739228966,0
GEO-001851,LWPOLYLINE,582.0544529444562,206.6227648330856,0
GEO-001852,LWPOLYLINE,582.0544583274179,205.79726074203464,0
GEO-001853,LWPOLYLINE,582.8164555821072,207.59642417892428,0
GEO-001854,LWPOLYLINE,583.3244537519004,207.59642417892428,0
GEO-001855,LWPOLYLINE,585.9491199341005,206.62275945012385,0
GEO-001856,LWPOLYLINE,587.6424543440262,206.62275945012385,0
GEO-001857,LWPOLYLINE,590.9444599423064,206.62277021604723,0
GEO-001858,LWPOLYLINE,592.2567883233149,206.62277021604723,0
GEO-001859,LWPOLYLINE,593.9501227332405,206.62275945012385,0
GEO-001860,LWPOLYLINE,584.1287880003372,206.28410118087746,0
GEO-001861,LWPOLYLINE,582.0544542901966,129.57608955368016,0
GEO-001862,LWPOLYLINE,582.0544529444562,128.7294358061216,0
GEO-001863,LWPOLYLINE,582.0544583274179,127.90392633210894,0
GEO-001864,LWPOLYLINE,582.8164555821072,129.7030951519603,0
GEO-001865,LWPOLYLINE,583.3244537519004,129.7030951519603,0
GEO-001866,LWPOLYLINE,585.9491199341005,128.72942504019815,0
GEO-001867,LWPOLYLINE,587.6424543440262,128.72942504019815,0
GEO-001868,LWPOLYLINE,590.9444599423064,128.72942504019815,0
GEO-001869,LWPOLYLINE,592.2567883233149,128.72941427427475,0
GEO-001870,LWPOLYLINE,593.9501227332405,128.72942504019815,0
GEO-001871,LWPOLYLINE,584.1287880003372,128.41192719338284,0
GEO-001872,LWPOLYLINE,582.0332857933229,168.90376547904094,0
GEO-001873,LWPOLYLINE,582.0544529444562,168.0570848166739,0
GEO-001874,LWPOLYLINE,582.0544542901966,167.25275729693914,0
GEO-001875,LWPOLYLINE,582.8164555821072,169.0307656943594,0
GEO-001876,LWPOLYLINE,583.3244537519004,169.0307656943594,0
GEO-001877,LWPOLYLINE,585.9491199341005,168.05709019963552,0
GEO-001878,LWPOLYLINE,587.6424543440262,168.05709019963552,0
GEO-001879,LWPOLYLINE,590.9444599423064,168.05710096555896,0
GEO-001880,LWPOLYLINE,592.2567883233149,168.05709558259724,0
GEO-001881,LWPOLYLINE,593.9501227332405,168.05709019963552,0
GEO-001882,LWPOLYLINE,584.1287880003372,167.73958696985855,0
GEO-001883,LWPOLYLINE,672.541952944456,106.57822551833894,0
GEO-001884,LWPOLYLINE,672.5419529444562,105.7315502389336,0
GEO-001885,LWPOLYLINE,672.5419529444562,105.1177203506958,0
GEO-001886,LWPOLYLINE,672.6901189651674,104.90605153084445,0
GEO-001887,LWPOLYLINE,673.3674516525452,106.70523111661915,0
GEO-001888,LWPOLYLINE,673.8754525138193,106.70523111661915,0
GEO-001889,LWPOLYLINE,676.5001146587981,105.73156100485701,0
GEO-001890,LWPOLYLINE,678.193465217609,105.73156100485701,0
GEO-001891,LWPOLYLINE,681.4954439010805,105.73156100485701,0
GEO-001892,LWPOLYLINE,682.8077884309741,105.73156100485701,0
GEO-001893,LWPOLYLINE,684.5011120749764,105.73156100485701,0
GEO-001894,LWPOLYLINE,674.6162880003372,105.41405239211825,0
GEO-001895,LWPOLYLINE,807.5006133668873,111.6582341310777,0
GEO-001896,LWPOLYLINE,807.5006241328106,110.8115588516723,0
GEO-001897,LWPOLYLINE,807.5006241328106,110.1977289634345,0
GEO-001898,LWPOLYLINE,807.6487847705602,109.98607090950655,0
GEO-001899,LWPOLYLINE,808.3261120749764,111.78523972935785,0
GEO-001900,LWPOLYLINE,808.8341129362502,111.78523972935785,0
GEO-001901,LWPOLYLINE,811.4588019960377,110.81154808574891,0
GEO-001902,LWPOLYLINE,813.1521094911548,110.81154808574891,0
GEO-001903,LWPOLYLINE,816.4541473872052,110.8115696175957,0
GEO-001904,LWPOLYLINE,817.7664380874819,110.8115588516723,0
GEO-001905,LWPOLYLINE,819.4597778803693,110.81154808574891,0
GEO-001906,LWPOLYLINE,809.5749591886918,110.49405023893365,0
GEO-001907,LWPOLYLINE,807.5006133668873,70.65813156602344,0
GEO-001908,LWPOLYLINE,807.5006241328106,69.81146705254145,0
GEO-001909,LWPOLYLINE,807.5006241328106,69.19763716430359,0
GEO-001910,LWPOLYLINE,807.6487847705602,68.98596834445223,0
GEO-001911,LWPOLYLINE,808.3261120749764,70.78510486653342,0
GEO-001912,LWPOLYLINE,808.8341129362502,70.78510486653342,0
GEO-001913,LWPOLYLINE,811.4588019960377,69.81145628661805,0
GEO-001914,LWPOLYLINE,813.1521094911548,69.81145628661805,0
GEO-001915,LWPOLYLINE,816.4541473872052,69.81145628661805,0
GEO-001916,LWPOLYLINE,817.7664380874819,69.81146705254145,0
GEO-001917,LWPOLYLINE,819.4597778803693,69.81145628661805,0
GEO-001918,LWPOLYLINE,809.5749591886918,69.49396920572613,0
GEO-001919,LWPOLYLINE,779.200779602917,204.42144032780942,0
GEO-001920,CIRCLE,637.4687368938323,255.7294358061215,0
GEO-001921,LWPOLYLINE,636.9396256400399,256.8935981664189,0
GEO-001922,LWPOLYLINE,638.0402905841589,256.8935981664189,0
GEO-001923,LWPOLYLINE,636.1352873543818,254.9250921375018,0
GEO-001924,LWPOLYLINE,637.384118319212,254.9250921375018,0
GEO-001925,LWPOLYLINE,638.3366172426197,254.9250921375018,0
GEO-001926,CIRCLE,650.5074005460405,255.7294358061215,0
GEO-001927,LWPOLYLINE,649.935946915539,256.8935981664189,0
GEO-001928,LWPOLYLINE,651.0366226255813,256.8935981664189,0
GEO-001929,LWPOLYLINE,649.1739563895516,254.9250921375018,0
GEO-001930,LWPOLYLINE,650.3804611265579,254.9250921375018,0
GEO-001931,LWPOLYLINE,651.6081209030336,254.9250921375018,0
GEO-001932,LWPOLYLINE,643.9669529444561,243.41044183503868,0
GEO-001933,LWPOLYLINE,645.3004471308575,245.61177172327655,0
GEO-001934,LWPOLYLINE,647.2477873543819,248.0882678475441,0
GEO-001935,LWPOLYLINE,637.4687869237448,251.55958912304325,0
GEO-001936,LWPOLYLINE,637.5111185345304,248.70209773578193,0
GEO-001937,LWPOLYLINE,643.2684544516854,243.98192934656754,0
GEO-001938,LWPOLYLINE,641.8291204723967,245.16725751225766,0
GEO-001939,CIRCLE,637.4687367340023,216.2324280546567,0
GEO-001940,LWPOLYLINE,636.9396256400399,217.39659041495406,0
GEO-001941,LWPOLYLINE,638.0402905841589,217.39661194680085,0
GEO-001942,LWPOLYLINE,636.1352873543818,215.42810591788376,0
GEO-001943,LWPOLYLINE,637.384118319212,215.42810591788376,0
GEO-001944,LWPOLYLINE,638.6117996275345,215.42810591788376,0
GEO-001945,CIRCLE,650.5074003862103,216.2324280546567,0
GEO-001946,LWPOLYLINE,649.935946915539,217.39659041495406,0
GEO-001947,LWPOLYLINE,651.0366226255813,217.39661194680085,0
GEO-001948,LWPOLYLINE,649.1739563895516,215.42810591788376,0
GEO-001949,LWPOLYLINE,650.3804611265579,215.42810591788376,0
GEO-001950,LWPOLYLINE,651.6292867084264,215.6397639718117,0
GEO-001951,LWPOLYLINE,651.7774527291377,215.42810591788376,0
GEO-001952,LWPOLYLINE,647.2477873543819,208.59126009607925,0
GEO-001953,LWPOLYLINE,637.4687869237448,212.1049237482874,0
GEO-001954,LWPOLYLINE,643.9246159507089,203.93459450600488,0
GEO-001955,LWPOLYLINE,641.8502862777895,205.6490947213234,0
GEO-001956,CIRCLE,637.4687368603198,177.7937644024486,0
GEO-001957,LWPOLYLINE,636.9396256400399,178.95791599682255,0
GEO-001958,LWPOLYLINE,638.0402905841589,178.9579267627459,0
GEO-001959,LWPOLYLINE,636.1352873543818,176.94708374008155,0
GEO-001960,LWPOLYLINE,637.384118319212,176.94708374008155,0
GEO-001961,LWPOLYLINE,638.6117780956877,176.94708374008155,0
GEO-001962,CIRCLE,650.507400512528,177.7937644024486,0
GEO-001963,LWPOLYLINE,649.935946915539,178.95791599682255,0
GEO-001964,LWPOLYLINE,651.0366226255813,178.9579267627459,0
GEO-001965,LWPOLYLINE,649.1739563895516,176.94708374008155,0
GEO-001966,LWPOLYLINE,650.3804611265579,176.94708374008155,0
GEO-001967,LWPOLYLINE,651.5869550976408,176.94710527192836,0
GEO-001968,LWPOLYLINE,647.2477873543819,170.13143602144004,0
GEO-001969,LWPOLYLINE,637.4687869237448,173.6239284852937,0
GEO-001970,LWPOLYLINE,643.2684490687238,166.00393171507065,0
GEO-001971,LWPOLYLINE,641.8291204723967,167.2315914915464,0
GEO-001972,CIRCLE,637.4687368670075,138.4237407174171,0
GEO-001973,LWPOLYLINE,636.9396256400399,139.58792460956124,0
GEO-001974,LWPOLYLINE,638.0402905841589,139.58790307771443,0
GEO-001975,LWPOLYLINE,636.1352873543818,137.61942934656753,0
GEO-001976,LWPOLYLINE,637.384118319212,137.61944011249096,0
GEO-001977,LWPOLYLINE,638.5694518678638,137.61942934656753,0
GEO-001978,CIRCLE,650.4650796743534,138.4237407174171,0
GEO-001979,LWPOLYLINE,649.935946915539,139.58792460956124,0
GEO-001980,LWPOLYLINE,651.0366226255813,139.58790307771443,0
GEO-001981,LWPOLYLINE,649.1316193958044,137.61942934656753,0
GEO-001982,LWPOLYLINE,650.3804611265579,137.61944011249096,0
GEO-001983,LWPOLYLINE,651.6081209030336,137.61944011249096,0
GEO-001984,LWPOLYLINE,647.226621548989,130.78259429068646,0
GEO-001985,LWPOLYLINE,637.4687869237448,134.2116054872468,0
GEO-001986,LWPOLYLINE,643.2684490687238,126.67625578970984,0
GEO-001987,LWPOLYLINE,641.7867834786495,127.9039370980324,0
GEO-001988,LWPOLYLINE,642.1889499299976,244.4475985970558,0
GEO-001989,LWPOLYLINE,643.0991172426197,244.91326784754403,0
GEO-001990,LWPOLYLINE,637.5111185345305,250.4801007502405,0
GEO-001991,LWPOLYLINE,642.1677895075666,204.95059622855268,0
GEO-001992,LWPOLYLINE,643.0567910147959,205.41626009607924,0
GEO-001993,LWPOLYLINE,637.4687869237449,210.9407613879901,0
GEO-001994,LWPOLYLINE,642.1889499299976,166.51193257634458,0
GEO-001995,LWPOLYLINE,643.0991172426197,166.97759644387116,0
GEO-001996,LWPOLYLINE,637.5111185345305,172.54441858064416,0
GEO-001997,LWPOLYLINE,642.1889499299976,127.18425665098374,0
GEO-001998,LWPOLYLINE,643.0991172426197,127.64992590147205,0
GEO-001999,LWPOLYLINE,637.5111185345305,133.21678033601523,0
GEO-002000,LWPOLYLINE,643.2472886462926,204.4426007502405,0
GEO-002001,LWPOLYLINE,826.2119497146791,95.8678865867255,0
GEO-002002,SOLID,868.3124591886917,83.92988787863632,0
GEO-002003,SOLID,868.3124591886917,83.18906315804169,0
GEO-002004,SOLID,868.3124591886917,83.92988787863632,0
GEO-002005,SOLID,868.3124591886917,83.18906315804169,0
GEO-002006,LWPOLYLINE,867.6351534161224,83.57006918695879,0
GEO-002007,LWPOLYLINE,857.8772649612612,83.5912026945814,0
GEO-002008,LWPOLYLINE,851.5484522985008,83.59123499235159,0
GEO-002009,LWPOLYLINE,851.5272972590312,84.26856229676783,0
GEO-002010,LWPOLYLINE,852.7549462695836,83.5912242264282,0
GEO-002011,SOLID,845.6429342117494,83.9510536840291,0
GEO-002012,SOLID,845.6429342117494,83.18906315804169,0
GEO-002013,LWPOLYLINE,854.8292920913882,83.548903381566,0
GEO-002014,LWPOLYLINE,855.8452722820891,83.46421862814805,0
GEO-002015,LWPOLYLINE,857.0941409276511,83.76056143549397,0
GEO-002016,LWPOLYLINE,857.2211034622377,83.548903381566,0
GEO-002017,LWPOLYLINE,858.279436795571,83.548903381566,0
GEO-002018,LWPOLYLINE,859.4648080249547,83.548903381566,0
GEO-002019,LWPOLYLINE,807.5006133668873,86.99906961759574,0
GEO-002020,LWPOLYLINE,807.5006241328106,86.17354937765975,0
GEO-002021,LWPOLYLINE,807.5006241328106,85.5597302553453,0
GEO-002022,LWPOLYLINE,807.6487847705602,85.34805066957057,0
GEO-002023,LWPOLYLINE,808.3261120749764,87.1472302553453,0
GEO-002024,LWPOLYLINE,808.8341129362502,87.1472302553453,0
GEO-002025,LWPOLYLINE,811.4588019960377,86.17356014358316,0
GEO-002026,LWPOLYLINE,813.1521094911548,86.17356014358316,0
GEO-002027,LWPOLYLINE,816.4541473872052,86.17358167542994,0
GEO-002028,LWPOLYLINE,817.7664380874819,86.17357090950654,0
GEO-002029,LWPOLYLINE,819.4597778803693,86.17356014358316,0
GEO-002030,LWPOLYLINE,809.5749591886918,85.83489649137503,0
GEO-002031,LWPOLYLINE,759.5581370519187,127.6465762191054,0
GEO-002032,LWPOLYLINE,819.6291150894349,148.9381624434782,0
GEO-002033,SOLID,868.3110456052057,126.46662939372851,0
GEO-002034,SOLID,868.3110456052057,125.72579390721046,0
GEO-002035,SOLID,868.3110456052057,126.46662939372851,0
GEO-002036,SOLID,868.3110456052057,125.72579390721046,0
GEO-002037,LWPOLYLINE,867.6337398326363,126.10678917020415,0
GEO-002038,LWPOLYLINE,857.8772649612612,148.98048328834034,0
GEO-002039,LWPOLYLINE,851.5484522985008,148.98048328834034,0
GEO-002040,LWPOLYLINE,851.5272972590312,149.65782135868,0
GEO-002041,LWPOLYLINE,852.7549462695836,148.98048328834034,0
GEO-002042,SOLID,845.6429342117494,149.3403235118647,0
GEO-002043,SOLID,845.6429342117494,148.57832221995392,0
GEO-002044,LWPOLYLINE,854.3424462695837,148.98049405426374,0
GEO-002045,LWPOLYLINE,855.189143080836,148.98049405426374,0
GEO-002046,LWPOLYLINE,854.7657946752098,149.0228256650493,0
GEO-002047,LWPOLYLINE,856.0569411019403,148.98049405426374,0
GEO-002048,LWPOLYLINE,855.9087696982674,149.0228256650493,0
GEO-002049,LWPOLYLINE,856.0569411019403,148.3454983606331,0
GEO-002050,LWPOLYLINE,857.1152959671206,148.8958093008458,0
GEO-002051,LWPOLYLINE,858.32177917228,148.98050482018715,0
GEO-002052,LWPOLYLINE,859.5494281828323,148.98049405426374,0
GEO-002053,LWPOLYLINE,860.7347778803692,148.98049405426374,0
GEO-002054,LWPOLYLINE,1412.78422115056,287.8667204962836,0
GEO-002055,LWPOLYLINE,1415.4088671466534,287.8667204962836,0
GEO-002056,LWPOLYLINE,1417.758400736335,287.8667204962836,0
GEO-002057,LWPOLYLINE,1417.8007108152729,289.0520594278971,0
GEO-002058,LWPOLYLINE,1419.7904257132764,287.8667204962836,0
GEO-002059,LWPOLYLINE,1419.4940829059306,287.9513944837782,0
GEO-002060,LWPOLYLINE,1421.9917340696675,287.8667204962836,0
GEO-002061,LWPOLYLINE,1419.430574723829,148.7170529683431,0
GEO-002062,LWPOLYLINE,1456.366423129455,21.039704132080075,0
GEO-002063,LWPOLYLINE,1456.366423129455,13.779552968343094,0
GEO-002064,LWPOLYLINE,1259.5587453200574,148.71705296834307,0
GEO-002065,LWPOLYLINE,1260.7652453469725,148.7170529683431,0
GEO-002066,LWPOLYLINE,1461.150067403001,148.7170529683431,0
GEO-002067,LWPOLYLINE,1458.779411071621,148.7170529683431,0
GEO-002068,LWPOLYLINE,1427.389251295145,148.7170529683431,0
GEO-002069,LWPOLYLINE,1457.572917100538,3.640723080105251,0
GEO-002070,LWPOLYLINE,1457.572917100538,293.79338285658093,0
GEO-002071,LWPOLYLINE,1059.830067941297,148.7170529683431,0
GEO-002072,LWPOLYLINE,1419.4305854897525,46.48204650878905,0
GEO-002073,LWPOLYLINE,1419.4305854897525,49.61471489800347,0
GEO-002074,LWPOLYLINE,1419.4305854897525,40.72471059163411,0
GEO-002075,LWPOLYLINE,1383.5742254569295,45.1273811340332,0
GEO-002076,LWPOLYLINE,1383.7858942767805,44.80987252129448,0
GEO-002077,LWPOLYLINE,1384.8865699868225,45.1273811340332,0
GEO-002078,LWPOLYLINE,1384.7172220118337,45.16970197889539,0
GEO-002079,LWPOLYLINE,1386.241246127502,45.1273811340332,0
GEO-002080,LWPOLYLINE,1387.405386955953,51.32920973036023,0
GEO-002081,LWPOLYLINE,1440.830032952046,51.32920973036023,0
GEO-002082,LWPOLYLINE,1450.990050177524,51.32920973036023,0
GEO-002083,LWPOLYLINE,1443.2430854897525,45.1273811340332,0
GEO-002084,LWPOLYLINE,1444.6400717093707,45.1273811340332,0
GEO-002085,LWPOLYLINE,1444.6612375147636,44.87340223524305,0
GEO-002086,LWPOLYLINE,1446.037079460835,45.1273811340332,0
GEO-002087,LWPOLYLINE,1445.9947478500494,45.80471920437282,0
GEO-002088,LWPOLYLINE,1447.1589317421935,45.1273811340332,0
GEO-002089,LWPOLYLINE,1446.9684179618116,45.16970197889539,0
GEO-002090,LWPOLYLINE,1409.4822478500496,45.00038630167642,0
GEO-002091,LWPOLYLINE,1410.8580790301985,45.00038630167642,0
GEO-002092,LWPOLYLINE,1410.6887418211327,45.04270714653862,0
GEO-002093,LWPOLYLINE,1412.1280596515367,45.00037553575302,0
GEO-002094,LWPOLYLINE,1413.440425713277,45.00038630167642,0
GEO-002095,LWPOLYLINE,1414.7739145167166,45.00038630167642,0
GEO-002096,LWPOLYLINE,1415.006759907884,44.68287768893771,0
GEO-002097,LWPOLYLINE,1415.684065680453,45.00038630167642,0
GEO-002098,LWPOLYLINE,1416.6788800657614,45.00038630167642,0
GEO-002099,LWPOLYLINE,1418.054722011834,45.00038630167642,0
GEO-002100,LWPOLYLINE,1418.0547435436806,45.67772437201605,0
GEO-002101,LWPOLYLINE,1418.774445522576,45.00038630167642,0
GEO-002102,LWPOLYLINE,1419.811548454976,45.00038630167642,0
GEO-002103,LWPOLYLINE,1421.1662245956554,45.00038630167642,0
GEO-002104,LWPOLYLINE,1452.0271961736175,45.1273703681098,0
GEO-002105,LWPOLYLINE,1452.852727179477,45.1273811340332,0
GEO-002106,LWPOLYLINE,1453.868707370178,45.1273811340332,0
GEO-002107,LWPOLYLINE,1455.202239237311,45.1273811340332,0
GEO-002108,LWPOLYLINE,1419.430574723829,52.70505167643229,0
GEO-002109,LWPOLYLINE,1419.430574723829,55.88005167643228,0
GEO-002110,LWPOLYLINE,1151.8203966452834,94.3187153286404,0
GEO-002111,ARC,1139.2897261259754,98.10116004876525,0
GEO-002112,LWPOLYLINE,1126.759071063415,94.3398811340332,0
GEO-002113,LWPOLYLINE,1151.8203966452834,77.95688027275932,0
GEO-002114,ARC,1139.28974391481,60.4353867320677,0
GEO-002115,LWPOLYLINE,1126.759071063415,77.93571446736652,0
GEO-002116,LWPOLYLINE,1220.019393846144,71.46401108635797,0
GEO-002117,LWPOLYLINE,1232.625066331075,106.3412674894109,0
GEO-002118,LWPOLYLINE,1132.114237837741,113.43221274481874,0
GEO-002119,LWPOLYLINE,1132.135395568691,110.63821877373584,0
GEO-002120,LWPOLYLINE,1132.135395568691,115.9722170511881,0
GEO-002121,LWPOLYLINE,1132.135395568691,118.00421511332189,0
GEO-002122,LWPOLYLINE,1132.135395568691,120.4172192043728,0
GEO-002123,LWPOLYLINE,1132.135395568691,122.61854909261065,0
GEO-002124,LWPOLYLINE,1132.135395568691,124.2907123141818,0
GEO-002125,LWPOLYLINE,1131.394562773654,124.7563815646701,0
GEO-002126,LWPOLYLINE,1125.1080628813133,124.7563815646701,0
GEO-002127,LWPOLYLINE,1122.716227287136,124.7563815646701,0
GEO-002128,LWPOLYLINE,1120.3032285790468,124.7563815646701,0
GEO-002129,LWPOLYLINE,1117.8902271794764,124.7563815646701,0
GEO-002130,LWPOLYLINE,1115.4560626659945,124.7563815646701,0
GEO-002131,LWPOLYLINE,1113.0430639579054,124.7563815646701,0
GEO-002132,LWPOLYLINE,1110.6300652498167,124.7563815646701,0
GEO-002133,LWPOLYLINE,1108.1958953533726,124.7563815646701,0
GEO-002134,LWPOLYLINE,1105.7617308398903,124.7563815646701,0
GEO-002135,LWPOLYLINE,1103.369895245714,124.7563815646701,0
GEO-002136,LWPOLYLINE,1100.9568965376243,124.7563815646701,0
GEO-002137,LWPOLYLINE,1098.5650609434474,124.7563815646701,0
GEO-002138,LWPOLYLINE,1096.130893738484,124.7563815646701,0
GEO-002139,LWPOLYLINE,1093.696729225002,124.7563815646701,0
GEO-002140,LWPOLYLINE,1091.3683937384844,124.7563815646701,0
GEO-002141,SOLID,1089.9714021359046,125.11621102227099,0
GEO-002142,SOLID,1089.9714021359046,124.3542097303602,0
GEO-002143,SOLID,1089.9714021359046,125.11621102227099,0
GEO-002144,SOLID,1089.9714021359046,124.3542097303602,0
GEO-002145,LWPOLYLINE,1089.294066757046,124.7140391879611,0
GEO-002146,LWPOLYLINE,1079.5362348232825,124.75638156467011,0
GEO-002147,LWPOLYLINE,1075.3875674030014,124.7563869476318,0
GEO-002148,LWPOLYLINE,1075.23940138229,124.7987131754557,0
GEO-002149,LWPOLYLINE,1076.572900951653,124.7563869476318,0
GEO-002150,LWPOLYLINE,1076.403566434068,124.7987131754557,0
GEO-002151,LWPOLYLINE,1077.779400305698,124.7563869476318,0
GEO-002152,LWPOLYLINE,1077.58889998272,124.7987131754557,0
GEO-002153,LWPOLYLINE,1079.0070668108756,124.7563869476318,0
GEO-002154,SOLID,1131.0135648191795,125.11621102227099,0
GEO-002155,SOLID,1131.0135648191795,124.3542097303602,0
GEO-002156,LWPOLYLINE,1069.6090676990639,119.84570477803545,0
GEO-002157,LWPOLYLINE,1070.7097339889235,119.90921834309896,0
GEO-002158,LWPOLYLINE,1072.0855678605526,119.90921834309896,0
GEO-002159,LWPOLYLINE,1072.0855658419418,119.6763837178548,0
GEO-002160,LWPOLYLINE,1073.3132343657305,119.90921834309896,0
GEO-002161,LWPOLYLINE,1074.6044003056975,119.88806330362955,0
GEO-002162,LWPOLYLINE,1075.937901220801,119.88805792066785,0
GEO-002163,LWPOLYLINE,1075.937901220801,119.6763837178548,0
GEO-002164,LWPOLYLINE,1077.102064926839,119.88805792066785,0
GEO-002165,LWPOLYLINE,1079.3034001980386,119.88805792066785,0
GEO-002166,LWPOLYLINE,1079.3245686949122,119.6763837178548,0
GEO-002167,LWPOLYLINE,1080.5522338543497,119.88805253770616,0
GEO-002168,LWPOLYLINE,1081.7587345541344,119.88805253770616,0
GEO-002169,LWPOLYLINE,1082.605400413357,119.88805253770616,0
GEO-002170,LWPOLYLINE,1083.45206761832,119.88805253770616,0
GEO-002171,LWPOLYLINE,1083.473233423712,120.4807166205512,0
GEO-002172,LWPOLYLINE,1084.129400305698,119.88805253770616,0
GEO-002173,LWPOLYLINE,1085.0395662725791,119.88806330362955,0
GEO-002174,LWPOLYLINE,1086.2672341234975,119.88805792066785,0
GEO-002175,LWPOLYLINE,1087.283231808824,119.84571554395885,0
GEO-002176,LWPOLYLINE,1071.260068479594,124.7563869476318,0
GEO-002177,LWPOLYLINE,1069.863068802571,123.16888694763179,0
GEO-002178,LWPOLYLINE,1069.863067456831,124.3118942684597,0
GEO-002179,LWPOLYLINE,1069.863067456831,125.39137187533899,0
GEO-002180,LWPOLYLINE,1070.138234365731,125.3913934071858,0
GEO-002181,LWPOLYLINE,1069.8630681297009,126.4920529683431,0
GEO-002182,LWPOLYLINE,1157.641229978617,65.74370456271701,0
GEO-002183,SOLID,1220.019404612067,114.5540434943305,0
GEO-002184,LWPOLYLINE,1219.998233423712,234.92888802422414,0
GEO-002185,SOLID,1220.358062881313,235.9237239413791,0
GEO-002186,SOLID,1220.1463994444234,235.07704866197378,0
GEO-002187,LWPOLYLINE,1222.3477347156236,233.214382425944,0
GEO-002188,LWPOLYLINE,1222.3477400985853,234.33620240953235,0
GEO-002189,LWPOLYLINE,1222.622906334615,234.50555038452146,0
GEO-002190,LWPOLYLINE,1222.3477347156236,235.43687811957466,0
GEO-002191,LWPOLYLINE,1222.390060943447,236.5163772583008,0
GEO-002192,LWPOLYLINE,1220.0405596515366,138.38772006564665,0
GEO-002193,LWPOLYLINE,1096.787068694912,148.20905210706923,0
GEO-002194,LWPOLYLINE,1096.787068694912,141.7743835025363,0
GEO-002195,LWPOLYLINE,1096.787068694912,135.29738328721788,0
GEO-002196,LWPOLYLINE,1096.787068694912,128.8838804880778,0
GEO-002197,LWPOLYLINE,1096.787068694912,122.42804607815211,0
GEO-002198,LWPOLYLINE,1096.787068694912,115.9933828565809,0
GEO-002199,LWPOLYLINE,1096.787068694912,109.51638802422414,0
GEO-002200,SOLID,1219.9982334237125,248.3273918999566,0
GEO-002201,SOLID,1132.114237837741,116.62838931613496,0
GEO-002202,LWPOLYLINE,1139.289728471388,55.499045647515175,0
GEO-002203,LWPOLYLINE,1139.332065465135,46.439714898003466,0
GEO-002204,LWPOLYLINE,1139.3532366534896,44.59821446736653,0
GEO-002205,LWPOLYLINE,1081.9280811833837,149.2250430636936,0
GEO-002206,LWPOLYLINE,1081.928081183383,148.3995443556044,0
GEO-002207,LWPOLYLINE,1083.028746127502,148.3995443556044,0
GEO-002208,LWPOLYLINE,1083.5579127941685,148.4207101609972,0
GEO-002209,LWPOLYLINE,1084.087079460835,148.3995443556044,0
GEO-002210,LWPOLYLINE,1085.187734984771,148.3995443556044,0
GEO-002211,LWPOLYLINE,1084.9125660572604,148.4207209269206,0
GEO-002212,LWPOLYLINE,1086.8387337466904,148.3995443556044,0
GEO-002213,LWPOLYLINE,1086.9657353077496,147.9973832872179,0
GEO-002214,LWPOLYLINE,1088.4473982063423,148.3995443556044,0
GEO-002215,LWPOLYLINE,1090.098402351223,148.3995443556044,0
GEO-002216,LWPOLYLINE,1090.098402351223,148.124388885498,0
GEO-002217,LWPOLYLINE,1091.7282312705274,148.3995443556044,0
GEO-002218,LWPOLYLINE,1091.7282312705274,148.3995443556044,0
GEO-002219,LWPOLYLINE,1100.1313951380544,148.39955512152775,0
GEO-002220,LWPOLYLINE,1101.7400690178895,148.3995443556044,0
GEO-002221,LWPOLYLINE,1101.46490278186,148.4207209269206,0
GEO-002222,LWPOLYLINE,1103.391066434068,148.3995443556044,0
GEO-002223,LWPOLYLINE,1105.0209007363346,148.3995443556044,0
GEO-002224,LWPOLYLINE,1105.147900951653,147.9973832872179,0
GEO-002225,LWPOLYLINE,1106.65073234712,148.3995443556044,0
GEO-002226,LWPOLYLINE,1106.37556611109,148.4207209269206,0
GEO-002227,LWPOLYLINE,1106.65073234712,147.5740564134386,0
GEO-002228,LWPOLYLINE,1108.3017324547795,148.39955512152775,0
GEO-002229,LWPOLYLINE,1108.3017324547795,148.39955512152775,0
GEO-002230,SOLID,1095.686399713572,146.7062207116021,0
GEO-002231,SOLID,1095.686399713572,145.56321339077414,0
GEO-002232,SOLID,1097.9512337466904,146.7062207116021,0
GEO-002233,SOLID,1097.9512337466904,145.56321339077414,0
GEO-002234,LWPOLYLINE,1097.972402243564,146.1347170511881,0
GEO-002235,LWPOLYLINE,1086.690567725979,146.1770486619737,0
GEO-002236,LWPOLYLINE,1089.4210683181045,146.1770486619737,0
GEO-002237,LWPOLYLINE,1092.6595684257636,146.1770486619737,0
GEO-002238,LWPOLYLINE,1095.8557342311565,146.1770486619737,0
GEO-002239,LWPOLYLINE,1099.0942329930756,146.1770486619737,0
GEO-002240,LWPOLYLINE,1102.311569986823,146.1770486619737,0
GEO-002241,LWPOLYLINE,1105.084400843994,146.1770486619737,0
GEO-002242,LWPOLYLINE,1434.0779041814299,16.06553531222873,0
GEO-002243,LWPOLYLINE,1434.903435187289,16.065535312228725,0
GEO-002244,LWPOLYLINE,1435.792399013787,16.065535312228725,0
GEO-002245,LWPOLYLINE,1435.3479171005379,16.08670111762152,0
GEO-002246,LWPOLYLINE,1436.7237159829165,16.065535312228725,0
GEO-002247,LWPOLYLINE,1436.5543895397745,16.08670111762152,0
GEO-002248,LWPOLYLINE,1437.9302530176928,16.065535312228725,0
GEO-002249,LWPOLYLINE,1437.7820708480965,16.08670111762152,0
GEO-002250,LWPOLYLINE,1437.9302530176928,15.4093522813585,0
GEO-002251,LWPOLYLINE,1439.179100131408,16.065535312228725,0
GEO-002252,LWPOLYLINE,1439.157891262322,16.72171834309895,0
GEO-002253,LWPOLYLINE,1443.8145622353582,16.065556844075516,0
GEO-002254,LWPOLYLINE,1445.1057624917055,16.04439103868272,0
GEO-002255,LWPOLYLINE,1444.957601853956,16.08670111762152,0
GEO-002256,LWPOLYLINE,1384.2515527613455,12.23438457912869,0
GEO-002257,LWPOLYLINE,1385.6274162392647,12.234395345052086,0
GEO-002258,LWPOLYLINE,1385.881405903978,11.93805253770616,0
GEO-002259,LWPOLYLINE,1387.087878343214,12.234373813205291,0
GEO-002260,LWPOLYLINE,1387.0667233037443,12.06506890190972,0
GEO-002261,LWPOLYLINE,1388.6542340696674,12.234363047281896,0
GEO-002262,LWPOLYLINE,1389.564428297098,12.234373813205291,0
GEO-002263,LWPOLYLINE,1390.538087642937,12.234373813205291,0
GEO-002264,LWPOLYLINE,1391.99856051281,12.234363047281896,0
GEO-002265,LWPOLYLINE,1394.559752156419,12.234373813205291,0
GEO-002266,LWPOLYLINE,1394.5385863510264,12.91170111762152,0
GEO-002267,LWPOLYLINE,1395.279411071621,12.234373813205291,0
GEO-002268,LWPOLYLINE,1396.253059651536,12.234373813205291,0
GEO-002269,LWPOLYLINE,1396.2319261439134,12.91170111762152,0
GEO-002270,LWPOLYLINE,1397.396056206441,12.234373813205291,0
GEO-002271,LWPOLYLINE,1398.496731916483,12.234373813205291,0
GEO-002272,LWPOLYLINE,1398.3273947074176,12.31905856662326,0
GEO-002273,LWPOLYLINE,1400.592254309604,12.424887593587236,0
GEO-002274,LWPOLYLINE,1400.592254309604,11.662864769829639,0
GEO-002275,LWPOLYLINE,1432.9349076265255,26.07740266587999,0
GEO-002276,LWPOLYLINE,1434.268396429965,26.077391899956602,0
GEO-002277,LWPOLYLINE,1434.522407626525,25.75989405314128,0
GEO-002278,LWPOLYLINE,1435.7289231294556,26.077391899956602,0
GEO-002279,LWPOLYLINE,1435.7077357922155,25.82340223524305,0
GEO-002280,LWPOLYLINE,1437.2952357922154,26.077381134033203,0
GEO-002281,LWPOLYLINE,1438.205386955953,26.077391899956602,0
GEO-002282,LWPOLYLINE,1439.157891262322,26.077391899956602,0
GEO-002283,LWPOLYLINE,1440.639562235358,26.07740266587999,0
GEO-002284,LWPOLYLINE,1443.2007538789671,26.077391899956602,0
GEO-002285,LWPOLYLINE,1444.724777994635,26.077381134033203,0
GEO-002286,LWPOLYLINE,1445.698405042704,25.463562011718757,0
GEO-002287,LWPOLYLINE,1432.9349076265255,38.967862616644965,0
GEO-002288,LWPOLYLINE,1434.2472306245725,38.96787338256836,0
GEO-002289,LWPOLYLINE,1434.0779041814299,39.03138156467014,0
GEO-002290,LWPOLYLINE,1435.53843088092,38.96790568033853,0
GEO-002291,LWPOLYLINE,1436.385084628479,38.96787338256836,0
GEO-002292,LWPOLYLINE,1437.4010648191795,38.96787338256836,0
GEO-002293,LWPOLYLINE,1438.734575154466,38.96787338256836,0
GEO-002294,LWPOLYLINE,1432.9349076265255,35.70819939507378,0
GEO-002295,LWPOLYLINE,1434.268396429965,35.70822092692056,0
GEO-002296,LWPOLYLINE,1434.522407626525,35.39071231418185,0
GEO-002297,LWPOLYLINE,1435.7289231294556,35.70821016099717,0
GEO-002298,LWPOLYLINE,1435.7077357922155,35.47539706759982,0
GEO-002299,LWPOLYLINE,1437.2952357922154,35.70822092692056,0
GEO-002300,LWPOLYLINE,1438.6498904010484,35.70821016099717,0
GEO-002301,LWPOLYLINE,1452.4082237343814,17.35669250488281,0
GEO-002302,LWPOLYLINE,1452.641069125549,17.03920542399088,0
GEO-002303,LWPOLYLINE,1453.7628998750606,17.356714036729596,0
GEO-002304,LWPOLYLINE,1453.614739237311,17.3990241156684,0
GEO-002305,LWPOLYLINE,1455.0752444049544,17.356714036729596,0
GEO-002306,LWPOLYLINE,1432.998405042704,29.35821016099718,0
GEO-002307,LWPOLYLINE,1433.0195708480965,29.12539706759983,0
GEO-002308,LWPOLYLINE,1434.3742254569295,29.35822092692057,0
GEO-002309,LWPOLYLINE,1435.7500458711545,29.35822092692057,0
GEO-002310,LWPOLYLINE,1437.1259093490735,29.35822092692057,0
GEO-002311,LWPOLYLINE,1437.3375674030015,29.040712314181853,0
GEO-002312,LWPOLYLINE,1438.544061374084,29.35822092692057,0
GEO-002313,LWPOLYLINE,1439.9622564627884,29.35821016099718,0
GEO-002314,LWPOLYLINE,1441.1898947074174,29.35821016099718,0
GEO-002315,LWPOLYLINE,1441.0205897961218,29.37938673231336,0
GEO-002316,LWPOLYLINE,1442.4599076265256,29.358199395073783,0
GEO-002317,LWPOLYLINE,1432.871410210347,9.228743320041232,0
GEO-002318,LWPOLYLINE,1434.2048990137869,9.228689490424262,0
GEO-002319,LWPOLYLINE,1435.6230725706446,9.22871102227105,0
GEO-002320,LWPOLYLINE,1435.601885233405,9.059352281358507,0
GEO-002321,LWPOLYLINE,1436.935417100538,9.22871102227105,0
GEO-002322,LWPOLYLINE,1438.0360605128099,9.22871102227105,0
GEO-002323,LWPOLYLINE,1437.8667556015143,9.313385009765625,0
GEO-002324,LWPOLYLINE,1438.9462547402404,9.419192504882812,0
GEO-002325,LWPOLYLINE,1438.9462547402404,8.614870368109809,0
GEO-002326,LWPOLYLINE,1384.0187289020246,25.823369937472876,0
GEO-002327,LWPOLYLINE,1385.267554483893,25.823391469319667,0
GEO-002328,LWPOLYLINE,1386.008400736335,25.823391469319667,0
GEO-002329,LWPOLYLINE,1386.939739237311,25.823391469319667,0
GEO-002330,LWPOLYLINE,1386.770423560092,25.82340223524305,0
GEO-002331,LWPOLYLINE,1388.2097306245726,25.823391469319667,0
GEO-002332,LWPOLYLINE,1389.649069986823,25.823391469319667,0
GEO-002333,LWPOLYLINE,1389.6702357922154,26.50072953965929,0
GEO-002334,LWPOLYLINE,1431.135749572598,22.754220496283633,0
GEO-002335,LWPOLYLINE,1406.8152379454004,27.55906287299262,0
GEO-002336,LWPOLYLINE,1419.430574723829,13.8007080078125,0
GEO-002337,LWPOLYLINE,1443.20073234712,34.16304177178277,0
GEO-002338,LWPOLYLINE,1450.990050177524,34.16304177178277,0
GEO-002339,LWPOLYLINE,1451.0112159829164,4.783708869086371,0
GEO-002340,LWPOLYLINE,1443.75106481918,37.42271575927734,0
GEO-002341,LWPOLYLINE,1443.75106481918,34.16305253770616,0
GEO-002342,LWPOLYLINE,1443.75106481918,30.8610361735026,0
GEO-002343,LWPOLYLINE,1443.75106481918,27.60137295193143,0
GEO-002344,LWPOLYLINE,1419.430563957906,43.60336778428819,0
GEO-002345,LWPOLYLINE,1419.430563957906,4.783708869086371,0
GEO-002346,LWPOLYLINE,1443.75106481918,18.58437381320529,0
GEO-002347,LWPOLYLINE,1450.990050177524,16.192540910508896,0
GEO-002348,LWPOLYLINE,1443.751086351026,9.292208438449435,0
GEO-002349,LWPOLYLINE,1390.622718566738,25.95037553575304,0
GEO-002350,LWPOLYLINE,1390.622718566738,25.46354047987196,0
GEO-002351,LWPOLYLINE,1432.9349076265255,32.89303961859808,0
GEO-002352,LWPOLYLINE,1433.802727179477,32.89305038452148,0
GEO-002353,LWPOLYLINE,1434.2472306245725,32.89303961859808,0
GEO-002354,LWPOLYLINE,1434.691734069668,32.89305038452148,0
GEO-002355,LWPOLYLINE,1435.6019067652514,32.89305038452148,0
GEO-002356,LWPOLYLINE,1435.369082905931,32.89303961859808,0
GEO-002357,LWPOLYLINE,1436.9142082314515,32.89303961859808,0
GEO-002358,LWPOLYLINE,1437.782070848097,32.89305038452148,0
GEO-002359,LWPOLYLINE,1438.2265742931925,33.2317140367296,0
GEO-002360,LWPOLYLINE,1438.353569125549,32.55437596638997,0
GEO-002361,LWPOLYLINE,1439.5812504338714,32.89305038452148,0
GEO-002362,LWPOLYLINE,1439.348426574551,32.89303961859808,0
GEO-002363,LWPOLYLINE,1440.8935949637655,32.89305038452148,0
GEO-002364,LWPOLYLINE,1440.660749572598,32.89305038452148,0
GEO-002365,LWPOLYLINE,1453.6782581853358,16.21371748182508,0
GEO-002366,LWPOLYLINE,1259.5587547402406,2.497715759277343,0
GEO-002367,LWPOLYLINE,1260.4900717093706,0.2540542602539062,0
GEO-002368,SOLID,1307.2472306245725,249.8090521070692,0
GEO-002369,SOLID,1307.2472306245725,249.0470508151584,0
GEO-002370,SOLID,1089.6538975603876,249.8090521070692,0
GEO-002371,SOLID,1089.6538975603876,249.0682166205512,0
GEO-002372,SOLID,1089.6538975603876,249.8090521070692,0
GEO-002373,SOLID,1089.6538975603876,249.0682166205512,0
GEO-002374,LWPOLYLINE,1088.997729332662,249.4492118835449,0
GEO-002375,LWPOLYLINE,1136.305234177327,250.86739620632602,0
GEO-002376,LWPOLYLINE,1216.9502228731076,249.38572523329,0
GEO-002377,LWPOLYLINE,1079.197567133853,249.11054823133685,0
GEO-002378,LWPOLYLINE,1069.5244011131415,249.5338858710395,0
GEO-002379,LWPOLYLINE,1069.312734984771,249.5127200656467,0
GEO-002380,LWPOLYLINE,1070.815567725979,249.5338858710395,0
GEO-002381,LWPOLYLINE,1070.921402135905,249.19522221883142,0
GEO-002382,LWPOLYLINE,1072.1279008170786,249.5338858710395,0
GEO-002383,LWPOLYLINE,1073.419066757046,249.5338858710395,0
GEO-002384,LWPOLYLINE,1076.0225657881124,249.5338858710395,0
GEO-002385,LWPOLYLINE,1077.334900897823,249.5338858710395,0
GEO-002386,LWPOLYLINE,1077.1020676183196,249.5127200656467,0
GEO-002387,LWPOLYLINE,1078.6260688564012,249.5338751051161,0
GEO-002388,LWPOLYLINE,1140.983068264275,51.0752092997233,0
GEO-002389,LWPOLYLINE,1133.828724595655,108.52154134114579,0
GEO-002390,LWPOLYLINE,1133.6805639579056,109.93971489800344,0
GEO-002391,LWPOLYLINE,1133.6805720323484,111.06155641343855,0
GEO-002392,LWPOLYLINE,1133.6805693408674,111.86588931613494,0
GEO-002393,LWPOLYLINE,1134.294404612067,111.97171834309896,0
GEO-002394,LWPOLYLINE,1141.1947370841267,48.090723080105235,0
GEO-002395,LWPOLYLINE,1140.8772365458299,48.090723080105235,0
GEO-002396,LWPOLYLINE,1140.8772365458299,49.5088751051161,0
GEO-002397,LWPOLYLINE,1134.0192303015947,105.5582101609971,0
GEO-002398,LWPOLYLINE,1133.4053977218755,105.5582101609971,0
GEO-002399,LWPOLYLINE,1133.722898260172,105.3677071465386,0
GEO-002400,LWPOLYLINE,1133.722898260172,106.99754952324756,0
GEO-002401,LWPOLYLINE,1139.3108942767803,48.95854263305664,0
GEO-002402,LWPOLYLINE,1139.3108942767803,51.20221489800346,0
GEO-002403,LWPOLYLINE,1139.3108942767806,50.10154995388454,0
GEO-002404,LWPOLYLINE,1220.019393846144,196.42368297547182,0
GEO-002405,LWPOLYLINE,1220.019393846144,243.0357252332899,0
GEO-002406,LWPOLYLINE,1132.1142324547795,106.38370886908635,0
GEO-002407,LWPOLYLINE,1132.1142324547795,108.62737036810975,0
GEO-002408,LWPOLYLINE,1132.1353955686914,107.52672695583766,0
GEO-002409,LWPOLYLINE,1157.1543949227355,18.36381358989547,0
GEO-002410,LWPOLYLINE,1156.963897291239,18.38494709751808,0
GEO-002411,LWPOLYLINE,1158.4879052580227,18.36381358989547,0
GEO-002412,LWPOLYLINE,1158.2974022435642,18.38494709751808,0
GEO-002413,LWPOLYLINE,1159.906062665995,18.36381358989547,0
GEO-002414,LWPOLYLINE,1159.6943992291049,18.38494709751808,0
GEO-002415,LWPOLYLINE,1161.345402028245,18.36381358989547,0
GEO-002416,LWPOLYLINE,1157.260234715623,13.315273446462495,0
GEO-002417,LWPOLYLINE,1159.038237730082,13.315273446462495,0
GEO-002418,LWPOLYLINE,1160.6468981525131,13.31531651015607,0
GEO-002419,LWPOLYLINE,1163.123399659742,13.505797992767835,0
GEO-002420,LWPOLYLINE,1163.123399659742,12.616791102576865,0
GEO-002421,LWPOLYLINE,1166.086736222852,13.315305744232674,0
GEO-002422,LWPOLYLINE,1167.5472306245724,13.315305744232674,0
GEO-002423,LWPOLYLINE,1196.492138417286,18.98651334974501,0
GEO-002424,LWPOLYLINE,1198.1431465993874,18.98651334974501,0
GEO-002425,LWPOLYLINE,1198.2701414317444,18.584341515435113,0
GEO-002426,LWPOLYLINE,1199.7518124047806,18.98651334974501,0
GEO-002427,LWPOLYLINE,1199.4766461687504,19.0076899210612,0
GEO-002428,LWPOLYLINE,1199.7518124047806,18.16101464165582,0
GEO-002429,LWPOLYLINE,1201.4028098209583,19.0076899210612,0
GEO-002430,LWPOLYLINE,1202.503474765078,18.986524115668406,0
GEO-002431,LWPOLYLINE,1203.0326414317444,19.0076899210612,0
GEO-002432,LWPOLYLINE,1203.561808098411,18.986524115668406,0
GEO-002433,LWPOLYLINE,1204.662483808453,18.98651334974501,0
GEO-002434,LWPOLYLINE,1204.3873175724234,19.0076899210612,0
GEO-002435,LWPOLYLINE,1206.3134704587087,18.98651334974501,0
GEO-002436,LWPOLYLINE,1206.3134704587087,18.71132558186849,0
GEO-002437,LWPOLYLINE,1207.9433236013406,19.81203358968099,0
GEO-002438,LWPOLYLINE,1207.922136264101,18.98651334974501,0
GEO-002439,LWPOLYLINE,1209.573144446203,18.98651334974501,0
GEO-002440,LWPOLYLINE,1209.297978210173,19.0076899210612,0
GEO-002441,LWPOLYLINE,1211.2241526283046,18.98651334974501,0
GEO-002442,LWPOLYLINE,1211.3511474606617,18.584341515435113,0
GEO-002443,LWPOLYLINE,1169.452239237311,13.696268709456206,0
GEO-002444,LWPOLYLINE,1169.452239237311,13.01896293688676,0
GEO-002445,LWPOLYLINE,1170.4258985831495,13.357615823171486,0
GEO-002446,LWPOLYLINE,1170.5528934155066,12.68031005060204,0
GEO-002447,LWPOLYLINE,1171.6535637425875,13.357615823171486,0
GEO-002448,LWPOLYLINE,1144.115736653489,102.38321016099715,0
GEO-002449,LWPOLYLINE,1144.115736653489,110.9345508151584,0
GEO-002450,LWPOLYLINE,1144.1157312705275,108.90253660413956,0
GEO-002451,LWPOLYLINE,1144.1157312705275,106.63772006564665,0
GEO-002452,LWPOLYLINE,1144.1157366534894,107.73838500976555,0
GEO-002453,LWPOLYLINE,1145.851397291239,108.86021575927731,0
GEO-002454,LWPOLYLINE,1145.6608996597424,110.1302071465386,0
GEO-002455,LWPOLYLINE,1145.6608996597424,111.2732359992133,0
GEO-002456,LWPOLYLINE,1145.36456761832,112.3738794114854,0
GEO-002457,LWPOLYLINE,1145.9784028895197,112.3738794114854,0
GEO-002458,LWPOLYLINE,1145.9784028895197,105.6217183430989,0
GEO-002459,LWPOLYLINE,1145.36456761832,105.6217183430989,0
GEO-002460,LWPOLYLINE,1145.6608996597424,105.410060289171,0
GEO-002461,LWPOLYLINE,1145.6608996597424,107.03988113403315,0
GEO-002462,SOLID,1219.9982334237125,232.0713858710395,0
GEO-002463,LWPOLYLINE,1190.3587422501946,16.63704435560438,0
GEO-002464,LWPOLYLINE,1192.136745264653,16.637022823757597,0
GEO-002465,LWPOLYLINE,1193.7030794592597,16.637065887451172,0
GEO-002466,LWPOLYLINE,1196.1584205440581,16.806370798746748,0
GEO-002467,LWPOLYLINE,1196.1584205440581,15.938562011718744,0
GEO-002468,LWPOLYLINE,1241.5882323471205,249.38571446736654,0
GEO-002469,LWPOLYLINE,1241.588221581197,249.38572523328995,0
GEO-002470,LWPOLYLINE,1132.135400951653,101.93870671590167,0
GEO-002471,LWPOLYLINE,1129.8494024588827,124.7563707987467,0
GEO-002472,LWPOLYLINE,1127.4575695561862,124.7563707987467,0
GEO-002473,LWPOLYLINE,1225.416800551553,19.15587209065755,0
GEO-002474,LWPOLYLINE,1227.0466536941854,19.98140309651692,0
GEO-002475,LWPOLYLINE,1227.046653694185,19.155882856580938,0
GEO-002476,LWPOLYLINE,1228.6976403444405,19.155882856580938,0
GEO-002477,LWPOLYLINE,1228.6976511103635,18.88069508870442,0
GEO-002478,LWPOLYLINE,1230.3274827211494,19.98136003282335,0
GEO-002479,LWPOLYLINE,1230.306316915757,19.155861324734154,0
GEO-002480,LWPOLYLINE,1231.6821480959056,19.98136003282335,0
GEO-002481,LWPOLYLINE,1231.703324667221,19.155861324734154,0
GEO-002482,LWPOLYLINE,1233.0579792760545,19.15587209065755,0
GEO-002483,LWPOLYLINE,1236.3176532635484,19.155882856580938,0
GEO-002484,LWPOLYLINE,1237.6934952096206,19.98140309651692,0
GEO-002485,LWPOLYLINE,1237.672318638304,19.15590438842773,0
GEO-002486,LWPOLYLINE,1239.0481605843765,19.15590438842773,0
GEO-002487,LWPOLYLINE,1239.0481605843765,19.15590438842773,0
GEO-002488,LWPOLYLINE,1240.677992195162,19.155882856580938,0
GEO-002489,LWPOLYLINE,1240.4028151932089,19.17705942789713,0
GEO-002490,LWPOLYLINE,1242.328978845417,19.155882856580938,0
GEO-002491,LWPOLYLINE,1242.455984443697,18.753711022271045,0
GEO-002492,LWPOLYLINE,1461.150067403001,16.55235960218641,0
GEO-002493,LWPOLYLINE,1456.366423129455,19.790900082058375,0
GEO-002494,LWPOLYLINE,1419.430574723829,40.68237898084851,0
GEO-002495,LWPOLYLINE,1443.8145622353582,16.044380272759327,0
GEO-002496,LWPOLYLINE,1384.2515527613455,12.23438457912869,0
GEO-002497,LWPOLYLINE,1400.592254309604,12.424887593587236,0
GEO-002498,LWPOLYLINE,1400.592254309604,11.620543924967446,0
GEO-002499,LWPOLYLINE,1432.9349076265255,26.07740266587999,0
GEO-002500,LWPOLYLINE,1444.724777994635,26.077381134033203,0
GEO-002501,LWPOLYLINE,1432.9349076265255,38.967862616644965,0
GEO-002502,LWPOLYLINE,1432.9349076265255,35.70819939507378,0
GEO-002503,LWPOLYLINE,1438.544061374084,29.35822092692057,0
GEO-002504,LWPOLYLINE,1442.4599076265256,29.358199395073783,0
GEO-002505,LWPOLYLINE,1438.9462547402404,9.419192504882812,0
GEO-002506,LWPOLYLINE,1438.9462547402404,8.614870368109809,0
GEO-002507,LWPOLYLINE,1384.0187289020246,25.823391469319667,0
GEO-002508,LWPOLYLINE,1406.8152379454004,27.55906287299262,0
GEO-002509,LWPOLYLINE,1419.430574723829,13.8007080078125,0
GEO-002510,LWPOLYLINE,1443.20073234712,34.141875966389975,0
GEO-002511,LWPOLYLINE,1450.990050177524,34.141875966389975,0
GEO-002512,LWPOLYLINE,1443.75106481918,37.42271575927734,0
GEO-002513,LWPOLYLINE,1443.75106481918,34.16305253770616,0
GEO-002514,LWPOLYLINE,1443.75106481918,30.8610361735026,0
GEO-002515,LWPOLYLINE,1443.75106481918,27.60137295193143,0
GEO-002516,LWPOLYLINE,1443.75106481918,18.58437381320529,0
GEO-002517,LWPOLYLINE,1450.990050177524,16.192540910508896,0
GEO-002518,LWPOLYLINE,1390.622718566738,25.95037553575304,0
GEO-002519,LWPOLYLINE,1390.622718566738,25.442374674479165,0
GEO-002520,LWPOLYLINE,1440.660749572598,32.89305038452148,0
GEO-002521,LWPOLYLINE,1453.678215121643,16.21371748182508,0
GEO-002522,LWPOLYLINE,1220.019393846144,169.48155318366156,0
GEO-002523,SOLID,1176.4795665417275,249.8090521070692,0
GEO-002524,SOLID,1176.4795665417275,249.0470508151584,0
GEO-002525,LWPOLYLINE,1282.7997349309421,249.40689103868277,0
GEO-002526,LWPOLYLINE,1311.3959115022576,189.8650473700629,0
GEO-002527,LWPOLYLINE,1311.3959115022576,188.764382425944,0
GEO-002528,LWPOLYLINE,1311.3959115022576,253.2380525377062,0
GEO-002529,LWPOLYLINE,1311.3959115022576,252.1373875935872,0
GEO-002530,LWPOLYLINE,1305.532725026292,221.31871532864034,0
GEO-002531,LWPOLYLINE,1316.0949140860794,246.2742226494683,0
GEO-002532,LWPOLYLINE,1316.708743974317,245.66039276123047,0
GEO-002533,LWPOLYLINE,1317.1955790301981,244.8983914693197,0
GEO-002534,LWPOLYLINE,1317.1955790301981,243.6707316928439,0
GEO-002535,LWPOLYLINE,1317.1955790301981,242.4218845791287,0
GEO-002536,LWPOLYLINE,1317.1955790301981,241.17305899726017,0
GEO-002537,LWPOLYLINE,1317.1955790301981,239.9665650261773,0
GEO-002538,LWPOLYLINE,1317.1955790301981,238.7177286783854,0
GEO-002539,LWPOLYLINE,1317.1955790301981,237.46889233059352,0
GEO-002540,LWPOLYLINE,1317.1955790301981,236.2412325541178,0
GEO-002541,LWPOLYLINE,1317.1955682642745,234.99238544040253,0
GEO-002542,LWPOLYLINE,1317.1955682642745,233.7435490926107,0
GEO-002543,LWPOLYLINE,1317.1955790301981,232.5158785502116,0
GEO-002544,LWPOLYLINE,1317.1955790301981,231.2670422024197,0
GEO-002545,LWPOLYLINE,1317.1955790301981,230.0182058546278,0
GEO-002546,LWPOLYLINE,1317.1955790301981,228.79054607815215,0
GEO-002547,LWPOLYLINE,1317.1955790301981,227.5417097303602,0
GEO-002548,LWPOLYLINE,1317.1955790301981,226.29287338256836,0
GEO-002549,LWPOLYLINE,1317.1955790301981,225.06521360609264,0
GEO-002550,LWPOLYLINE,1317.1955790301981,223.8375322977702,0
GEO-002551,LWPOLYLINE,1317.1955790301981,222.5675409105089,0
GEO-002552,LWPOLYLINE,1317.1955682642745,221.361046939426,0
GEO-002553,LWPOLYLINE,1317.1955682642745,220.0910555521647,0
GEO-002554,LWPOLYLINE,1317.1955790301981,218.84222997029622,0
GEO-002555,LWPOLYLINE,1317.1955790301981,217.61455942789715,0
GEO-002556,LWPOLYLINE,1317.1955790301981,216.36572308010523,0
GEO-002557,LWPOLYLINE,1317.1955790301981,215.13806330362956,0
GEO-002558,LWPOLYLINE,1317.1955790301981,213.9104035271539,0
GEO-002559,LWPOLYLINE,1317.1955790301981,212.6827222188314,0
GEO-002560,LWPOLYLINE,1317.1955790301981,211.41273083157012,0
GEO-002561,LWPOLYLINE,1317.1955790301981,210.18506028917102,0
GEO-002562,LWPOLYLINE,1317.1955790301981,208.91505813598633,0
GEO-002563,LWPOLYLINE,1317.1955682642745,207.66621102227106,0
GEO-002564,LWPOLYLINE,1317.1955790301981,206.45971705118814,0
GEO-002565,LWPOLYLINE,1317.1955790301981,205.21088070339624,0
GEO-002566,LWPOLYLINE,1317.1955790301981,203.98322092692058,0
GEO-002567,LWPOLYLINE,1317.1955790301981,202.75555038452143,0
GEO-002568,LWPOLYLINE,1317.1955790301981,201.5067140367296,0
GEO-002569,LWPOLYLINE,1317.1955790301981,200.2367118835449,0
GEO-002570,LWPOLYLINE,1317.1955790301981,199.0090413411458,0
GEO-002571,LWPOLYLINE,1317.1955790301981,197.7602157592773,0
GEO-002572,LWPOLYLINE,1317.6612482806866,196.9982144673665,0
GEO-002573,LWPOLYLINE,1318.2750781689247,196.38438457912866,0
GEO-002574,LWPOLYLINE,1316.5182409598585,196.7653798421224,0
GEO-002575,LWPOLYLINE,1317.1532474194125,197.3792204962836,0
GEO-002576,LWPOLYLINE,1317.1955790301981,198.52221705118814,0
GEO-002577,LWPOLYLINE,1317.1955790301981,199.77105339897997,0
GEO-002578,LWPOLYLINE,1317.1955790301981,201.0198789808485,0
GEO-002579,LWPOLYLINE,1317.1955790301981,202.26871532864038,0
GEO-002580,LWPOLYLINE,1317.1955790301981,203.51755167643225,0
GEO-002581,LWPOLYLINE,1317.1955790301981,204.72404564751514,0
GEO-002582,LWPOLYLINE,1317.1955790301981,205.9728819953071,0
GEO-002583,LWPOLYLINE,1317.1955790301981,207.2005525377062,0
GEO-002584,LWPOLYLINE,1317.1955682642745,208.44938888549802,0
GEO-002585,LWPOLYLINE,1317.1955682642745,209.67704866197369,0
GEO-002586,LWPOLYLINE,1317.1955574983515,210.947040049235,0
GEO-002587,LWPOLYLINE,1317.1955574983515,212.19586563110352,0
GEO-002588,LWPOLYLINE,1317.1955574983515,213.42354693942593,0
GEO-002589,LWPOLYLINE,1317.1955574983515,214.6723725212945,0
GEO-002590,LWPOLYLINE,1317.1955574983515,215.9000430636936,0
GEO-002591,LWPOLYLINE,1317.1955574983515,217.12770284016932,0
GEO-002592,LWPOLYLINE,1317.1955574983515,218.37653918796116,0
GEO-002593,LWPOLYLINE,1317.1955574983515,219.60419896443685,0
GEO-002594,LWPOLYLINE,1317.1955682642745,220.87422264946835,0
GEO-002595,LWPOLYLINE,1317.1955682642745,222.12305899726022,0
GEO-002596,LWPOLYLINE,1317.1955574983515,223.35071877373588,0
GEO-002597,LWPOLYLINE,1317.1955574983515,224.5995443556044,0
GEO-002598,LWPOLYLINE,1317.1955574983515,225.82722566392687,0
GEO-002599,LWPOLYLINE,1317.1955574983515,227.05488544040253,0
GEO-002600,LWPOLYLINE,1317.1955574983515,228.30372178819442,0
GEO-002601,LWPOLYLINE,1317.1955574983515,229.55254737006294,0
GEO-002602,LWPOLYLINE,1317.1955574983515,230.78021791246198,0
GEO-002603,LWPOLYLINE,1317.1955574983515,232.0290434943305,0
GEO-002604,LWPOLYLINE,1317.1955682642745,233.2778906080458,0
GEO-002605,LWPOLYLINE,1317.1955682642745,234.4843845791287,0
GEO-002606,LWPOLYLINE,1317.1955574983515,235.75439749823676,0
GEO-002607,LWPOLYLINE,1317.1955574983515,237.00322308010527,0
GEO-002608,LWPOLYLINE,1317.1955574983515,238.23090438842775,0
GEO-002609,LWPOLYLINE,1317.1955574983515,239.4797299702962,0
GEO-002610,LWPOLYLINE,1317.1955574983515,240.7074005126953,0
GEO-002611,LWPOLYLINE,1317.1955574983515,241.93506028917102,0
GEO-002612,LWPOLYLINE,1317.1955574983515,243.16273083157012,0
GEO-002613,LWPOLYLINE,1317.1955574983515,244.4327222188314,0
GEO-002614,LWPOLYLINE,1317.470723734381,245.40639233059352,0
GEO-002615,LWPOLYLINE,1318.0845643885425,246.02022221883135,0
GEO-002616,LWPOLYLINE,1317.1955682642745,221.31871532864034,0
GEO-002617,LWPOLYLINE,1314.422740098585,221.00121748182505,0
GEO-002618,LWPOLYLINE,1308.369082905931,221.00121748182505,0
GEO-002619,LWPOLYLINE,1317.1955790301981,196.2150473700629,0
GEO-002620,LWPOLYLINE,1305.532746558139,196.2150473700629,0
GEO-002621,LWPOLYLINE,1311.332403320156,178.15988328721784,0
GEO-002622,LWPOLYLINE,1311.332403320156,179.30289060804574,0
GEO-002623,LWPOLYLINE,1311.332403320156,180.4670529683431,0
GEO-002624,CIRCLE,1311.374695391314,183.7690585666232,0
GEO-002625,LWPOLYLINE,1310.866734069668,184.95437596638993,0
GEO-002626,LWPOLYLINE,1310.887910640984,185.5047192043728,0
GEO-002627,LWPOLYLINE,1311.8192383760374,184.95437596638993,0
GEO-002628,LWPOLYLINE,1311.6710669723643,184.9967183430989,0
GEO-002629,CIRCLE,1311.374695517631,174.7943910386827,0
GEO-002630,LWPOLYLINE,1311.3959007363346,174.83671188354492,0
GEO-002631,LWPOLYLINE,1311.290050177524,176.0008850097656,0
GEO-002632,LWPOLYLINE,1311.290050177524,176.5723832872179,0
GEO-002633,LWPOLYLINE,1311.882714260369,176.0008850097656,0
GEO-002634,LWPOLYLINE,1304.6648839414938,246.02021145290794,0
GEO-002635,LWPOLYLINE,1305.2998904010478,245.40638156467008,0
GEO-002636,LWPOLYLINE,1305.532725026292,244.4115456475152,0
GEO-002637,LWPOLYLINE,1305.532725026292,243.16272006564668,0
GEO-002638,LWPOLYLINE,1305.532725026292,241.93504952324759,0
GEO-002639,LWPOLYLINE,1305.532725026292,240.68622394137913,0
GEO-002640,LWPOLYLINE,1305.532725026292,239.45854263305665,0
GEO-002641,LWPOLYLINE,1305.532725026292,238.20971705118814,0
GEO-002642,LWPOLYLINE,1305.532725026292,236.96089146931965,0
GEO-002643,LWPOLYLINE,1305.532725026292,235.73322092692058,0
GEO-002644,LWPOLYLINE,1305.532725026292,234.4843845791287,0
GEO-002645,LWPOLYLINE,1305.532725026292,233.256724802653,0
GEO-002646,LWPOLYLINE,1305.532725026292,232.0078776889377,0
GEO-002647,LWPOLYLINE,1305.532725026292,230.8013729519314,0
GEO-002648,LWPOLYLINE,1305.532725026292,229.5313707987467,0
GEO-002649,LWPOLYLINE,1305.532725026292,228.28254521687825,0
GEO-002650,LWPOLYLINE,1305.532725026292,227.033698103163,0
GEO-002651,LWPOLYLINE,1305.532725026292,225.78487252129452,0
GEO-002652,LWPOLYLINE,1305.532725026292,224.5783785502116,0
GEO-002653,LWPOLYLINE,1305.532725026292,223.3295422024197,0
GEO-002654,LWPOLYLINE,1305.532725026292,222.10189319186742,0
GEO-002655,LWPOLYLINE,1305.532725026292,220.85305684407555,0
GEO-002656,LWPOLYLINE,1305.532725026292,219.60422049628363,0
GEO-002657,LWPOLYLINE,1305.532725026292,218.35538414849174,0
GEO-002658,LWPOLYLINE,1305.532725026292,217.10654780069984,0
GEO-002659,LWPOLYLINE,1305.532725026292,215.87888802422418,0
GEO-002660,LWPOLYLINE,1305.532725026292,214.6300516764323,0
GEO-002661,LWPOLYLINE,1305.532725026292,213.4023811340332,0
GEO-002662,LWPOLYLINE,1305.532725026292,212.1747213575575,0
GEO-002663,LWPOLYLINE,1305.532725026292,210.9258850097656,0
GEO-002664,LWPOLYLINE,1305.532725026292,209.67704866197369,0
GEO-002665,LWPOLYLINE,1305.532725026292,208.42822308010528,0
GEO-002666,LWPOLYLINE,1305.532725026292,207.1793867323134,0
GEO-002667,LWPOLYLINE,1305.532725026292,205.95172695583773,0
GEO-002668,LWPOLYLINE,1305.532725026292,204.70289060804575,0
GEO-002669,LWPOLYLINE,1305.532725026292,203.47522006564662,0
GEO-002670,LWPOLYLINE,1305.532725026292,202.24754952324764,0
GEO-002671,LWPOLYLINE,1305.532725026292,200.9987131754557,0
GEO-002672,LWPOLYLINE,1305.532725026292,199.74988759358718,0
GEO-002673,LWPOLYLINE,1305.532725026292,198.50105124579534,0
GEO-002674,LWPOLYLINE,1305.6173882478633,197.336888885498,0
GEO-002675,LWPOLYLINE,1306.2523947074174,196.7230482313368,0
GEO-002676,LWPOLYLINE,1304.4743916929583,196.36321877373587,0
GEO-002677,LWPOLYLINE,1305.1093873865889,196.9982144673665,0
GEO-002678,LWPOLYLINE,1305.532725026292,197.78138156467008,0
GEO-002679,LWPOLYLINE,1305.532725026292,199.00905210706918,0
GEO-002680,LWPOLYLINE,1305.532725026292,200.2578884548611,0
GEO-002681,LWPOLYLINE,1305.532725026292,201.506724802653,0
GEO-002682,LWPOLYLINE,1305.532725026292,202.77672695583766,0
GEO-002683,LWPOLYLINE,1305.532725026292,204.02555253770618,0
GEO-002684,LWPOLYLINE,1305.532725026292,205.23204650878904,0
GEO-002685,LWPOLYLINE,1305.532725026292,206.48088285658093,0
GEO-002686,LWPOLYLINE,1305.532725026292,207.70855339898003,0
GEO-002687,LWPOLYLINE,1305.532725026292,208.93622394137913,0
GEO-002688,LWPOLYLINE,1305.532725026292,210.18504952324759,0
GEO-002689,LWPOLYLINE,1305.532725026292,211.4338751051161,0
GEO-002690,LWPOLYLINE,1305.532725026292,212.682711452908,0
GEO-002691,LWPOLYLINE,1305.532725026292,213.93154780069983,0
GEO-002692,LWPOLYLINE,1305.532725026292,215.1592075771756,0
GEO-002693,LWPOLYLINE,1305.532725026292,216.38688888549805,0
GEO-002694,LWPOLYLINE,1305.532725026292,217.63571446736654,0
GEO-002695,LWPOLYLINE,1305.532725026292,218.88455081515838,0
GEO-002696,LWPOLYLINE,1305.532725026292,220.1122213575575,0
GEO-002697,LWPOLYLINE,1305.532725026292,221.361046939426,0
GEO-002698,LWPOLYLINE,1305.532725026292,222.5887067159017,0
GEO-002699,LWPOLYLINE,1305.532725026292,223.8375322977702,0
GEO-002700,LWPOLYLINE,1305.532725026292,225.08637941148544,0
GEO-002701,LWPOLYLINE,1305.532725026292,226.31403918796116,0
GEO-002702,LWPOLYLINE,1305.532725026292,227.562875535753,0
GEO-002703,LWPOLYLINE,1305.532725026292,228.8117011176215,0
GEO-002704,LWPOLYLINE,1305.532725026292,230.0605374654134,0
GEO-002705,LWPOLYLINE,1305.532725026292,231.28819724188912,0
GEO-002706,LWPOLYLINE,1305.532725026292,232.5158785502116,0
GEO-002707,LWPOLYLINE,1305.532725026292,233.7647148980035,0
GEO-002708,LWPOLYLINE,1305.532725026292,234.99238544040253,0
GEO-002709,LWPOLYLINE,1305.532725026292,236.2623768276639,0
GEO-002710,LWPOLYLINE,1305.532725026292,237.4900366041395,0
GEO-002711,LWPOLYLINE,1305.532725026292,238.73888371785483,0
GEO-002712,LWPOLYLINE,1305.532725026292,239.9877092997233,0
GEO-002713,LWPOLYLINE,1305.532725026292,241.2153798421224,0
GEO-002714,LWPOLYLINE,1305.532725026292,242.4430396185981,0
GEO-002715,LWPOLYLINE,1305.532725026292,243.6707101609972,0
GEO-002716,LWPOLYLINE,1305.532725026292,244.91953574286566,0
GEO-002717,LWPOLYLINE,1306.0618916929589,245.66038199530703,0
GEO-002718,LWPOLYLINE,1306.67573234712,246.29537768893766,0
GEO-002719,LWPOLYLINE,1327.1194465149579,243.93936120073124,0
GEO-002720,LWPOLYLINE,1326.876183910333,244.6563525745546,0
GEO-002721,LWPOLYLINE,1326.8889803503835,244.976439404765,0
GEO-002722,LWPOLYLINE,1327.4523297852188,244.6563525745546,0
GEO-002723,LWPOLYLINE,1327.3498931429826,244.6691555267884,0
GEO-002724,LWPOLYLINE,1327.132242955008,239.62668188074105,0
GEO-002725,CIRCLE,1327.183430927331,249.2527947676038,0
GEO-002726,LWPOLYLINE,1302.1037461275018,229.5737131754557,0
GEO-002727,LWPOLYLINE,1291.351075585103,238.1673746744792,0
GEO-002728,LWPOLYLINE,1292.494082905931,238.1673746744792,0
GEO-002729,LWPOLYLINE,1293.6582452662278,238.1673746744792,0
GEO-002730,LWPOLYLINE,1288.006738376037,234.97121963500976,0
GEO-002731,LWPOLYLINE,1288.006738376037,233.91288630167645,0
GEO-002732,LWPOLYLINE,1288.006738376037,232.83338716295032,0
GEO-002733,CIRCLE,1296.981344965508,238.2097062852647,0
GEO-002734,LWPOLYLINE,1296.473383510857,239.33155856662324,0
GEO-002735,LWPOLYLINE,1296.4945708480964,239.9030568440755,0
GEO-002736,LWPOLYLINE,1297.4047435436805,239.33155856662324,0
GEO-002737,LWPOLYLINE,1297.2777379454005,239.3527243720161,0
GEO-002738,CIRCLE,1296.981344965508,229.5737131754557,0
GEO-002739,LWPOLYLINE,1295.499756462789,230.69556545681425,0
GEO-002740,LWPOLYLINE,1296.21941537799,230.69556545681425,0
GEO-002741,LWPOLYLINE,1295.8595859203895,230.716731262207,0
GEO-002742,LWPOLYLINE,1297.066090657396,230.69556545681425,0
GEO-002743,LWPOLYLINE,1297.02375904661,231.2247321234809,0
GEO-002744,LWPOLYLINE,1297.976252587056,230.69556545681425,0
GEO-002745,LWPOLYLINE,1298.166734069668,230.44155426025395,0
GEO-002746,CIRCLE,1288.049009048354,229.6160447862413,0
GEO-002747,LWPOLYLINE,1287.456405903978,230.75905210706924,0
GEO-002748,LWPOLYLINE,1287.4775717093705,231.3093953450521,0
GEO-002749,LWPOLYLINE,1288.4724076265256,231.05538414849175,0
GEO-002750,LWPOLYLINE,1288.472407626526,230.5050409105089,0
GEO-002751,LWPOLYLINE,1304.0934071958884,238.1673746744792,0
GEO-002752,LWPOLYLINE,1291.351075585103,229.6160447862413,0
GEO-002753,LWPOLYLINE,1292.4940721400076,229.6160447862413,0
GEO-002754,LWPOLYLINE,1293.6582345003048,229.6160447862413,0
GEO-002755,CIRCLE,1288.049009048354,238.2097062852647,0
GEO-002756,LWPOLYLINE,1288.049069986823,238.20971705118814,0
GEO-002757,LWPOLYLINE,1287.371742682406,239.33155856662324,0
GEO-002758,LWPOLYLINE,1287.3505768770135,239.9030568440755,0
GEO-002759,LWPOLYLINE,1287.922075154466,239.33155856662324,0
GEO-002760,LWPOLYLINE,1288.7687289020246,239.33155856662324,0
GEO-002761,LWPOLYLINE,1311.374756462788,245.72390094333224,0
GEO-002762,LWPOLYLINE,1311.374756462788,244.79256244235563,0
GEO-002763,LWPOLYLINE,1311.374756462788,243.86122394137908,0
GEO-002764,LWPOLYLINE,1311.374756462788,242.92990697224934,0
GEO-002765,LWPOLYLINE,1311.374756462788,242.0197342766656,0
GEO-002766,LWPOLYLINE,1311.374756462788,241.10956158108178,0
GEO-002767,LWPOLYLINE,1311.374756462788,240.1993996514214,0
GEO-002768,LWPOLYLINE,1311.374756462788,239.2468953450521,0
GEO-002769,LWPOLYLINE,1311.374756462788,238.31556760999888,0
GEO-002770,LWPOLYLINE,1311.374756462788,237.36306330362956,0
GEO-002771,LWPOLYLINE,1311.374756462788,236.43172480265298,0
GEO-002772,LWPOLYLINE,1311.374756462788,235.50039706759975,0
GEO-002773,LWPOLYLINE,1311.374756462788,234.56906933254663,0
GEO-002774,LWPOLYLINE,1311.374756462788,233.65889663696285,0
GEO-002775,LWPOLYLINE,1311.374756462788,232.7487347073025,0
GEO-002776,LWPOLYLINE,1311.374756462788,231.83856201171875,0
GEO-002777,LWPOLYLINE,1311.374756462788,230.90723427666558,0
GEO-002778,LWPOLYLINE,1311.374756462788,229.97589577568905,0
GEO-002779,LWPOLYLINE,1311.374756462788,229.02339146931968,0
GEO-002780,LWPOLYLINE,1311.374756462788,228.07090869479705,0
GEO-002781,LWPOLYLINE,1311.374756462788,227.13957019382048,0
GEO-002782,LWPOLYLINE,1311.374756462788,226.20823169284395,0
GEO-002783,LWPOLYLINE,1311.374756462788,225.2769039577908,0
GEO-002784,LWPOLYLINE,1311.374756462788,224.366731262207,0
GEO-002785,LWPOLYLINE,1311.374756462788,223.45656933254665,0
GEO-002786,LWPOLYLINE,1311.374756462788,222.54639663696287,0
GEO-002787,LWPOLYLINE,1311.374756462788,221.61505813598635,0
GEO-002788,LWPOLYLINE,1311.374756462788,219.75240266588,0
GEO-002789,LWPOLYLINE,1311.374756462788,218.79989835951062,0
GEO-002790,LWPOLYLINE,1311.374756462788,217.86857062445745,0
GEO-002791,LWPOLYLINE,1311.374756462788,216.93723212348095,0
GEO-002792,LWPOLYLINE,1311.374756462788,216.00590438842775,0
GEO-002793,LWPOLYLINE,1311.374756462788,215.07456588745114,0
GEO-002794,LWPOLYLINE,1311.374756462788,214.18555899726022,0
GEO-002795,LWPOLYLINE,1311.374756462788,213.25424202813042,0
GEO-002796,LWPOLYLINE,1311.374756462788,212.32290352715393,0
GEO-002797,LWPOLYLINE,1311.374756462788,211.39156502617732,0
GEO-002798,LWPOLYLINE,1311.374756462788,210.4602372911241,0
GEO-002799,LWPOLYLINE,1311.374756462788,209.5288987901476,0
GEO-002800,LWPOLYLINE,1311.374756462788,208.59756028917099,0
GEO-002801,LWPOLYLINE,1311.374756462788,207.64506674872501,0
GEO-002802,LWPOLYLINE,1311.374756462788,206.71372824774846,0
GEO-002803,LWPOLYLINE,1311.374756462788,205.8035555521647,0
GEO-002804,LWPOLYLINE,1311.374756462788,204.89340438842777,0
GEO-002805,LWPOLYLINE,1311.374756462788,203.96206588745116,0
GEO-002806,LWPOLYLINE,1311.374756462788,203.05190395779078,0
GEO-002807,LWPOLYLINE,1311.374756462788,202.12056545681426,0
GEO-002808,LWPOLYLINE,1311.374756462788,201.18922695583768,0
GEO-002809,LWPOLYLINE,1311.374756462788,200.2578992207845,0
GEO-002810,LWPOLYLINE,1311.374756462788,199.28422910902236,0
GEO-002811,LWPOLYLINE,1311.374756462788,198.35290137396913,0
GEO-002812,LWPOLYLINE,1311.374756462788,197.42157363891602,0
GEO-002813,LWPOLYLINE,1311.374756462788,196.5114009433322,0
GEO-002814,LWPOLYLINE,1311.374756462788,195.60123901367186,0
GEO-002815,LWPOLYLINE,1311.374756462788,194.66990051269528,0
GEO-002816,LWPOLYLINE,1311.374756462788,193.75972781711155,0
GEO-002817,LWPOLYLINE,1311.374756462788,192.82840008205835,0
GEO-002818,LWPOLYLINE,1311.374756462788,191.8970615810818,0
GEO-002819,LWPOLYLINE,1311.374756462788,190.94456804063583,0
GEO-002820,LWPOLYLINE,1311.374756462788,190.01324030558266,0
GEO-002821,LWPOLYLINE,1311.374756462788,189.0819018046061,0
GEO-002822,LWPOLYLINE,1327.145039395059,249.2399983275533,0
GEO-002823,LWPOLYLINE,1327.132242955008,249.94419326132606,0
GEO-002824,LWPOLYLINE,1327.132242955008,250.2770830437702,0
GEO-002825,LWPOLYLINE,1327.465132737453,249.94419326132606,0
GEO-002826,LWPOLYLINE,1311.395911502258,233.70121748182504,0
GEO-002827,LWPOLYLINE,1311.395911502258,233.70121748182504,0
GEO-002828,LWPOLYLINE,1311.417066541727,233.99756028917102,0
GEO-002829,SOLID,1311.7133985831497,233.80704650878903,0
GEO-002830,SOLID,1311.7980725706443,234.03988113403318,0
GEO-002831,SOLID,1311.692232777757,233.80704650878903,0
GEO-002832,SOLID,1311.7134093490731,234.20921834309894,0
GEO-002833,SOLID,1311.6287353615785,233.91288630167645,0
GEO-002834,SOLID,1311.5229063346146,234.2938815646701,0
GEO-002835,SOLID,1311.5229063346146,233.9763837178548,0
GEO-002836,SOLID,1311.290060943447,234.2938815646701,0
GEO-002837,SOLID,1311.290060943447,233.9763837178548,0
GEO-002838,SOLID,1311.078402889519,234.20921834309894,0
GEO-002839,SOLID,1311.184231916483,233.91288630167645,0
GEO-002840,SOLID,1310.9937289020245,234.03988113403318,0
GEO-002841,SOLID,1311.1207345003045,233.80704650878903,0
GEO-002842,SOLID,1311.099568694912,233.80704650878903,0
GEO-002843,SOLID,1311.099568694912,233.57422264946837,0
GEO-002844,SOLID,1311.1207345003045,233.57422264946837,0
GEO-002845,SOLID,1310.9937289020245,233.362553829617,0
GEO-002846,SOLID,1311.184231916483,233.46838285658094,0
GEO-002847,SOLID,1311.078402889519,233.1932166205512,0
GEO-002848,SOLID,1311.290060943447,233.40488544040255,0
GEO-002849,SOLID,1311.290060943447,233.08738759358727,0
GEO-002850,SOLID,1311.5229063346146,233.40488544040255,0
GEO-002851,SOLID,1311.5229063346146,233.08738759358727,0
GEO-002852,SOLID,1311.6287353615785,233.46838285658094,0
GEO-002853,SOLID,1311.7134093490731,233.1932166205512,0
GEO-002854,SOLID,1311.692232777757,233.57422264946837,0
GEO-002855,SOLID,1311.7980725706443,233.362553829617,0
GEO-002856,SOLID,1311.7133985831497,233.57422264946837,0
GEO-002857,LWPOLYLINE,1311.417066541727,234.27272652520077,0
GEO-002858,LWPOLYLINE,1311.417066541727,233.34138802422422,0
GEO-002859,LWPOLYLINE,1311.3959007363346,246.4223832872178,0
GEO-002860,LWPOLYLINE,1311.374734930942,220.85305684407555,0
GEO-002861,LWPOLYLINE,1311.3959007363346,220.9800516764323,0
GEO-002862,LWPOLYLINE,1311.374734930942,208.34355985853404,0
GEO-002863,LWPOLYLINE,1311.3959007363346,208.28005167643232,0
GEO-002864,LWPOLYLINE,1311.3959007363346,208.28005167643232,0
GEO-002865,SOLID,1311.7133985831497,208.15305684407548,0
GEO-002866,SOLID,1311.7980725706443,207.92022221883133,0
GEO-002867,SOLID,1311.692232777757,208.15305684407548,0
GEO-002868,SOLID,1311.7134093490731,207.7508742438422,0
GEO-002869,SOLID,1311.6287353615785,208.04721705118814,0
GEO-002870,SOLID,1311.5229063346146,207.66621102227106,0
GEO-002871,SOLID,1311.5229063346146,207.98370886908634,0
GEO-002872,SOLID,1311.290060943447,207.66621102227106,0
GEO-002873,SOLID,1311.290060943447,207.98370886908634,0
GEO-002874,SOLID,1311.078402889519,207.7508742438422,0
GEO-002875,SOLID,1311.184231916483,208.04721705118814,0
GEO-002876,SOLID,1310.9937289020245,207.92022221883133,0
GEO-002877,SOLID,1311.1207345003045,208.15305684407548,0
GEO-002878,SOLID,1311.099568694912,208.15305684407548,0
GEO-002879,SOLID,1311.099568694912,208.3858807033963,0
GEO-002880,SOLID,1311.1207345003045,208.3858807033963,0
GEO-002881,SOLID,1310.9937289020245,208.59754952324766,0
GEO-002882,SOLID,1311.184231916483,208.49172049628365,0
GEO-002883,SOLID,1311.078402889519,208.76688673231337,0
GEO-002884,SOLID,1311.290060943447,208.555217912462,0
GEO-002885,SOLID,1311.290060943447,208.8727157592773,0
GEO-002886,SOLID,1311.5229063346146,208.555217912462,0
GEO-002887,SOLID,1311.5229063346146,208.8727157592773,0
GEO-002888,SOLID,1311.6287353615785,208.49172049628365,0
GEO-002889,SOLID,1311.7134093490731,208.76688673231337,0
GEO-002890,SOLID,1311.692232777757,208.3858807033963,0
GEO-002891,SOLID,1311.7980725706443,208.59754952324766,0
GEO-002892,SOLID,1311.7133985831497,208.3858807033963,0
GEO-002893,LWPOLYLINE,1311.395889970411,195.5800516764323,0
GEO-002894,LWPOLYLINE,1302.103724595655,204.0043867323134,0
GEO-002895,LWPOLYLINE,1291.3510648191796,212.5980482313369,0
GEO-002896,LWPOLYLINE,1292.4940613740841,212.5980482313369,0
GEO-002897,LWPOLYLINE,1293.6582237343814,212.5980482313369,0
GEO-002898,LWPOLYLINE,1288.00671684419,209.40189319186746,0
GEO-002899,LWPOLYLINE,1288.00671684419,208.34355985853404,0
GEO-002900,LWPOLYLINE,1288.00671684419,207.26404995388455,0
GEO-002901,CIRCLE,1296.981344965508,212.6403798421224,0
GEO-002902,LWPOLYLINE,1296.473383510857,213.7622213575575,0
GEO-002903,LWPOLYLINE,1296.4945708480964,214.3337304009332,0
GEO-002904,LWPOLYLINE,1297.4047435436805,213.7622213575575,0
GEO-002905,LWPOLYLINE,1297.2777379454005,213.7833763970269,0
GEO-002906,CIRCLE,1296.981344832503,204.0043867323134,0
GEO-002907,LWPOLYLINE,1295.499756462789,205.12621748182505,0
GEO-002908,LWPOLYLINE,1296.21941537799,205.12621748182505,0
GEO-002909,LWPOLYLINE,1295.8595859203895,205.1473832872178,0
GEO-002910,LWPOLYLINE,1297.066090657396,205.12621748182505,0
GEO-002911,LWPOLYLINE,1297.02375904661,205.6553841484917,0
GEO-002912,LWPOLYLINE,1297.976252587056,205.12621748182505,0
GEO-002913,LWPOLYLINE,1298.166734069668,204.8722170511881,0
GEO-002914,CIRCLE,1288.049008915348,204.0467183430989,0
GEO-002915,LWPOLYLINE,1287.456405903978,205.18971489800344,0
GEO-002916,LWPOLYLINE,1287.4775717093705,205.7400473700629,0
GEO-002917,LWPOLYLINE,1288.4724076265256,205.486046939426,0
GEO-002918,LWPOLYLINE,1288.472407626526,204.93571446736655,0
GEO-002919,LWPOLYLINE,1304.0934071958884,212.5980482313369,0
GEO-002920,LWPOLYLINE,1291.351075585103,204.0467183430989,0
GEO-002921,LWPOLYLINE,1292.4940721400076,204.0467183430989,0
GEO-002922,LWPOLYLINE,1293.6582345003048,204.0467183430989,0
GEO-002923,CIRCLE,1288.049009048354,212.6403798421224,0
GEO-002924,LWPOLYLINE,1288.049069986823,212.64037984212234,0
GEO-002925,LWPOLYLINE,1287.371742682406,213.7622213575575,0
GEO-002926,LWPOLYLINE,1287.3505768770135,214.3337304009332,0
GEO-002927,LWPOLYLINE,1287.922075154466,213.7622213575575,0
GEO-002928,LWPOLYLINE,1288.7687289020246,213.7622213575575,0
GEO-002929,LWPOLYLINE,1367.1098757932768,237.1148568728346,0
GEO-002930,LWPOLYLINE,1360.908057962873,237.09369106744174,0
GEO-002931,LWPOLYLINE,1360.8657263520877,237.771018371858,0
GEO-002932,LWPOLYLINE,1362.093386128563,237.09369106744174,0
GEO-002933,LWPOLYLINE,1347.0227190312594,237.0936910674418,0
GEO-002934,LWPOLYLINE,1338.0057521903036,237.6016919287156,0
GEO-002935,LWPOLYLINE,1340.4187508983923,237.6016919287156,0
GEO-002936,LWPOLYLINE,1342.8317603724054,237.6016919287156,0
GEO-002937,LWPOLYLINE,1345.2447483145716,237.6016919287156,0
GEO-002938,LWPOLYLINE,1347.678923593976,237.6016919287156,0
GEO-002939,LWPOLYLINE,1350.113088107458,237.6016919287156,0
GEO-002940,LWPOLYLINE,1352.5260868155474,237.6016919287156,0
GEO-002941,LWPOLYLINE,1355.066058824147,237.6016919287156,0
GEO-002942,SOLID,1354.875545043765,237.4746863304355,0
GEO-002943,SOLID,1354.875545043765,236.71269580444806,0
GEO-002944,LWPOLYLINE,1327.132242955008,247.15303245506885,0
GEO-002945,LWPOLYLINE,1327.132242955008,246.02632056103243,0
GEO-002946,LWPOLYLINE,1339.59324142438,237.4535312909661,0
GEO-002947,LWPOLYLINE,1339.3815726045286,236.77619322062645,0
GEO-002948,LWPOLYLINE,1338.0480622692426,237.45352052504268,0
GEO-002949,LWPOLYLINE,1340.9478852672892,236.77619322062645,0
GEO-002950,LWPOLYLINE,1339.191080355994,235.61203086032918,0
GEO-002951,LWPOLYLINE,1339.4874123974164,235.6120200944058,0
GEO-002952,LWPOLYLINE,1339.783744438839,235.61203086032918,0
GEO-002953,LWPOLYLINE,1287.033089796122,228.68471705118816,0
GEO-002954,LWPOLYLINE,1288.218396429965,228.68472781711154,0
GEO-002955,LWPOLYLINE,1289.446056206441,228.68471705118816,0
GEO-002956,LWPOLYLINE,1287.033089796122,237.27837855021153,0
GEO-002957,LWPOLYLINE,1288.218396429965,237.27838931613496,0
GEO-002958,LWPOLYLINE,1289.446056206441,237.27837855021153,0
GEO-002959,LWPOLYLINE,1295.9654041814301,228.64238544040256,0
GEO-002960,LWPOLYLINE,1297.15073234712,228.64239620632594,0
GEO-002961,LWPOLYLINE,1298.3784136554425,228.64238544040256,0
GEO-002962,LWPOLYLINE,1295.9654041814301,237.27837855021153,0
GEO-002963,LWPOLYLINE,1297.15073234712,237.27838931613496,0
GEO-002964,LWPOLYLINE,1298.3784136554425,237.27837855021153,0
GEO-002965,LWPOLYLINE,1287.033089796122,211.70905210706923,0
GEO-002966,LWPOLYLINE,1288.218396429965,211.70906287299266,0
GEO-002967,LWPOLYLINE,1289.4460885042108,211.70906287299266,0
GEO-002968,LWPOLYLINE,1364.2947590804945,237.09369106744174,0
GEO-002969,LWPOLYLINE,1365.437734103552,237.0090278458706,0
GEO-002970,LWPOLYLINE,1366.623051503319,237.09369106744174,0
GEO-002971,LWPOLYLINE,1367.8507220457182,237.09369106744174,0
GEO-002972,LWPOLYLINE,1295.9654041814301,211.70905210706923,0
GEO-002973,LWPOLYLINE,1297.15073234712,211.70906287299266,0
GEO-002974,LWPOLYLINE,1298.3784028895188,211.70906287299266,0
GEO-002975,LWPOLYLINE,1287.033089796122,203.1153583102756,0
GEO-002976,LWPOLYLINE,1288.218396429965,203.11540137396915,0
GEO-002977,LWPOLYLINE,1289.4460885042108,203.11540137396915,0
GEO-002978,LWPOLYLINE,1295.9654041814301,203.0730589972602,0
GEO-002979,LWPOLYLINE,1297.15073234712,203.0730697631836,0
GEO-002980,LWPOLYLINE,1298.3784028895188,203.0730697631836,0
GEO-002981,LWPOLYLINE,1260.2040013837036,20.67988544040256,0
GEO-002982,LWPOLYLINE,1261.5798433297755,20.679863908555774,0
GEO-002983,LWPOLYLINE,1262.976840315317,20.67988544040256,0
GEO-002984,LWPOLYLINE,1264.395013872175,20.67988544040256,0
GEO-002985,LWPOLYLINE,1264.2468317025784,20.74337209065755,0
GEO-002986,LWPOLYLINE,1266.935018178544,20.67988544040256,0
GEO-002987,LWPOLYLINE,1266.765670203555,20.74337209065755,0
GEO-002988,LWPOLYLINE,1268.1203571101573,20.679863908555774,0
GEO-002989,LWPOLYLINE,1269.6020065513471,20.679906972249345,0
GEO-002990,LWPOLYLINE,1269.834841176591,20.362387593587236,0
GEO-002991,LWPOLYLINE,1270.9990358346586,20.67988544040256,0
GEO-002992,LWPOLYLINE,1272.5018510812406,20.67988544040256,0
GEO-002993,LWPOLYLINE,1272.5229953547864,20.44702928331163,0
GEO-002994,LWPOLYLINE,1273.9411689116441,20.679906972249345,0
GEO-002995,LWPOLYLINE,1275.274690012854,20.67988544040256,0
GEO-002996,LWPOLYLINE,1275.1053312719414,20.74337209065755,0
GEO-002997,LWPOLYLINE,1255.123992770965,20.616377258300787,0
GEO-002998,LWPOLYLINE,1255.123992770965,21.3783677842882,0
GEO-002999,LWPOLYLINE,1256.6268187834698,20.616377258300787,0
GEO-003000,LWPOLYLINE,1258.235516886633,20.61636649237739,0
GEO-003001,LWPOLYLINE,1181.072734715623,120.69238544040255,0
GEO-003002,LWPOLYLINE,1289.827056852396,129.0320465087891,0
GEO-003003,LWPOLYLINE,1221.839739237311,128.94739405314124,0
GEO-003004,LWPOLYLINE,1218.241412363532,128.94739405314124,0
GEO-003005,SOLID,1379.4679084877994,129.5400581359863,0
GEO-003006,SOLID,1379.4679084877994,128.79922264946828,0
GEO-003007,SOLID,1379.4679084877994,129.5400581359863,0
GEO-003008,SOLID,1379.4679084877994,128.79922264946828,0
GEO-003009,LWPOLYLINE,1378.811746988776,129.180217912462,0
GEO-003010,LWPOLYLINE,1369.0539015976085,129.2013891008165,0
GEO-003011,LWPOLYLINE,1379.4679084877994,129.1590628729926,0
GEO-003012,LWPOLYLINE,1366.7255876429372,129.13788630167642,0
GEO-003013,LWPOLYLINE,1368.143728902025,129.13788630167642,0
GEO-003014,LWPOLYLINE,1367.932070848097,129.1167097303602,0
GEO-003015,LWPOLYLINE,1369.3713994444233,129.13788630167642,0
GEO-003016,LWPOLYLINE,1370.599080752746,129.7517269558376,0
GEO-003017,LWPOLYLINE,1370.599069986823,129.13788630167642,0
GEO-003018,LWPOLYLINE,1360.777727179477,129.1802232954237,0
GEO-003019,LWPOLYLINE,1359.423051038798,127.6350549062093,0
GEO-003020,LWPOLYLINE,1359.423094102491,128.7780622270372,0
GEO-003021,LWPOLYLINE,1359.423094102491,129.8363847944471,0
GEO-003022,LWPOLYLINE,1359.4230618047209,130.93704435560434,0
GEO-003023,SOLID,1354.5335669723645,116.4590521070692,0
GEO-003024,SOLID,1354.5335669723645,115.33722135755744,0
GEO-003025,SOLID,1352.268739667948,116.4590521070692,0
GEO-003026,SOLID,1352.268739667948,115.33722135755744,0
GEO-003027,LWPOLYLINE,1343.4422650755268,115.9087304009331,0
GEO-003028,LWPOLYLINE,1346.1304300196462,115.9087304009331,0
GEO-003029,LWPOLYLINE,1349.2842642142537,115.9087304009331,0
GEO-003030,LWPOLYLINE,1352.501595825039,115.9087304009331,0
GEO-003031,LWPOLYLINE,1355.697761630432,115.9087304009331,0
GEO-003032,LWPOLYLINE,1358.851595825039,115.9087304009331,0
GEO-003033,LWPOLYLINE,1361.5609265745506,115.9087304009331,0
GEO-003034,LWPOLYLINE,1353.411768520623,125.81473104688851,0
GEO-003035,LWPOLYLINE,1353.411768520623,119.4647256639268,0
GEO-003036,LWPOLYLINE,1353.411768520623,113.0300624423557,0
GEO-003037,LWPOLYLINE,1341.8970536226193,118.5122105916341,0
GEO-003038,LWPOLYLINE,1343.5057409598585,118.5122159745958,0
GEO-003039,LWPOLYLINE,1343.230574723829,118.4910555521647,0
GEO-003040,LWPOLYLINE,1345.1355725706444,118.5122159745958,0
GEO-003041,LWPOLYLINE,1346.7442168441905,118.5122159745958,0
GEO-003042,LWPOLYLINE,1346.8923882478634,118.0888837178548,0
GEO-003043,LWPOLYLINE,1348.374069986823,118.5122159745958,0
GEO-003044,LWPOLYLINE,1348.0988822189465,118.4910555521647,0
GEO-003045,LWPOLYLINE,1349.982714260369,118.51222135755751,0
GEO-003046,LWPOLYLINE,1349.982714260369,118.51222135755751,0
GEO-003047,LWPOLYLINE,1356.586725456929,119.4223940531412,0
GEO-003048,LWPOLYLINE,1356.586725456929,118.59688996209036,0
GEO-003049,LWPOLYLINE,1357.645058790263,118.59688996209036,0
GEO-003050,LWPOLYLINE,1358.1742254569294,118.6180503845215,0
GEO-003051,LWPOLYLINE,1358.703392123596,118.59688996209036,0
GEO-003052,LWPOLYLINE,1359.8040785995613,118.59688996209036,0
GEO-003053,LWPOLYLINE,1359.528923129455,118.6180503845215,0
GEO-003054,LWPOLYLINE,1361.4338886785,118.59688996209036,0
GEO-003055,LWPOLYLINE,1361.560883510857,118.1947181277805,0
GEO-003056,LWPOLYLINE,1363.0213994444239,118.59688996209036,0
GEO-003057,LWPOLYLINE,1364.6512202892854,118.59688996209036,0
GEO-003058,LWPOLYLINE,1364.6512202892854,118.3217183430989,0
GEO-003059,LWPOLYLINE,1366.2598860946784,118.5968845791287,0
GEO-003060,LWPOLYLINE,1366.2598860946784,118.5968845791287,0
GEO-003061,LWPOLYLINE,1353.411725456929,135.55138371785478,0
GEO-003062,LWPOLYLINE,1353.411725456929,129.2013837178548,0
GEO-003063,LWPOLYLINE,1353.411725456929,122.80905210706919,0
GEO-003064,SOLID,1144.1157312705275,127.93138694763186,0
GEO-003065,SOLID,1089.9714021359046,173.1222170511881,0
GEO-003066,SOLID,1089.9714021359046,172.3602157592773,0
GEO-003067,SOLID,1089.9714021359046,173.1222170511881,0
GEO-003068,SOLID,1089.9714021359046,172.3602157592773,0
GEO-003069,LWPOLYLINE,1089.294066757046,172.7200559828016,0
GEO-003070,LWPOLYLINE,1079.5362348232825,172.7623875935872,0
GEO-003071,LWPOLYLINE,1070.5827344464751,172.8047192043728,0
GEO-003072,LWPOLYLINE,1070.4345670800235,172.8470508151584,0
GEO-003073,LWPOLYLINE,1071.6834020820752,172.80472458733453,0
GEO-003074,LWPOLYLINE,1071.8950668647044,172.5083871629503,0
GEO-003075,LWPOLYLINE,1073.0169003056976,172.8047138214111,0
GEO-003076,LWPOLYLINE,1074.3715670261936,172.8047192043728,0
GEO-003077,LWPOLYLINE,1076.8904001442086,172.80472458733453,0
GEO-003078,LWPOLYLINE,1078.1604022973934,172.80472458733453,0
GEO-003079,LWPOLYLINE,1078.3720670800235,172.5083871629503,0
GEO-003080,LWPOLYLINE,1079.4939018667565,172.8047192043728,0
GEO-003081,LWPOLYLINE,1080.5310667032159,172.7200559828016,0
GEO-003082,LWPOLYLINE,1114.9692329930754,163.77044947871184,0
GEO-003083,LWPOLYLINE,1139.289728471388,102.57371317545572,0
GEO-003084,SOLID,1139.268573431918,100.45704650878902,0
GEO-003085,LWPOLYLINE,1141.4064005210162,105.91803961859804,0
GEO-003086,LWPOLYLINE,1141.4064005210162,107.3150473700629,0
GEO-003087,LWPOLYLINE,1141.491069125549,108.33104909261066,0
GEO-003088,LWPOLYLINE,1138.5488956763504,172.7623768276638,0
GEO-003089,SOLID,1138.167897721876,173.1222170511881,0
GEO-003090,SOLID,1138.167897721876,172.3602157592773,0
GEO-003091,LWPOLYLINE,1127.775067403001,103.22987467447916,0
GEO-003092,LWPOLYLINE,1120.6842372994445,109.0930396185981,0
GEO-003093,CIRCLE,1116.514345167874,109.0930396185981,0
GEO-003094,LWPOLYLINE,1115.942900413357,110.25720197889535,0
GEO-003095,LWPOLYLINE,1117.0435680489563,110.25720197889535,0
GEO-003096,LWPOLYLINE,1116.810733423712,113.89788199530705,0
GEO-003097,LWPOLYLINE,1117.1282339620084,113.7073897467719,0
GEO-003098,LWPOLYLINE,1118.546399444424,113.7073789808485,0
GEO-003099,LWPOLYLINE,1118.2288989061276,113.7073897467719,0
GEO-003100,LWPOLYLINE,1118.927400090379,113.6862239413791,0
GEO-003101,LWPOLYLINE,1119.1602320241425,113.91904780069984,0
GEO-003102,LWPOLYLINE,1121.128732670098,113.49571016099715,0
GEO-003103,LWPOLYLINE,1121.044069448527,113.6862239413791,0
GEO-003104,CIRCLE,1301.807342516117,284.014382425944,0
GEO-003105,LWPOLYLINE,1301.257060082173,285.1573789808485,0
GEO-003106,LWPOLYLINE,1302.378901597608,285.1573789808485,0
GEO-003107,LWPOLYLINE,1301.807403320156,271.2151150215181,0
GEO-003108,CIRCLE,1311.37469565875,277.7067140367296,0
GEO-003109,LWPOLYLINE,1310.7820600821735,278.84971059163405,0
GEO-003110,LWPOLYLINE,1311.925067403001,278.84971059163405,0
GEO-003111,LWPOLYLINE,1311.9039015976086,279.3577114529079,0
GEO-003112,LWPOLYLINE,1311.417066541727,273.43103832668726,0
GEO-003113,LWPOLYLINE,1311.374734930942,267.31387295193144,0
GEO-003114,LWPOLYLINE,1337.9177422517696,274.82804607815217,0
GEO-003115,LWPOLYLINE,1339.1665570677144,272.5843845791287,0
GEO-003116,SOLID,1339.1877444049546,276.01338500976556,0
GEO-003117,CIRCLE,1334.785045356286,277.7067140367296,0
GEO-003118,LWPOLYLINE,1334.2559071958885,278.87087639702685,0
GEO-003119,LWPOLYLINE,1334.425244404954,278.61687596638996,0
GEO-003120,LWPOLYLINE,1335.293074723829,278.87087639702685,0
GEO-003121,LWPOLYLINE,1301.807403320156,257.66188888549806,0
GEO-003122,LWPOLYLINE,1325.746898152513,276.1615456475152,0
GEO-003123,LWPOLYLINE,1325.7469196843595,274.15071877373583,0
GEO-003124,SOLID,1330.1707237343817,273.3463858710395,0
GEO-003125,SOLID,1330.1707237343817,272.7113794114855,0
GEO-003126,LWPOLYLINE,1329.3452357922156,272.9653798421224,0
GEO-003127,LWPOLYLINE,1325.768085489752,268.54155426025386,0
GEO-003128,LWPOLYLINE,1324.3922543096041,273.9178841484918,0
GEO-003129,CIRCLE,1320.984284979111,276.5637174818251,0
GEO-003130,LWPOLYLINE,1325.746908918436,274.67989620632596,0
GEO-003131,LWPOLYLINE,1325.7468873865896,275.4207209269206,0
GEO-003132,LWPOLYLINE,1319.7567276101136,277.8125430636935,0
GEO-003133,LWPOLYLINE,1320.8785798914719,277.8125430636935,0
GEO-003134,LWPOLYLINE,1322.0003891091374,277.8125430636935,0
GEO-003135,LWPOLYLINE,1313.068063957906,270.2137174818251,0
GEO-003136,LWPOLYLINE,1313.279732777757,267.29271791246197,0
GEO-003137,LWPOLYLINE,1312.665892123596,267.29271791246197,0
GEO-003138,LWPOLYLINE,1312.9622241650181,267.0810490926107,0
GEO-003139,LWPOLYLINE,1312.9622241650181,268.71088070339624,0
GEO-003140,LWPOLYLINE,1311.395911502258,269.30354478624133,0
GEO-003141,LWPOLYLINE,1311.395911502258,271.5260512457953,0
GEO-003142,LWPOLYLINE,1311.3959222681815,270.425375535753,0
GEO-003143,LWPOLYLINE,1339.1665570677144,272.5632187737359,0
GEO-003144,LWPOLYLINE,1343.1670665417275,275.27254952324756,0
GEO-003145,SOLID,1379.4652236879685,270.79334094702165,0
GEO-003146,SOLID,1379.4652236879685,270.0525054605036,0
GEO-003147,SOLID,1379.4652236879685,270.79334094702165,0
GEO-003148,SOLID,1379.4652236879685,270.0525054605036,0
GEO-003149,LWPOLYLINE,1378.809062188945,270.43351148942077,0
GEO-003150,LWPOLYLINE,1369.0539015976085,270.45509918549385,0
GEO-003151,LWPOLYLINE,1379.4652236879685,270.4123349181045,0
GEO-003152,SOLID,1357.1158921235956,270.6879445766614,0
GEO-003153,SOLID,1357.1158921235956,270.0952804938163,0
GEO-003154,LWPOLYLINE,1366.7255876429372,270.3916125352389,0
GEO-003155,LWPOLYLINE,1368.143728902025,270.3916125352389,0
GEO-003156,LWPOLYLINE,1367.932070848097,270.370446729846,0
GEO-003157,LWPOLYLINE,1369.3713994444233,270.3916125352389,0
GEO-003158,LWPOLYLINE,1370.599080752746,271.0054424234767,0
GEO-003159,LWPOLYLINE,1370.599069986823,270.3916125352389,0
GEO-003160,LWPOLYLINE,1360.777727179477,270.43395491194786,0
GEO-003161,LWPOLYLINE,1359.423051038798,268.88877575681005,0
GEO-003162,LWPOLYLINE,1359.423094102491,270.0317830776379,0
GEO-003163,LWPOLYLINE,1359.423094102491,271.0901271768947,0
GEO-003164,LWPOLYLINE,1359.4230618047209,272.1907813550903,0
GEO-003165,LWPOLYLINE,1352.58622674884,270.4127998724784,0
GEO-003166,LWPOLYLINE,1301.786248280687,275.23021791246197,0
GEO-003167,LWPOLYLINE,1301.786248280687,272.96537984212245,0
GEO-003168,LWPOLYLINE,1301.8074033201565,274.06604478624126,0
GEO-003169,LWPOLYLINE,1303.8817383760374,272.49971059163414,0
GEO-003170,LWPOLYLINE,1304.1992146910054,272.4997213575575,0
GEO-003171,LWPOLYLINE,1303.8817383760374,273.8332209269206,0
GEO-003172,LWPOLYLINE,1304.008733208394,274.87037768893765,0
GEO-003173,LWPOLYLINE,1301.807403320156,278.447560289171,0
GEO-003174,LWPOLYLINE,1222.5170611587655,237.78637941148546,0
GEO-003175,LWPOLYLINE,1222.517071924689,238.97171834309898,0
GEO-003176,LWPOLYLINE,1222.517077307651,239.9242226494683,0
GEO-003177,LWPOLYLINE,1124.6635648191796,107.4420637342665,0
GEO-003178,LWPOLYLINE,1121.6578966452835,107.2727157592773,0
GEO-003179,LWPOLYLINE,1121.6578966452835,107.88655641343854,0
GEO-003180,LWPOLYLINE,1121.467399013787,107.59021360609265,0
GEO-003181,LWPOLYLINE,1123.0972360075339,107.59021360609265,0
GEO-003182,LWPOLYLINE,1124.727073001281,109.11421618991425,0
GEO-003183,LWPOLYLINE,1122.483406119296,109.11421618991425,0
GEO-003184,LWPOLYLINE,1123.5840629889722,109.09303961859806,0
GEO-003185,LWPOLYLINE,1115.4560680489571,108.28872824774845,0
GEO-003186,LWPOLYLINE,1116.6413989061275,108.28871748182505,0
GEO-003187,LWPOLYLINE,1117.593900521016,108.28871748182505,0
GEO-003188,LWPOLYLINE,1300.7490699868226,283.1677179124621,0
GEO-003189,LWPOLYLINE,1301.934398152513,283.1677286783854,0
GEO-003190,LWPOLYLINE,1303.162068694912,283.1677286783854,0
GEO-003191,LWPOLYLINE,1310.3164231294554,276.86004952324765,0
GEO-003192,LWPOLYLINE,1311.5017297632985,276.8600602891711,0
GEO-003193,LWPOLYLINE,1312.4542340696676,276.86004952324765,0
GEO-003194,LWPOLYLINE,1311.374756462788,283.3158785502116,0
GEO-003195,LWPOLYLINE,1311.374756462788,282.1517161899143,0
GEO-003196,LWPOLYLINE,1311.374756462788,280.9875538296169,0
GEO-003197,CIRCLE,1311.332342381687,286.6390499538845,0
GEO-003198,LWPOLYLINE,1311.353579891472,286.6178841484917,0
GEO-003199,LWPOLYLINE,1311.353579891472,286.6390499538845,0
GEO-003200,LWPOLYLINE,1310.2740807527462,285.79238544040254,0
GEO-003201,LWPOLYLINE,1311.5017297632985,285.792396206326,0
GEO-003202,LWPOLYLINE,1312.411913224806,285.79238544040254,0
GEO-003203,LWPOLYLINE,1333.7267728269921,276.86004952324765,0
GEO-003204,LWPOLYLINE,1334.9120579289884,276.8600602891711,0
GEO-003205,LWPOLYLINE,1335.8645837672045,276.86004952324765,0
GEO-003206,LWPOLYLINE,1146.592232777757,132.90555038452146,0
GEO-003207,LWPOLYLINE,1146.6133985831493,132.0800516764323,0
GEO-003208,LWPOLYLINE,1146.613403966111,131.254536819458,0
GEO-003209,LWPOLYLINE,1147.375394492099,133.05371102227105,0
GEO-003210,LWPOLYLINE,1147.883395353373,133.05371102227105,0
GEO-003211,LWPOLYLINE,1150.508068264275,132.08005705939394,0
GEO-003212,LWPOLYLINE,1152.2013972912391,132.08005705939394,0
GEO-003213,LWPOLYLINE,1155.503408272481,132.08005705939394,0
GEO-003214,LWPOLYLINE,1156.815731270528,132.08005705939394,0
GEO-003215,LWPOLYLINE,1158.5090656804537,132.08005705939394,0
GEO-003216,LWPOLYLINE,1198.698403318581,16.34070154825846,0
GEO-003217,LWPOLYLINE,1199.799079028623,16.34070154825846,0
GEO-003218,LWPOLYLINE,1201.428899873485,16.34072308010525,0
GEO-003219,LWPOLYLINE,1202.995255599939,16.34070154825846,0
GEO-003220,LWPOLYLINE,1204.498070846521,16.34070154825846,0
GEO-003221,LWPOLYLINE,1206.064426572975,16.34070154825846,0
GEO-003222,LWPOLYLINE,1205.895078597986,16.38306545681423,0
GEO-003223,LWPOLYLINE,1206.064426572975,15.57870025634765,0
GEO-003224,LWPOLYLINE,1207.4190811818075,16.34070154825846,0
GEO-003225,LWPOLYLINE,1210.064914515141,16.340690782335066,0
GEO-003226,LWPOLYLINE,1211.56775129357,16.34072308010525,0
GEO-003227,LWPOLYLINE,1213.007069123973,16.34070154825846,0
GEO-003228,LWPOLYLINE,1328.4562181361011,271.7165434943305,0
GEO-003229,LWPOLYLINE,1329.3452357922156,271.71655426025393,0
GEO-003230,LWPOLYLINE,1329.3452357922156,271.6107252332899,0
GEO-003231,LWPOLYLINE,1330.2342426824066,271.71655426025393,0
GEO-003232,LWPOLYLINE,1330.0860605128105,271.7377200656467,0
GEO-003233,LWPOLYLINE,1331.123249572598,271.71655426025393,0
GEO-003234,LWPOLYLINE,1330.975078168925,271.7377200656467,0
GEO-003235,LWPOLYLINE,1333.0282366534893,271.71655426025393,0
GEO-003236,LWPOLYLINE,1334.0865699868232,271.71655426025393,0
GEO-003237,LWPOLYLINE,1333.9595751544662,271.7377200656467,0
GEO-003238,LWPOLYLINE,1334.9755553451669,271.71655426025393,0
GEO-003239,LWPOLYLINE,1335.8645837672045,272.1610577053494,0
GEO-003240,LWPOLYLINE,1335.885749572597,271.71655426025393,0
GEO-003241,SOLID,1220.061741605814,134.2390499538845,0
GEO-003242,LWPOLYLINE,1206.2398947074175,249.40689103868272,0
GEO-003243,SOLID,1207.2347252416105,249.0470508151584,0
GEO-003244,SOLID,1206.3880607281285,249.25871963500975,0
GEO-003245,LWPOLYLINE,1204.5253944920992,247.05737898084857,0
GEO-003246,LWPOLYLINE,1205.6472467734575,247.05737898084857,0
GEO-003247,LWPOLYLINE,1205.8165678336386,246.7822235107422,0
GEO-003248,LWPOLYLINE,1206.7479063346145,247.05737898084857,0
GEO-003249,LWPOLYLINE,1207.8273947074176,247.015047370063,0
GEO-003250,LWPOLYLINE,1209.097413009487,246.88805253770613,0
GEO-003251,LWPOLYLINE,1210.3250727859631,246.88805253770613,0
GEO-003252,LWPOLYLINE,1211.5104117175765,246.88805253770613,0
GEO-003253,LWPOLYLINE,1267.39040418143,243.54372609456385,0
GEO-003254,LWPOLYLINE,1267.39040418143,225.36155641343856,0
GEO-003255,LWPOLYLINE,1267.475056637078,205.4225495232476,0
GEO-003256,LWPOLYLINE,1267.3903934155064,212.3017269558377,0
GEO-003257,LWPOLYLINE,1268.067731485846,212.34405856662326,0
GEO-003258,LWPOLYLINE,1267.3903934155064,211.1163987901476,0
GEO-003259,LWPOLYLINE,1267.4896218777017,208.94132585900542,0
GEO-003260,LWPOLYLINE,1267.489632643625,207.60783705556577,0
GEO-003261,LWPOLYLINE,1267.277963823774,207.58668201609635,0
GEO-003262,LWPOLYLINE,1267.489632643625,206.2955140575188,0
GEO-003263,LWPOLYLINE,1267.489632643625,205.08900932051262,0
GEO-003264,LWPOLYLINE,1267.531975020334,205.23716995826214,0
GEO-003265,LWPOLYLINE,1266.854626184071,205.08900932051262,0
GEO-003266,LWPOLYLINE,1267.489632643625,202.76067383399456,0
GEO-003267,LWPOLYLINE,1267.4049801879773,200.6016863224657,0
GEO-003268,LWPOLYLINE,1267.489632643625,199.47983404110715,0
GEO-003269,LWPOLYLINE,1267.277963823774,199.50099984649995,0
GEO-003270,LWPOLYLINE,1267.4049801879773,198.44266651316664,0
GEO-003271,LWPOLYLINE,1141.0042340696682,105.7910447862413,0
GEO-003272,LWPOLYLINE,1138.4430666493865,107.50555038452146,0
GEO-003273,LWPOLYLINE,1139.3108942767803,107.50553961859805,0
GEO-003274,LWPOLYLINE,1137.554067833638,107.48439534505205,0
GEO-003275,LWPOLYLINE,1267.4115699868225,237.08789706759984,0
GEO-003276,LWPOLYLINE,1267.4115699868225,234.82305899726015,0
GEO-003277,LWPOLYLINE,1267.3904041814303,235.92371317545576,0
GEO-003278,LWPOLYLINE,1269.5070708480966,234.3573789808485,0
GEO-003279,LWPOLYLINE,1269.803402889519,234.3573897467719,0
GEO-003280,LWPOLYLINE,1269.5070708480966,235.69088931613496,0
GEO-003281,LWPOLYLINE,1269.591734069668,236.72804607815215,0
GEO-003282,LWPOLYLINE,1319.756716844191,178.1598832872179,0
GEO-003283,LWPOLYLINE,1319.756716844191,179.30288522508403,0
GEO-003284,LWPOLYLINE,1319.756716844191,180.4670529683431,0
GEO-003285,CIRCLE,1319.799030447195,183.7690585666232,0
GEO-003286,LWPOLYLINE,1319.291069125549,184.95437596638993,0
GEO-003287,LWPOLYLINE,1319.3122349309415,185.5047192043728,0
GEO-003288,LWPOLYLINE,1320.243562665995,184.95437596638993,0
GEO-003289,LWPOLYLINE,1320.0954020282456,184.9967183430989,0
GEO-003290,CIRCLE,1319.799030573512,174.7943910386827,0
GEO-003291,LWPOLYLINE,1319.820257324062,174.83671188354492,0
GEO-003292,LWPOLYLINE,1319.714406765251,176.0008850097656,0
GEO-003293,LWPOLYLINE,1319.714406765252,176.5723832872179,0
GEO-003294,LWPOLYLINE,1320.307070848097,176.0008850097656,0
GEO-003295,LWPOLYLINE,1315.5869132248054,187.40971705118815,0
GEO-003296,LWPOLYLINE,1311.374756462788,187.74838070339626,0
GEO-003297,LWPOLYLINE,1441.6343981525124,16.129032728407115,0
GEO-003298,LWPOLYLINE,1273.232403320156,264.1388837178548,0
GEO-003299,LWPOLYLINE,1273.253569125549,260.3500430636936,0
GEO-003300,LWPOLYLINE,1273.232403320156,256.5400473700629,0
GEO-003301,LWPOLYLINE,1273.253569125549,252.7300516764323,0
GEO-003302,LWPOLYLINE,1273.232403320156,248.92004521687824,0
GEO-003303,LWPOLYLINE,1273.253569125549,245.1100387573242,0
GEO-003304,LWPOLYLINE,1273.232403320156,241.30004306369355,0
GEO-003305,LWPOLYLINE,1273.253569125549,237.490047370063,0
GEO-003306,LWPOLYLINE,1273.232403320156,233.6800516764323,0
GEO-003307,LWPOLYLINE,1273.253569125549,229.8700344509549,0
GEO-003308,LWPOLYLINE,1273.232403320156,226.06004952324764,0
GEO-003309,LWPOLYLINE,1273.253569125549,222.2500430636936,0
GEO-003310,LWPOLYLINE,1273.232403320156,218.4188815646701,0
GEO-003311,LWPOLYLINE,1273.253569125549,214.5877200656467,0
GEO-003312,LWPOLYLINE,1273.232403320156,210.77771360609265,0
GEO-003313,LWPOLYLINE,1273.253569125549,206.9677071465386,0
GEO-003314,LWPOLYLINE,1273.232403320156,203.157711452908,0
GEO-003315,LWPOLYLINE,1273.253569125549,199.3477157592773,0
GEO-003316,LWPOLYLINE,1273.232403320156,195.53770929972325,0
GEO-003317,LWPOLYLINE,1273.253569125549,191.7277028401693,0
GEO-003318,LWPOLYLINE,1273.232403320156,187.917717912462,0
GEO-003319,LWPOLYLINE,1273.253569125549,184.107711452908,0
GEO-003320,LWPOLYLINE,1273.232403320156,180.2977157592773,0
GEO-003321,LWPOLYLINE,1273.253569125549,176.4877092997233,0
GEO-003322,LWPOLYLINE,1273.232403320156,172.69888479444717,0
GEO-003323,LWPOLYLINE,1273.232403320156,176.1490564134386,0
GEO-003324,SOLID,1272.1317491419609,174.64621963500974,0
GEO-003325,SOLID,1272.1317491419609,173.50321769714355,0
GEO-003326,SOLID,1274.3965872123003,174.64621963500974,0
GEO-003327,SOLID,1274.3965872123003,173.50321769714355,0
GEO-003328,LWPOLYLINE,1274.4177314858466,174.0747213575575,0
GEO-003329,LWPOLYLINE,1263.1359050427036,174.1170529683431,0
GEO-003330,LWPOLYLINE,1265.8664015976085,174.1170529683431,0
GEO-003331,LWPOLYLINE,1269.1048990137865,174.1170529683431,0
GEO-003332,LWPOLYLINE,1272.3010648191794,174.1170529683431,0
GEO-003333,LWPOLYLINE,1275.5395730012815,174.1170529683431,0
GEO-003334,LWPOLYLINE,1278.7569046120666,174.1170529683431,0
GEO-003335,LWPOLYLINE,1281.5297435436805,174.1170529683431,0
GEO-003336,LWPOLYLINE,1274.883400736334,177.37672157287597,0
GEO-003337,LWPOLYLINE,1276.174568694912,177.37671618991425,0
GEO-003338,ELLIPSE,1278.0944006647283,177.376718885377,0
GEO-003339,LWPOLYLINE,1279.3707345003045,176.57238867017955,0
GEO-003340,LWPOLYLINE,1263.051220289286,177.37672157287597,0
GEO-003341,LWPOLYLINE,1264.765736653489,177.37672157287597,0
GEO-003342,LWPOLYLINE,1268.1312289020245,177.37671080695253,0
GEO-003343,LWPOLYLINE,1269.464739237311,177.37671618991425,0
GEO-003344,LWPOLYLINE,1271.179234069668,177.37672157287597,0
GEO-003345,LWPOLYLINE,1148.6877282560695,131.74138264126245,0
GEO-003346,LWPOLYLINE,1092.955899121446,252.89938888549807,0
GEO-003347,LWPOLYLINE,1092.97706761832,252.052724372016,0
GEO-003348,LWPOLYLINE,1092.9770662725796,251.24838070339626,0
GEO-003349,LWPOLYLINE,1093.7390702559705,253.04754952324765,0
GEO-003350,LWPOLYLINE,1094.2470684257642,253.04754952324765,0
GEO-003351,LWPOLYLINE,1096.8717292250021,252.07387941148545,0
GEO-003352,LWPOLYLINE,1098.56506901789,252.07387941148545,0
GEO-003353,LWPOLYLINE,1101.867069233208,252.07386864556204,0
GEO-003354,LWPOLYLINE,1103.1794003056975,252.07387941148545,0
GEO-003355,LWPOLYLINE,1104.8727320241426,252.07387941148545,0
GEO-003356,LWPOLYLINE,1095.0513999827194,251.73521575927737,0
GEO-003357,LWPOLYLINE,1216.2728955686912,156.40055253770615,0
GEO-003358,LWPOLYLINE,1217.098394276781,156.4005579206678,0
GEO-003359,LWPOLYLINE,1217.9450749391476,156.4005471547444,0
GEO-003360,LWPOLYLINE,1216.124745696865,157.18372501797145,0
GEO-003361,LWPOLYLINE,1216.124745696865,157.6917151133219,0
GEO-003362,LWPOLYLINE,1217.0984104256654,160.31639879014756,0
GEO-003363,LWPOLYLINE,1217.0984104256654,162.00971705118815,0
GEO-003364,LWPOLYLINE,1217.0983996597424,165.31171726650655,0
GEO-003365,LWPOLYLINE,1217.098405042704,166.62404564751515,0
GEO-003366,LWPOLYLINE,1217.0984104256654,168.31738544040257,0
GEO-003367,LWPOLYLINE,1217.458229117343,158.49604263305665,0
GEO-003368,LWPOLYLINE,1311.395911502258,174.8367118835449,0
GEO-003369,LWPOLYLINE,1319.8202357922155,174.8367118835449,0
GEO-003370,LWPOLYLINE,1327.145045907242,249.2527947676038,0
GEO-003371,LWPOLYLINE,1288.0278934155067,238.2097062852647,0
GEO-003372,LWPOLYLINE,1288.0278934155067,212.6403798421224,0
GEO-003373,LWPOLYLINE,1225.522651110364,16.76403918796115,0
GEO-003374,LWPOLYLINE,1227.300621827052,16.76401765611436,0
GEO-003375,LWPOLYLINE,1228.8669775535063,16.76406071980794,0
GEO-003376,LWPOLYLINE,1231.3223078723813,16.933365631103513,0
GEO-003377,LWPOLYLINE,1231.3223078723813,16.065556844075516,0
GEO-003378,LWPOLYLINE,1232.973294522636,16.467707146538626,0
GEO-003379,LWPOLYLINE,1234.454987027519,16.467707146538626,0
GEO-003380,LWPOLYLINE,1237.291312609387,16.467739444308812,0
GEO-003381,LWPOLYLINE,1238.3919775535064,16.46771791246202,0
GEO-003382,LWPOLYLINE,1239.85248272115,16.467707146538626,0
GEO-003383,LWPOLYLINE,1334.5078587178025,240.96720570909758,0
GEO-003384,LWPOLYLINE,1334.507858717803,240.141696235085,0
GEO-003385,LWPOLYLINE,1334.5078479518795,239.31618676107246,0
GEO-003386,LWPOLYLINE,1335.2910581128765,241.1153555809238,0
GEO-003387,LWPOLYLINE,1335.799015910457,241.1153555809238,0
GEO-003388,LWPOLYLINE,1337.831019355552,240.1416854691616,0
GEO-003389,LWPOLYLINE,1339.101010742814,240.1416854691616,0
GEO-003390,ELLIPSE,1340.9997080754226,240.1417001555102,0
GEO-003391,LWPOLYLINE,1342.2337006638745,239.3373633323886,0
GEO-003392,LWPOLYLINE,1336.6033595790764,239.80303258287694,0
GEO-003393,LWPOLYLINE,1157.2814059039774,15.681724042159235,0
GEO-003394,LWPOLYLINE,1158.847740098585,15.681724042159235,0
GEO-003395,LWPOLYLINE,1158.8477293326614,15.42770207967551,0
GEO-003396,LWPOLYLINE,1160.371731916483,15.681724042159235,0
GEO-003397,LWPOLYLINE,1161.980397721876,15.681724042159235,0
GEO-003398,LWPOLYLINE,1161.959231916483,15.42770207967551,0
GEO-003399,LWPOLYLINE,1163.5467319164832,15.681724042159235,0
GEO-003400,LWPOLYLINE,1164.520391262322,15.681724042159235,0
GEO-003401,LWPOLYLINE,1165.621066972364,15.681724042159235,0
GEO-003402,LWPOLYLINE,1165.621066972364,16.44372533407004,0
GEO-003403,LWPOLYLINE,1166.97573234712,16.08387434462234,0
GEO-003404,LWPOLYLINE,1166.97573234712,15.321873052711535,0
GEO-003405,LWPOLYLINE,1167.928231270528,15.872227056617785,0
GEO-003406,LWPOLYLINE,1167.928231270528,14.983220166426815,0
GEO-003407,LWPOLYLINE,1170.5105671876825,15.681724042159235,0
GEO-003408,LWPOLYLINE,1171.971056206441,15.681724042159235,0
GEO-003409,LWPOLYLINE,1173.452727179477,15.681724042159235,0
GEO-003410,LWPOLYLINE,1176.2044056886589,15.681724042159235,0
GEO-003411,LWPOLYLINE,1177.0722306245725,16.380227917891656,0
GEO-003412,LWPOLYLINE,1177.051075585103,15.4277236115223,0
GEO-003413,LWPOLYLINE,1177.982397937194,15.681724042159235,0
GEO-003414,LWPOLYLINE,1177.81306611109,15.93572447279617,0
GEO-003415,LWPOLYLINE,1178.6597360075339,14.983220166426815,0
GEO-003416,LWPOLYLINE,1092.447900951653,176.25488544040255,0
GEO-003417,LWPOLYLINE,1092.4479022973935,175.4293867323133,0
GEO-003418,LWPOLYLINE,1092.4479022973935,174.794385655721,0
GEO-003419,LWPOLYLINE,1092.596066972364,174.60388264126246,0
GEO-003420,LWPOLYLINE,1093.2734010054826,176.4030460781521,0
GEO-003421,LWPOLYLINE,1093.7813991752755,176.4030460781521,0
GEO-003422,LWPOLYLINE,1096.4060707404374,175.42938134935167,0
GEO-003423,LWPOLYLINE,1098.0993997674013,175.42938134935167,0
GEO-003424,LWPOLYLINE,1101.4014053656815,175.42939211527505,0
GEO-003425,LWPOLYLINE,1102.7137337466902,175.42939211527505,0
GEO-003426,LWPOLYLINE,1104.407062773654,175.42938134935167,0
GEO-003427,LWPOLYLINE,1094.5222333160536,175.09072308010525,0
GEO-003428,LWPOLYLINE,1339.928569125549,279.7175516764322,0
GEO-003429,LWPOLYLINE,1339.949745696865,278.8920637342665,0
GEO-003430,LWPOLYLINE,1339.9497349309413,278.06654349433046,0
GEO-003431,LWPOLYLINE,1340.711725456929,279.8657230801052,0
GEO-003432,LWPOLYLINE,1341.21974785005,279.8657230801052,0
GEO-003433,LWPOLYLINE,1343.8444153779901,278.8920637342665,0
GEO-003434,LWPOLYLINE,1345.5377228731077,278.8920637342665,0
GEO-003435,LWPOLYLINE,1348.839760769158,278.89205296834314,0
GEO-003436,LWPOLYLINE,1350.1520514694344,278.89205296834314,0
GEO-003437,LWPOLYLINE,1351.845391262322,278.8920637342665,0
GEO-003438,LWPOLYLINE,1342.024069986823,278.553389316135,0
GEO-003439,SOLID,1149.3015635272686,61.74321662055121,0
GEO-003440,SOLID,1149.3015635272686,57.48871748182508,0
GEO-003441,SOLID,1149.3015635272686,57.48871748182508,0
GEO-003442,SOLID,1149.3862375147635,52.916720496283624,0
GEO-003443,SOLID,1149.8095643885424,52.916720496283624,0
GEO-003444,SOLID,1150.232902028245,51.138717481825076,0
GEO-003445,SOLID,1150.232902028245,51.138717481825076,0
GEO-003446,LWPOLYLINE,1147.5659028895188,55.71071446736653,0
GEO-003447,LWPOLYLINE,1151.9685626659946,56.15521791246202,0
GEO-003448,SOLID,1129.235564496202,61.74321662055121,0
GEO-003449,SOLID,1129.235564496202,57.48871748182508,0
GEO-003450,SOLID,1129.235564496202,57.48871748182508,0
GEO-003451,SOLID,1129.1932301939355,52.916720496283624,0
GEO-003452,SOLID,1129.6800679412975,52.916720496283624,0
GEO-003453,SOLID,1128.3253998750606,51.138717481825076,0
GEO-003454,SOLID,1128.3253998750606,51.138717481825076,0
GEO-003455,LWPOLYLINE,1130.992399013787,55.71071446736653,0
GEO-003456,LWPOLYLINE,1126.5685653574756,56.15521791246202,0
GEO-003457,SOLID,1089.6538975603876,272.9230589972602,0
GEO-003458,SOLID,1089.6538975603876,272.18222351074223,0
GEO-003459,SOLID,1089.6538975603876,272.9230589972602,0
GEO-003460,SOLID,1089.6538975603876,272.18222351074223,0
GEO-003461,LWPOLYLINE,1088.997729332662,272.5632187737359,0
GEO-003462,LWPOLYLINE,1136.305234177327,274.0025581359863,0
GEO-003463,LWPOLYLINE,1079.197567133853,272.2245551215278,0
GEO-003464,LWPOLYLINE,1069.5244011131415,272.6478819953071,0
GEO-003465,LWPOLYLINE,1069.312734984771,272.6267269558377,0
GEO-003466,LWPOLYLINE,1070.815567725979,272.6478819953071,0
GEO-003467,LWPOLYLINE,1070.921402135905,272.309218343099,0
GEO-003468,LWPOLYLINE,1072.1279008170786,272.6478819953071,0
GEO-003469,LWPOLYLINE,1073.419066757046,272.6478819953071,0
GEO-003470,LWPOLYLINE,1092.9982361151929,276.03455081515835,0
GEO-003471,LWPOLYLINE,1092.9982334237125,275.2090413411458,0
GEO-003472,LWPOLYLINE,1092.9982334237125,274.57404564751516,0
GEO-003473,LWPOLYLINE,1093.146404827385,274.38355339898004,0
GEO-003474,LWPOLYLINE,1093.7813991752755,276.1827222188314,0
GEO-003475,LWPOLYLINE,1094.2893973450684,276.1827222188314,0
GEO-003476,LWPOLYLINE,1096.914071601711,275.2090521070693,0
GEO-003477,LWPOLYLINE,1098.607400628675,275.2090521070693,0
GEO-003478,LWPOLYLINE,1101.909400843994,275.2090521070693,0
GEO-003479,LWPOLYLINE,1103.2217319164833,275.2090521070693,0
GEO-003480,LWPOLYLINE,1104.91506901789,275.2090521070693,0
GEO-003481,LWPOLYLINE,1095.0513999827194,274.87037768893765,0
GEO-003482,LWPOLYLINE,1078.964732508609,272.5420637342665,0
GEO-003483,LWPOLYLINE,1075.9590656804535,272.3727157592773,0
GEO-003484,LWPOLYLINE,1075.9590656804535,272.9865564134386,0
GEO-003485,LWPOLYLINE,1075.747402243564,272.69021360609264,0
GEO-003486,LWPOLYLINE,1077.3772338543495,272.69021360609264,0
GEO-003487,LWPOLYLINE,1232.221495645075,272.5420637342665,0
GEO-003488,LWPOLYLINE,1276.6402379453998,272.5420637342665,0
GEO-003489,LWPOLYLINE,1289.319061374084,265.3242226494683,0
GEO-003490,LWPOLYLINE,1307.6282366534888,255.67221705118814,0
GEO-003491,SOLID,1311.7557409598585,254.3598832872179,0
GEO-003492,SOLID,1310.993739667948,254.3598832872179,0
GEO-003493,LWPOLYLINE,1303.585417100538,258.1487239413791,0
GEO-003494,LWPOLYLINE,1299.987079460835,258.1487239413791,0
GEO-003495,LWPOLYLINE,1275.0950803221094,270.42538630167644,0
GEO-003496,LWPOLYLINE,1276.4709007363344,270.42538630167644,0
GEO-003497,LWPOLYLINE,1277.5080574983515,270.3407123141819,0
GEO-003498,LWPOLYLINE,1274.92573234712,270.8275473700629,0
GEO-003499,LWPOLYLINE,1276.6402379453998,273.3887174818251,0
GEO-003500,LWPOLYLINE,1276.6402271794764,272.5208871629503,0
GEO-003501,LWPOLYLINE,1276.619082905931,274.2777243720161,0
GEO-003502,LWPOLYLINE,1911.431784628478,287.9514052497016,0
GEO-003503,LWPOLYLINE,1914.0564521564186,287.9514052497016,0
GEO-003504,LWPOLYLINE,1916.405899618712,287.9725710550944,0
GEO-003505,LWPOLYLINE,1916.4482742931914,289.1790757921007,0
GEO-003506,LWPOLYLINE,1918.4379461275016,287.9725710550944,0
GEO-003507,LWPOLYLINE,1918.1204375147624,288.0360792371962,0
GEO-003508,LWPOLYLINE,1920.6392329520459,287.9725710550944,0
GEO-003509,LWPOLYLINE,1881.099936653489,148.80173772176107,0
GEO-003510,LWPOLYLINE,1758.2062616970616,148.80173772176104,0
GEO-003511,LWPOLYLINE,1759.412761723976,148.80173772176107,0
GEO-003512,LWPOLYLINE,1959.797566285379,148.80173772176101,0
GEO-003513,LWPOLYLINE,1956.2204159829162,147.65873040093314,0
GEO-003514,LWPOLYLINE,1956.2204159829162,293.8780676099989,0
GEO-003515,LWPOLYLINE,1558.900934069667,148.80173772176101,0
GEO-003516,LWPOLYLINE,1763.3366727743864,19.739571713825665,0
GEO-003517,LWPOLYLINE,1764.712493188612,19.739550181978878,0
GEO-003518,LWPOLYLINE,1766.109511706,19.739571713825665,0
GEO-003519,LWPOLYLINE,1767.5276744969347,19.739571713825665,0
GEO-003520,LWPOLYLINE,1767.379513859185,19.80305836408065,0
GEO-003521,LWPOLYLINE,1770.0676788033034,19.739571713825665,0
GEO-003522,LWPOLYLINE,1769.898341594238,19.80305836408065,0
GEO-003523,LWPOLYLINE,1771.253006968994,19.739550181978878,0
GEO-003524,LWPOLYLINE,1772.73467794203,19.73959324567245,0
GEO-003525,LWPOLYLINE,1772.9675233331975,19.42207386701034,0
GEO-003526,LWPOLYLINE,1774.1316856934945,19.739571713825665,0
GEO-003527,LWPOLYLINE,1775.6345224719234,19.739571713825665,0
GEO-003528,LWPOLYLINE,1775.655677511393,19.50671555673473,0
GEO-003529,LWPOLYLINE,1777.073840302327,19.73959324567245,0
GEO-003530,LWPOLYLINE,1778.407350637614,19.739571713825665,0
GEO-003531,LWPOLYLINE,1778.238013428548,19.80305836408065,0
GEO-003532,LWPOLYLINE,1710.7929332083936,16.671039279716187,0
GEO-003533,LWPOLYLINE,1712.3804332083935,16.671039279716187,0
GEO-003534,LWPOLYLINE,1713.8197618047202,16.67106081156297,0
GEO-003535,LWPOLYLINE,1716.02109707592,16.819210683389144,0
GEO-003536,LWPOLYLINE,1716.02109707592,16.014877780692746,0
GEO-003537,LWPOLYLINE,1558.9221106409836,297.2647364298502,0
GEO-003538,LWPOLYLINE,1918.056950864508,4.86839362250434,0
GEO-003539,LWPOLYLINE,1955.013922011833,15.07073169284396,0
GEO-003540,LWPOLYLINE,1955.013922011833,22.309706285264753,0
GEO-003541,LWPOLYLINE,1926.0155843721304,4.868372090657551,0
GEO-003542,LWPOLYLINE,1918.0569185667375,46.60904134114583,0
GEO-003543,LWPOLYLINE,1918.0569185667375,49.69937811957465,0
GEO-003544,LWPOLYLINE,1918.0569185667375,40.8093738132053,0
GEO-003545,LWPOLYLINE,1882.200601597608,45.23324245876735,0
GEO-003546,LWPOLYLINE,1882.4122596515354,44.91573384602864,0
GEO-003547,LWPOLYLINE,1883.5129245956546,45.23324245876735,0
GEO-003548,LWPOLYLINE,1883.343587386589,45.25438673231336,0
GEO-003549,LWPOLYLINE,1884.846456462788,45.23324245876735,0
GEO-003550,LWPOLYLINE,1886.010618823085,51.435060289171005,0
GEO-003551,LWPOLYLINE,1939.477617961811,51.435060289171005,0
GEO-003552,LWPOLYLINE,1949.637635187289,51.435060289171005,0
GEO-003553,LWPOLYLINE,1941.8694616304315,45.23324245876735,0
GEO-003554,LWPOLYLINE,1943.2876136554419,45.23324245876735,0
GEO-003555,LWPOLYLINE,1943.3087579289881,45.00039706759983,0
GEO-003556,LWPOLYLINE,1944.684578343213,45.23324245876735,0
GEO-003557,LWPOLYLINE,1944.6422682642747,45.88940395779079,0
GEO-003558,LWPOLYLINE,1945.8064306245715,45.23324245876735,0
GEO-003559,LWPOLYLINE,1945.6159383760364,45.25438673231336,0
GEO-003560,LWPOLYLINE,1908.1297682642744,45.1062260945638,0
GEO-003561,LWPOLYLINE,1909.4844444049536,45.106236860487186,0
GEO-003562,LWPOLYLINE,1909.315128727735,45.12739189995659,0
GEO-003563,LWPOLYLINE,1910.754435792215,45.1062260945638,0
GEO-003564,LWPOLYLINE,1912.0879245956544,45.106236860487186,0
GEO-003565,LWPOLYLINE,1913.4002475937014,45.1062260945638,0
GEO-003566,LWPOLYLINE,1913.654258790262,44.78872824774848,0
GEO-003567,LWPOLYLINE,1914.331607626525,45.106236860487186,0
GEO-003568,LWPOLYLINE,1915.3052562064404,45.1062260945638,0
GEO-003569,LWPOLYLINE,1916.659932347119,45.106236860487186,0
GEO-003570,LWPOLYLINE,1916.6811196843591,45.76240912543402,0
GEO-003571,LWPOLYLINE,1917.421944404954,45.106236860487186,0
GEO-003572,LWPOLYLINE,1918.4379676593485,45.106247626410585,0
GEO-003573,LWPOLYLINE,1919.8137880735735,45.106236860487186,0
GEO-003574,LWPOLYLINE,1950.6747811833825,45.233220926920566,0
GEO-003575,LWPOLYLINE,1951.500312189242,45.23324245876735,0
GEO-003576,LWPOLYLINE,1952.516292379943,45.23323169284396,0
GEO-003577,LWPOLYLINE,1953.849781183382,45.23324245876735,0
GEO-003578,LWPOLYLINE,1918.0569293326612,52.83206804063585,0
GEO-003579,LWPOLYLINE,1918.0569293326612,56.00706804063585,0
GEO-003580,LWPOLYLINE,1933.550934069667,16.150220065646696,0
GEO-003581,LWPOLYLINE,1934.439940959858,16.150220065646696,0
GEO-003582,LWPOLYLINE,1933.9954375147624,16.17138587103949,0
GEO-003583,LWPOLYLINE,1935.350092123595,16.150220065646696,0
GEO-003584,LWPOLYLINE,1935.201909953999,16.17138587103949,0
GEO-003585,LWPOLYLINE,1936.5989392373106,16.150220065646696,0
GEO-003586,LWPOLYLINE,1936.429634326015,16.17138587103949,0
GEO-003587,LWPOLYLINE,1936.5989392373106,15.49403703477647,0
GEO-003588,LWPOLYLINE,1937.784267403,16.150220065646696,0
GEO-003589,LWPOLYLINE,1937.8054547402405,16.80640309651692,0
GEO-003590,LWPOLYLINE,1942.4621041814294,16.150241597493483,0
GEO-003591,LWPOLYLINE,1943.75328290593,16.150220065646696,0
GEO-003592,LWPOLYLINE,1943.6051222681806,16.17138587103949,0
GEO-003593,LWPOLYLINE,1882.877928902024,12.340202840169265,0
GEO-003594,LWPOLYLINE,1884.2537708480966,12.340202840169265,0
GEO-003595,LWPOLYLINE,1884.4866162392636,12.043892330593529,0
GEO-003596,LWPOLYLINE,1885.7142544838925,12.34021360609266,0
GEO-003597,LWPOLYLINE,1885.7142760157394,12.14975365532769,0
GEO-003598,LWPOLYLINE,1887.2594444049535,12.34021360609266,0
GEO-003599,LWPOLYLINE,1888.169595568691,12.34021360609266,0
GEO-003600,LWPOLYLINE,1889.1432872122996,12.34021360609266,0
GEO-003601,LWPOLYLINE,1890.624958185336,12.34021360609266,0
GEO-003602,LWPOLYLINE,1893.207272570644,12.34021360609266,0
GEO-003603,LWPOLYLINE,1893.1649194280117,12.99638587103949,0
GEO-003604,LWPOLYLINE,1893.884578343213,12.34021360609266,0
GEO-003605,LWPOLYLINE,1894.900623129455,12.34021360609266,0
GEO-003606,LWPOLYLINE,1894.858269986822,12.99638587103949,0
GEO-003607,LWPOLYLINE,1896.001266541727,12.34021360609266,0
GEO-003608,LWPOLYLINE,1897.1442738625547,12.34021360609266,0
GEO-003609,LWPOLYLINE,1896.9749366534884,12.40374332004123,0
GEO-003610,LWPOLYLINE,1899.2397639579049,12.509572347005204,0
GEO-003611,LWPOLYLINE,1899.2397639579049,11.74754952324761,0
GEO-003612,LWPOLYLINE,1931.582449572597,26.162087419297954,0
GEO-003613,LWPOLYLINE,1932.9159814397299,26.162087419297954,0
GEO-003614,LWPOLYLINE,1933.169949572597,25.84457880655924,0
GEO-003615,LWPOLYLINE,1934.376422011833,26.162076653374566,0
GEO-003616,LWPOLYLINE,1934.3341119328938,25.95037553575304,0
GEO-003617,LWPOLYLINE,1935.9427777382875,26.162065887451178,0
GEO-003618,LWPOLYLINE,1936.852928902024,26.162076653374566,0
GEO-003619,LWPOLYLINE,1937.8054547402405,26.183231692843968,0
GEO-003620,LWPOLYLINE,1939.2871041814296,26.183231692843968,0
GEO-003621,LWPOLYLINE,1941.848252761345,26.183231692843968,0
GEO-003622,LWPOLYLINE,1943.372276877013,26.18324245876736,0
GEO-003623,LWPOLYLINE,1944.3247811833826,25.590556844075525,0
GEO-003624,LWPOLYLINE,1931.582449572597,39.07372394137913,0
GEO-003625,LWPOLYLINE,1932.894772570644,39.07372394137913,0
GEO-003626,LWPOLYLINE,1932.7254676593484,39.11606631808811,0
GEO-003627,LWPOLYLINE,1934.1647639579055,39.07373470730252,0
GEO-003628,LWPOLYLINE,1935.032583510857,39.07372394137913,0
GEO-003629,LWPOLYLINE,1936.027397896165,39.07374547322591,0
GEO-003630,LWPOLYLINE,1937.4032829059306,39.07372394137913,0
GEO-003631,LWPOLYLINE,1931.582449572597,35.81406071980794,0
GEO-003632,LWPOLYLINE,1932.9159814397299,35.81406071980794,0
GEO-003633,LWPOLYLINE,1933.169949572597,35.47539706759983,0
GEO-003634,LWPOLYLINE,1934.376422011833,35.81407148573133,0
GEO-003635,LWPOLYLINE,1934.3341119328938,35.5600818210178,0
GEO-003636,LWPOLYLINE,1935.9427777382875,35.814082251654725,0
GEO-003637,LWPOLYLINE,1937.318598152512,35.81407148573133,0
GEO-003638,LWPOLYLINE,1952.4104633529791,17.46256459554036,0
GEO-003639,LWPOLYLINE,1952.2834685206221,17.48370886908636,0
GEO-003640,LWPOLYLINE,1953.743930624572,17.46256459554036,0
GEO-003641,LWPOLYLINE,1931.6671127941686,29.46407148573134,0
GEO-003642,LWPOLYLINE,1931.6882570677144,29.21008182101779,0
GEO-003643,LWPOLYLINE,1933.000601597608,29.464060719807946,0
GEO-003644,LWPOLYLINE,1934.3976308809197,29.464060719807946,0
GEO-003645,LWPOLYLINE,1935.7946171005374,29.464071485731335,0
GEO-003646,LWPOLYLINE,1935.9850878172256,29.125397067599827,0
GEO-003647,LWPOLYLINE,1937.1704375147624,29.46408225165473,0
GEO-003648,LWPOLYLINE,1938.6097553451664,29.46407148573134,0
GEO-003649,LWPOLYLINE,1939.8162493162495,29.46407148573134,0
GEO-003650,LWPOLYLINE,1939.6680886785,29.46407148573133,0
GEO-003651,LWPOLYLINE,1941.107449572597,29.464060719807946,0
GEO-003652,LWPOLYLINE,1931.5189521564184,9.313385009765623,0
GEO-003653,LWPOLYLINE,1932.8312751544654,9.334561581081813,0
GEO-003654,LWPOLYLINE,1934.270614516716,9.334572347005206,0
GEO-003655,LWPOLYLINE,1934.270614516716,9.144037034776474,0
GEO-003656,LWPOLYLINE,1935.561750177523,9.334572347005206,0
GEO-003657,LWPOLYLINE,1936.6836024588815,9.334572347005206,0
GEO-003658,LWPOLYLINE,1936.535420289285,9.398069763183592,0
GEO-003659,LWPOLYLINE,1937.5937751544654,9.50387725830078,0
GEO-003660,LWPOLYLINE,1937.5937751544654,8.741908264160156,0
GEO-003661,LWPOLYLINE,1882.623917705464,25.908054690890843,0
GEO-003662,LWPOLYLINE,1883.9151179618116,25.908076222737634,0
GEO-003663,LWPOLYLINE,1884.61361107162,25.908076222737634,0
GEO-003664,LWPOLYLINE,1885.5660938461428,25.908076222737634,0
GEO-003665,LWPOLYLINE,1885.4179332083936,25.95037553575304,0
GEO-003666,LWPOLYLINE,1886.836085233404,25.908076222737634,0
GEO-003667,LWPOLYLINE,1888.254280322109,25.908076222737634,0
GEO-003668,LWPOLYLINE,1888.2754461275015,26.58541429307726,0
GEO-003669,LWPOLYLINE,1929.783291518669,22.838916015625003,0
GEO-003670,LWPOLYLINE,1905.441614086079,27.64374762641059,0
GEO-003671,LWPOLYLINE,1918.0569293326612,13.88539276123047,0
GEO-003672,LWPOLYLINE,1941.848274293192,34.24772652520073,0
GEO-003673,LWPOLYLINE,1949.637592123595,34.24772652520073,0
GEO-003674,LWPOLYLINE,1949.658757928988,4.86839362250434,0
GEO-003675,LWPOLYLINE,1942.398606765251,37.50740051269531,0
GEO-003676,LWPOLYLINE,1942.398606765251,34.24773729112414,0
GEO-003677,LWPOLYLINE,1942.398606765251,30.94572092692057,0
GEO-003678,LWPOLYLINE,1942.398606765251,27.68605770534939,0
GEO-003679,LWPOLYLINE,1918.0569293326612,43.68805253770616,0
GEO-003680,LWPOLYLINE,1918.0569293326612,4.86839362250434,0
GEO-003681,LWPOLYLINE,1942.398606765251,18.71139017740885,0
GEO-003682,LWPOLYLINE,1949.637592123595,16.29839146931966,0
GEO-003683,LWPOLYLINE,1942.398628297098,9.376893191867406,0
GEO-003684,LWPOLYLINE,1889.27026051281,26.035060289171007,0
GEO-003685,LWPOLYLINE,1889.27026051281,25.54822523328993,0
GEO-003686,LWPOLYLINE,1931.5824065089034,32.97774590386285,0
GEO-003687,LWPOLYLINE,1932.450312189242,32.99890094333225,0
GEO-003688,LWPOLYLINE,1932.894772570644,32.97772437201606,0
GEO-003689,LWPOLYLINE,1933.339232952046,32.99890094333225,0
GEO-003690,LWPOLYLINE,1934.2071171005375,32.99890094333225,0
GEO-003691,LWPOLYLINE,1933.9954590466095,32.97772437201606,0
GEO-003692,LWPOLYLINE,1935.561750177523,32.97774590386285,0
GEO-003693,LWPOLYLINE,1936.429612794168,32.99890094333225,0
GEO-003694,LWPOLYLINE,1936.874094707417,33.31639879014757,0
GEO-003695,LWPOLYLINE,1936.979923734381,32.66022652520074,0
GEO-003696,LWPOLYLINE,1938.228770848096,32.97773513793946,0
GEO-003697,LWPOLYLINE,1938.017112794168,32.97772437201606,0
GEO-003698,LWPOLYLINE,1939.5411153779896,32.99890094333225,0
GEO-003699,LWPOLYLINE,1939.308291518669,32.99891170925565,0
GEO-003700,LWPOLYLINE,1952.325800131408,16.29840223524305,0
GEO-003701,LWPOLYLINE,1718.243619684359,17.45420637701978,0
GEO-003702,LWPOLYLINE,1718.243619684359,16.798044877996347,0
GEO-003703,LWPOLYLINE,1718.243619684359,16.14188337897291,0
GEO-003704,LWPOLYLINE,1719.3442630966315,16.79802334614956,0
GEO-003705,LWPOLYLINE,1720.635447204094,16.79806640984314,0
GEO-003706,LWPOLYLINE,1721.947770202141,16.79802334614956,0
GEO-003707,LWPOLYLINE,1723.2389435436794,16.79802334614956,0
GEO-003708,LWPOLYLINE,1724.55127730765,16.79802334614956,0
GEO-003709,LWPOLYLINE,1724.339608487799,16.81918915154235,0
GEO-003710,LWPOLYLINE,1725.863600305697,16.79802334614956,0
GEO-003711,LWPOLYLINE,1955.056253622618,21.124388885498043,0
GEO-003712,LWPOLYLINE,1955.056253622618,13.864237721761064,0
GEO-003713,LWPOLYLINE,1918.0780951380534,40.80939534505208,0
GEO-003714,LWPOLYLINE,1932.7466119328947,16.150220065646693,0
GEO-003715,LWPOLYLINE,1935.2442846284785,16.17138587103949,0
GEO-003716,LWPOLYLINE,1882.8991162392635,12.319069332546654,0
GEO-003717,LWPOLYLINE,1884.274936653489,12.319069332546654,0
GEO-003718,LWPOLYLINE,1884.528947850049,12.02273729112413,0
GEO-003719,LWPOLYLINE,1885.7354202892855,12.319058566623259,0
GEO-003720,LWPOLYLINE,1887.3017544838924,12.34021360609266,0
GEO-003721,LWPOLYLINE,1888.211927179476,12.34021360609266,0
GEO-003722,LWPOLYLINE,1889.1855972912385,12.34021360609266,0
GEO-003723,LWPOLYLINE,1893.20726180472,12.99638587103949,0
GEO-003724,LWPOLYLINE,1893.926931485846,12.34021360609266,0
GEO-003725,LWPOLYLINE,1896.0435981525125,12.34021360609266,0
GEO-003726,LWPOLYLINE,1897.1654396679469,12.34021360609266,0
GEO-003727,LWPOLYLINE,1899.2397639579049,12.509572347005204,0
GEO-003728,LWPOLYLINE,1899.2397639579049,11.74754952324761,0
GEO-003729,LWPOLYLINE,1931.60361537799,26.162087419297954,0
GEO-003730,LWPOLYLINE,1932.9371041814295,26.162087419297954,0
GEO-003731,LWPOLYLINE,1934.3764435436801,25.95037553575304,0
GEO-003732,LWPOLYLINE,1937.826620545633,26.162076653374566,0
GEO-003733,LWPOLYLINE,1939.3082699868226,26.162065887451178,0
GEO-003734,LWPOLYLINE,1941.8694185667382,26.162076653374566,0
GEO-003735,LWPOLYLINE,1943.393442682406,26.162065887451178,0
GEO-003736,LWPOLYLINE,1944.3670912623215,25.569401804606123,0
GEO-003737,LWPOLYLINE,1931.60361537799,39.05254737006294,0
GEO-003738,LWPOLYLINE,1934.2070955686904,39.05256890190972,0
GEO-003739,LWPOLYLINE,1936.048606765251,39.052579667833115,0
GEO-003740,LWPOLYLINE,1931.60361537799,35.79288414849175,0
GEO-003741,LWPOLYLINE,1932.9371041814295,35.79288414849175,0
GEO-003742,LWPOLYLINE,1934.3764435436801,35.5600818210178,0
GEO-003743,LWPOLYLINE,1951.0980972912384,17.46256459554036,0
GEO-003744,LWPOLYLINE,1951.330942682406,17.14505598280164,0
GEO-003745,LWPOLYLINE,1952.4316291583714,17.46256459554036,0
GEO-003746,LWPOLYLINE,1933.0217674030005,29.464060719807946,0
GEO-003747,LWPOLYLINE,1934.4187536226184,29.464060719807946,0
GEO-003748,LWPOLYLINE,1936.0274194280114,29.125397067599827,0
GEO-003749,LWPOLYLINE,1937.2127691255484,29.46408225165473,0
GEO-003750,LWPOLYLINE,1939.8586024588815,29.46407148573134,0
GEO-003751,LWPOLYLINE,1939.7104202892851,29.46407148573133,0
GEO-003752,LWPOLYLINE,1941.12861537799,29.464060719807946,0
GEO-003753,LWPOLYLINE,1932.8523978961643,9.313395775689019,0
GEO-003754,LWPOLYLINE,1934.2918018539556,9.313395775689019,0
GEO-003755,LWPOLYLINE,1935.582915982916,9.313395775689019,0
GEO-003756,LWPOLYLINE,1936.7047467324276,9.313395775689019,0
GEO-003757,LWPOLYLINE,1937.5937751544654,9.50387725830078,0
GEO-003758,LWPOLYLINE,1937.5937751544654,8.699555121527776,0
GEO-003759,LWPOLYLINE,1882.6662923799427,25.908054690890843,0
GEO-003760,LWPOLYLINE,1884.655921150559,25.908076222737634,0
GEO-003761,LWPOLYLINE,1885.587270417459,25.908076222737634,0
GEO-003762,LWPOLYLINE,1885.41792244247,25.90808698866102,0
GEO-003763,LWPOLYLINE,1888.296590401047,25.908086988661026,0
GEO-003764,LWPOLYLINE,1888.3177562064404,26.58541429307726,0
GEO-003765,LWPOLYLINE,1905.4627475937014,27.64374762641059,0
GEO-003766,LWPOLYLINE,1918.0780951380534,13.88539276123047,0
GEO-003767,LWPOLYLINE,1941.848274293192,34.24772652520073,0
GEO-003768,LWPOLYLINE,1949.679923734381,34.24772652520073,0
GEO-003769,LWPOLYLINE,1942.4409383760365,37.50740051269531,0
GEO-003770,LWPOLYLINE,1942.4409383760365,34.24773729112414,0
GEO-003771,LWPOLYLINE,1942.4409383760365,30.94572092692057,0
GEO-003772,LWPOLYLINE,1942.4409383760365,27.68605770534939,0
GEO-003773,LWPOLYLINE,1942.4409383760365,18.71139017740885,0
GEO-003774,LWPOLYLINE,1949.679923734381,16.29839146931966,0
GEO-003775,LWPOLYLINE,1889.27026051281,26.035060289171007,0
GEO-003776,LWPOLYLINE,1889.27026051281,25.54822523328993,0
GEO-003777,LWPOLYLINE,1932.492600736334,32.97772437201607,0
GEO-003778,LWPOLYLINE,1932.9371041814295,32.97772437201606,0
GEO-003779,LWPOLYLINE,1933.381607626525,32.97772437201607,0
GEO-003780,LWPOLYLINE,1934.249448711323,32.97773513793946,0
GEO-003781,LWPOLYLINE,1934.037790657395,32.97772437201606,0
GEO-003782,LWPOLYLINE,1936.471944404954,32.97773513793946,0
GEO-003783,LWPOLYLINE,1936.9164478500495,33.31639879014757,0
GEO-003784,LWPOLYLINE,1937.02229840886,32.639060719807944,0
GEO-003785,LWPOLYLINE,1939.5834254569286,32.97773513793946,0
GEO-003786,LWPOLYLINE,1939.350623129455,32.97773513793946,0
GEO-003787,LWPOLYLINE,1952.368110210346,16.29838070339626,0
GEO-003788,SOLID,1593.1486013822891,199.96157794528528,0
GEO-003789,SOLID,1593.1486013822891,199.2207424587673,0
GEO-003790,SOLID,1593.1486013822891,199.96157794528528,0
GEO-003791,SOLID,1593.1486013822891,199.2207424587673,0
GEO-003792,LWPOLYLINE,1592.471268694911,199.5805719163682,0
GEO-003793,LWPOLYLINE,1582.7769341773264,199.6017269558376,0
GEO-003794,LWPOLYLINE,1574.9452672415114,199.58057191636823,0
GEO-003795,LWPOLYLINE,1574.7335997674004,199.6017484876844,0
GEO-003796,LWPOLYLINE,1576.1729350924302,199.58057191636823,0
GEO-003797,LWPOLYLINE,1576.2787681566151,199.28423987494568,0
GEO-003798,LWPOLYLINE,1577.4006002518674,199.58057191636823,0
GEO-003799,LWPOLYLINE,1578.628266757045,199.58057191636823,0
GEO-003800,LWPOLYLINE,1580.66026751066,199.58057191636823,0
GEO-003801,LWPOLYLINE,1581.0836011131414,199.6017484876844,0
GEO-003802,LWPOLYLINE,1581.506934715623,199.58057191636823,0
GEO-003803,LWPOLYLINE,1582.2901018129264,199.58057191636823,0
GEO-003804,LWPOLYLINE,1582.0784343388154,199.6017484876844,0
GEO-003805,LWPOLYLINE,1583.4754340158374,199.6017484876844,0
GEO-003806,LWPOLYLINE,1584.7031005210151,199.58056115044485,0
GEO-003807,LWPOLYLINE,1585.8460957301795,199.58056115044485,0
GEO-003808,LWPOLYLINE,1586.8621001442084,199.58056115044485,0
GEO-003809,LWPOLYLINE,1625.4066022435632,199.6017484876844,0
GEO-003810,LWPOLYLINE,1747.9404396679474,134.2814030965169,0
GEO-003811,LWPOLYLINE,1747.9404396679474,133.2230697631836,0
GEO-003812,LWPOLYLINE,1747.9404396679474,203.4964074028863,0
GEO-003813,LWPOLYLINE,1747.9404396679474,202.4380740695529,0
GEO-003814,SOLID,1744.0457699868225,199.87690395779074,0
GEO-003815,SOLID,1744.0457699868225,199.28423987494568,0
GEO-003816,LWPOLYLINE,1747.919284628478,171.59823599921324,0
GEO-003817,LWPOLYLINE,1742.077263957905,171.57706481085876,0
GEO-003818,LWPOLYLINE,1752.6394422517692,196.53257751464835,0
GEO-003819,LWPOLYLINE,1753.253272140007,195.9187476264105,0
GEO-003820,LWPOLYLINE,1753.740107195888,195.15675710042308,0
GEO-003821,LWPOLYLINE,1753.740107195888,193.95025236341684,0
GEO-003822,LWPOLYLINE,1753.740107195888,192.68025021023215,0
GEO-003823,LWPOLYLINE,1753.740107195888,191.45257966783305,0
GEO-003824,LWPOLYLINE,1753.740107195888,190.2249198913574,0
GEO-003825,LWPOLYLINE,1753.740107195888,188.9760835435655,0
GEO-003826,LWPOLYLINE,1753.740107195888,187.7272471957736,0
GEO-003827,LWPOLYLINE,1753.740107195888,186.49958741929788,0
GEO-003828,LWPOLYLINE,1753.7400964299645,185.2719061109754,0
GEO-003829,LWPOLYLINE,1753.7400964299645,184.00190395779077,0
GEO-003830,LWPOLYLINE,1753.740107195888,182.79539922078447,0
GEO-003831,LWPOLYLINE,1753.740107195888,181.5254024505615,0
GEO-003832,LWPOLYLINE,1753.740107195888,180.2765607198079,0
GEO-003833,LWPOLYLINE,1753.740107195888,179.0489009433322,0
GEO-003834,LWPOLYLINE,1753.740107195888,177.80006459554028,0
GEO-003835,LWPOLYLINE,1753.740107195888,176.57239405314118,0
GEO-003836,LWPOLYLINE,1753.740107195888,175.34472889370386,0
GEO-003837,LWPOLYLINE,1753.740107195888,174.11706373426642,0
GEO-003838,LWPOLYLINE,1753.740107195888,172.8470615810818,0
GEO-003839,LWPOLYLINE,1753.7400964299645,171.61940180460607,0
GEO-003840,LWPOLYLINE,1753.7400964299645,170.3494104173448,0
GEO-003841,LWPOLYLINE,1753.740107195888,169.10057406955292,0
GEO-003842,LWPOLYLINE,1753.740107195888,167.8940747155083,0
GEO-003843,LWPOLYLINE,1753.740107195888,166.6452383677164,0
GEO-003844,LWPOLYLINE,1753.740107195888,165.41757320827907,0
GEO-003845,LWPOLYLINE,1753.740107195888,164.18990266587997,0
GEO-003846,LWPOLYLINE,1753.740107195888,162.9410717010498,0
GEO-003847,LWPOLYLINE,1753.740107195888,161.67107493082682,0
GEO-003848,LWPOLYLINE,1753.740107195888,160.4434043884277,0
GEO-003849,LWPOLYLINE,1753.740107195888,159.1734076182047,0
GEO-003850,LWPOLYLINE,1753.7400964299645,157.9457370758056,0
GEO-003851,LWPOLYLINE,1753.740107195888,156.71807191636827,0
GEO-003852,LWPOLYLINE,1753.740107195888,155.49040137396915,0
GEO-003853,LWPOLYLINE,1753.740107195888,154.24157040913894,0
GEO-003854,LWPOLYLINE,1753.740107195888,153.01390524970157,0
GEO-003855,LWPOLYLINE,1753.740107195888,151.76506890190967,0
GEO-003856,LWPOLYLINE,1753.740107195888,150.49506674872498,0
GEO-003857,LWPOLYLINE,1753.740107195888,149.2885673946804,0
GEO-003858,LWPOLYLINE,1753.740107195888,148.0185706244574,0
GEO-003859,LWPOLYLINE,1754.2057764463766,147.27773513793937,0
GEO-003860,LWPOLYLINE,1753.676599013786,147.63756997850197,0
GEO-003861,LWPOLYLINE,1753.740107195888,148.80173772176101,0
GEO-003862,LWPOLYLINE,1753.740107195888,150.0294028811984,0
GEO-003863,LWPOLYLINE,1753.740107195888,151.2782338460286,0
GEO-003864,LWPOLYLINE,1753.740107195888,152.52707019382052,0
GEO-003865,LWPOLYLINE,1753.740107195888,153.77590654161241,0
GEO-003866,LWPOLYLINE,1753.740107195888,155.00356631808805,0
GEO-003867,LWPOLYLINE,1753.740107195888,156.2524026658799,0
GEO-003868,LWPOLYLINE,1753.740107195888,157.4800678253173,0
GEO-003869,LWPOLYLINE,1753.7400964299645,158.72890417310919,0
GEO-003870,LWPOLYLINE,1753.7400964299645,159.93540891011548,0
GEO-003871,LWPOLYLINE,1753.740085664041,161.2054164462619,0
GEO-003872,LWPOLYLINE,1753.740085664041,162.4542474110921,0
GEO-003873,LWPOLYLINE,1753.740085664041,163.7030783759223,0
GEO-003874,LWPOLYLINE,1753.740085664041,164.95191472371414,0
GEO-003875,LWPOLYLINE,1753.740085664041,166.15841407775875,0
GEO-003876,LWPOLYLINE,1753.740085664041,167.40725042555061,0
GEO-003877,LWPOLYLINE,1753.740085664041,168.63491558498805,0
GEO-003878,LWPOLYLINE,1753.740085664041,169.8625807444254,0
GEO-003879,LWPOLYLINE,1753.7400964299645,171.132566748725,0
GEO-003880,LWPOLYLINE,1753.7400964299645,172.38140309651686,0
GEO-003881,LWPOLYLINE,1753.740085664041,173.63023944430876,0
GEO-003882,LWPOLYLINE,1753.740085664041,174.85790460374614,0
GEO-003883,LWPOLYLINE,1753.740085664041,176.10673556857637,0
GEO-003884,LWPOLYLINE,1753.740085664041,177.31324030558267,0
GEO-003885,LWPOLYLINE,1753.740085664041,178.5620712704128,0
GEO-003886,LWPOLYLINE,1753.740085664041,179.8108968522813,0
GEO-003887,LWPOLYLINE,1753.740085664041,181.03857277764212,0
GEO-003888,LWPOLYLINE,1753.740085664041,182.3085641649034,0
GEO-003889,LWPOLYLINE,1753.7400964299645,183.5574112786187,0
GEO-003890,LWPOLYLINE,1753.7400964299645,184.76390524970157,0
GEO-003891,LWPOLYLINE,1753.740085664041,186.03390740288626,0
GEO-003892,LWPOLYLINE,1753.740085664041,187.2615779452853,0
GEO-003893,LWPOLYLINE,1753.740085664041,188.4892484876844,0
GEO-003894,LWPOLYLINE,1753.740085664041,189.7380848354763,0
GEO-003895,LWPOLYLINE,1753.740085664041,190.98692118326818,0
GEO-003896,LWPOLYLINE,1753.740085664041,192.21458095974384,0
GEO-003897,LWPOLYLINE,1753.740085664041,193.442251502143,0
GEO-003898,LWPOLYLINE,1753.740085664041,194.71224288940425,0
GEO-003899,LWPOLYLINE,1754.015251900071,195.66473642985022,0
GEO-003900,LWPOLYLINE,1754.629092554232,196.2785770840114,0
GEO-003901,LWPOLYLINE,1753.7400964299645,171.57706481085876,0
GEO-003902,LWPOLYLINE,1750.967289796121,171.28073276943627,0
GEO-003903,LWPOLYLINE,1744.913589539774,171.28073276943627,0
GEO-003904,LWPOLYLINE,1740.8284383760365,146.4733914693196,0
GEO-003905,CIRCLE,1732.500101277073,236.3627593463134,0
GEO-003906,LWPOLYLINE,1731.9498179059835,237.50577743306474,0
GEO-003907,LWPOLYLINE,1733.071659421419,237.50577743306474,0
GEO-003908,LWPOLYLINE,1751.3694293326612,220.3662325541178,0
GEO-003909,LWPOLYLINE,1742.288922011833,234.9289095560709,0
GEO-003910,LWPOLYLINE,1742.288922011833,233.7647364298502,0
GEO-003911,LWPOLYLINE,1742.288922011833,232.60056330362949,0
GEO-003912,CIRCLE,1742.246550994425,229.3197450425889,0
GEO-003913,LWPOLYLINE,1741.6539370841256,230.46274159749345,0
GEO-003914,LWPOLYLINE,1742.796922873107,230.46274159749345,0
GEO-003915,LWPOLYLINE,1742.775757067714,230.9707424587673,0
GEO-003916,CIRCLE,1742.246550994425,238.2520594278971,0
GEO-003917,LWPOLYLINE,1742.267777738287,238.2309043884277,0
GEO-003918,LWPOLYLINE,1742.288922011833,225.04406933254666,0
GEO-003919,LWPOLYLINE,1742.246611932894,218.92689319186735,0
GEO-003920,LWPOLYLINE,1768.7896084877984,226.44106631808808,0
GEO-003921,LWPOLYLINE,1814.297941821132,249.85139448377817,0
GEO-003922,LWPOLYLINE,1770.0384448355906,224.19740481906464,0
GEO-003923,SOLID,1770.059610640983,227.62640524970155,0
GEO-003924,CIRCLE,1765.656900691962,229.3197450425889,0
GEO-003925,LWPOLYLINE,1765.127762665994,230.48390740288625,0
GEO-003926,LWPOLYLINE,1765.29709987506,230.2299069722493,0
GEO-003927,LWPOLYLINE,1766.164930193935,230.48390740288625,0
GEO-003928,LWPOLYLINE,1699.0242717093702,199.6017484876844,0
GEO-003929,LWPOLYLINE,1743.304923734381,199.6017484876844,0
GEO-003930,LWPOLYLINE,1747.927641616757,120.42706903956639,0
GEO-003931,LWPOLYLINE,1747.919263096631,99.0792048088579,0
GEO-003932,LWPOLYLINE,1747.919263096631,100.24338331804024,0
GEO-003933,LWPOLYLINE,1747.919284628478,101.3863744899831,0
GEO-003934,CIRCLE,1747.961533762259,104.7095351277326,0
GEO-003935,LWPOLYLINE,1747.453593846143,105.85252629967545,0
GEO-003936,LWPOLYLINE,1747.4747704174588,106.4028533887732,0
GEO-003937,LWPOLYLINE,1748.4060981525126,105.85252629967545,0
GEO-003938,LWPOLYLINE,1748.257948280686,105.8948740593461,0
GEO-003939,CIRCLE,1747.961533768948,95.73487836571553,0
GEO-003940,LWPOLYLINE,1747.982771278733,95.73486759979212,0
GEO-003941,LWPOLYLINE,1747.876931485845,96.89901919416604,0
GEO-003942,LWPOLYLINE,1747.876931485846,97.4705174716183,0
GEO-003943,LWPOLYLINE,1748.469595568691,96.89901919416604,0
GEO-003944,LWPOLYLINE,1741.2094336390305,196.2785555521647,0
GEO-003945,LWPOLYLINE,1741.8444400985845,195.66472566392684,0
GEO-003946,LWPOLYLINE,1742.077263957905,194.6910555521647,0
GEO-003947,LWPOLYLINE,1742.077263957905,193.4422084384494,0
GEO-003948,LWPOLYLINE,1742.077263957905,192.2145486619737,0
GEO-003949,LWPOLYLINE,1742.077263957905,190.96571231418181,0
GEO-003950,LWPOLYLINE,1742.077263957905,189.71688673231336,0
GEO-003951,LWPOLYLINE,1742.077263957905,188.4680503845214,0
GEO-003952,LWPOLYLINE,1742.077263957905,187.21922480265295,0
GEO-003953,LWPOLYLINE,1742.077263957905,186.01272006564665,0
GEO-003954,LWPOLYLINE,1742.077263957905,184.76390524970157,0
GEO-003955,LWPOLYLINE,1742.077263957905,183.5362347073025,0
GEO-003956,LWPOLYLINE,1742.0772747238284,182.2873983595106,0
GEO-003957,LWPOLYLINE,1742.0772747238284,181.0597224341498,0
GEO-003958,LWPOLYLINE,1742.0772747238284,179.7897310468885,0
GEO-003959,LWPOLYLINE,1742.0772747238284,178.54090008205833,0
GEO-003960,LWPOLYLINE,1742.0772747238284,177.29206373426643,0
GEO-003961,LWPOLYLINE,1742.0772747238284,176.06439319186734,0
GEO-003962,LWPOLYLINE,1742.0772747238284,174.83672803242996,0
GEO-003963,LWPOLYLINE,1742.0772747238284,173.60906287299252,0
GEO-003964,LWPOLYLINE,1742.077263957905,172.36023190816235,0
GEO-003965,LWPOLYLINE,1742.077263957905,171.1114009433322,0
GEO-003966,LWPOLYLINE,1742.0772747238284,169.86255921257862,0
GEO-003967,LWPOLYLINE,1742.0772747238284,168.61372824774844,0
GEO-003968,LWPOLYLINE,1742.0772747238284,167.38606308831106,0
GEO-003969,LWPOLYLINE,1742.0772747238284,166.1372267405192,0
GEO-003970,LWPOLYLINE,1742.0772747238284,164.90956158108173,0
GEO-003971,LWPOLYLINE,1742.0772747238284,163.6818964216444,0
GEO-003972,LWPOLYLINE,1742.0772747238284,162.43306007385252,0
GEO-003973,LWPOLYLINE,1742.0772747238284,161.18422910902228,0
GEO-003974,LWPOLYLINE,1742.077263957905,159.93540891011548,0
GEO-003975,LWPOLYLINE,1742.0772747238284,158.7077383677164,0
GEO-003976,LWPOLYLINE,1742.0772747238284,157.4589074028862,0
GEO-003977,LWPOLYLINE,1742.0772747238284,156.23123686048717,0
GEO-003978,LWPOLYLINE,1742.0772747238284,154.98240589565694,0
GEO-003979,LWPOLYLINE,1742.0772747238284,153.73357493082682,0
GEO-003980,LWPOLYLINE,1742.0772747238284,152.50590438842772,0
GEO-003981,LWPOLYLINE,1742.0772747238284,151.2570734235975,0
GEO-003982,LWPOLYLINE,1742.0772747238284,150.00824245876737,0
GEO-003983,LWPOLYLINE,1742.0772747238284,148.78057191636822,0
GEO-003984,LWPOLYLINE,1742.0772747238284,147.51057514614524,0
GEO-003985,LWPOLYLINE,1742.0772747238284,146.26173879835335,0
GEO-003986,LWPOLYLINE,1741.0189413904955,146.64273944430875,0
GEO-003987,LWPOLYLINE,1741.653937084126,147.2777405209011,0
GEO-003988,LWPOLYLINE,1742.0772747238284,148.03973642985022,0
GEO-003989,LWPOLYLINE,1742.0772747238284,149.28857277764212,0
GEO-003990,LWPOLYLINE,1742.0772747238284,150.51624332004116,0
GEO-003991,LWPOLYLINE,1742.0772747238284,151.76507428487133,0
GEO-003992,LWPOLYLINE,1742.0772747238284,153.03507105509436,0
GEO-003993,LWPOLYLINE,1742.0772747238284,154.28390740288626,0
GEO-003994,LWPOLYLINE,1742.0772747238284,155.5115725623236,0
GEO-003995,LWPOLYLINE,1742.0772747238284,156.73923772176107,0
GEO-003996,LWPOLYLINE,1742.077263957905,157.9880686865912,0
GEO-003997,LWPOLYLINE,1742.077263957905,159.1945572747124,0
GEO-003998,LWPOLYLINE,1742.0772531919815,160.44339362250423,0
GEO-003999,LWPOLYLINE,1742.0772531919815,161.6922245873345,0
GEO-004000,LWPOLYLINE,1742.0772531919815,162.94105555216464,0
GEO-004001,LWPOLYLINE,1742.0772531919815,164.21105770534933,0
GEO-004002,LWPOLYLINE,1742.0772531919815,165.43872824774843,0
GEO-004003,LWPOLYLINE,1742.0772531919815,166.66638802422415,0
GEO-004004,LWPOLYLINE,1742.0772531919815,167.91522437201598,0
GEO-004005,LWPOLYLINE,1742.0772531919815,169.14289491441508,0
GEO-004006,LWPOLYLINE,1742.077263957905,170.3705708397759,0
GEO-004007,LWPOLYLINE,1742.077263957905,171.61940180460607,0
GEO-004008,LWPOLYLINE,1742.0772531919815,172.86823815239796,0
GEO-004009,LWPOLYLINE,1742.0772531919815,174.11706911722814,0
GEO-004010,LWPOLYLINE,1742.0772531919815,175.36590546502003,0
GEO-004011,LWPOLYLINE,1742.0772531919815,176.5935706244574,0
GEO-004012,LWPOLYLINE,1742.0772531919815,177.8212411668565,0
GEO-004013,LWPOLYLINE,1742.0772531919815,179.070066748725,0
GEO-004014,LWPOLYLINE,1742.0772531919815,180.31890847947858,0
GEO-004015,LWPOLYLINE,1742.0772531919815,181.54657363891602,0
GEO-004016,LWPOLYLINE,1742.0772531919815,182.79540998670785,0
GEO-004017,LWPOLYLINE,1742.077263957905,184.02306976318357,0
GEO-004018,LWPOLYLINE,1742.077263957905,185.2719061109754,0
GEO-004019,LWPOLYLINE,1742.0772531919815,186.5207316928439,0
GEO-004020,LWPOLYLINE,1742.0772531919815,187.74839146931964,0
GEO-004021,LWPOLYLINE,1742.0772531919815,188.99722781711154,0
GEO-004022,LWPOLYLINE,1742.0772531919815,190.2460641649034,0
GEO-004023,LWPOLYLINE,1742.0772531919815,191.49490051269527,0
GEO-004024,LWPOLYLINE,1742.0772531919815,192.70139448377813,0
GEO-004025,LWPOLYLINE,1742.0772531919815,193.95023083157002,0
GEO-004026,LWPOLYLINE,1742.0772531919815,195.17789060804574,0
GEO-004027,LWPOLYLINE,1742.6064198586487,195.91873686048717,0
GEO-004028,LWPOLYLINE,1743.2202605128095,196.55373255411774,0
GEO-004029,SOLID,1778.0817630966314,238.14623040093318,0
GEO-004030,LWPOLYLINE,1732.679258790262,208.55523944430877,0
GEO-004031,LWPOLYLINE,1747.919284628478,195.98223427666557,0
GEO-004032,LWPOLYLINE,1747.919284628478,195.05089577568896,0
GEO-004033,LWPOLYLINE,1747.919284628478,194.14073384602858,0
GEO-004034,LWPOLYLINE,1747.919284628478,193.2305611504448,0
GEO-004035,LWPOLYLINE,1747.919284628478,192.29923341539165,0
GEO-004036,LWPOLYLINE,1747.919284628478,191.3678949144151,0
GEO-004037,LWPOLYLINE,1747.919284628478,190.45773298475473,0
GEO-004038,LWPOLYLINE,1747.919284628478,188.5739009433322,0
GEO-004039,LWPOLYLINE,1747.919284628478,187.62139663696286,0
GEO-004040,LWPOLYLINE,1747.919284628478,186.69006890190968,0
GEO-004041,LWPOLYLINE,1747.919284628478,185.7587304009331,0
GEO-004042,LWPOLYLINE,1747.919284628478,184.84856847127276,0
GEO-004043,LWPOLYLINE,1747.919284628478,183.95956158108174,0
GEO-004044,LWPOLYLINE,1747.919284628478,183.0282338460286,0
GEO-004045,LWPOLYLINE,1747.919284628478,182.0969061109754,0
GEO-004046,LWPOLYLINE,1747.919284628478,181.16556760999885,0
GEO-004047,LWPOLYLINE,1747.919284628478,180.2342291090223,0
GEO-004048,LWPOLYLINE,1747.919284628478,179.28173018561466,0
GEO-004049,LWPOLYLINE,1747.919284628478,178.3292366451687,0
GEO-004050,LWPOLYLINE,1747.919284628478,177.39789814419208,0
GEO-004051,LWPOLYLINE,1747.919284628478,176.46656502617725,0
GEO-004052,LWPOLYLINE,1747.919284628478,174.66739620632592,0
GEO-004053,LWPOLYLINE,1747.919284628478,173.73606847127274,0
GEO-004054,LWPOLYLINE,1747.919284628478,172.8047299702962,0
GEO-004055,LWPOLYLINE,1747.919284628478,171.8733968522813,0
GEO-004056,LWPOLYLINE,1747.919284628478,170.0107359992133,0
GEO-004057,LWPOLYLINE,1747.919284628478,169.0582316928439,0
GEO-004058,LWPOLYLINE,1747.919284628478,168.12689857482906,0
GEO-004059,LWPOLYLINE,1747.919284628478,167.19556545681422,0
GEO-004060,LWPOLYLINE,1747.919284628478,166.3065693325466,0
GEO-004061,LWPOLYLINE,1747.919284628478,165.37523083157004,0
GEO-004062,LWPOLYLINE,1747.919284628478,164.4438977135552,0
GEO-004063,LWPOLYLINE,1747.919284628478,163.512569978502,0
GEO-004064,LWPOLYLINE,1747.919284628478,162.58123686048714,0
GEO-004065,LWPOLYLINE,1747.919284628478,160.71856524149575,0
GEO-004066,LWPOLYLINE,1747.919284628478,159.78723212348086,0
GEO-004067,LWPOLYLINE,1747.919284628478,158.855899005466,0
GEO-004068,LWPOLYLINE,1747.919284628478,157.92456588745114,0
GEO-004069,LWPOLYLINE,1747.919284628478,157.01439319186736,0
GEO-004070,LWPOLYLINE,1747.919284628478,156.0830600738525,0
GEO-004071,LWPOLYLINE,1747.919284628478,155.15173772176104,0
GEO-004072,LWPOLYLINE,1747.919284628478,154.22039922078446,0
GEO-004073,LWPOLYLINE,1747.919284628478,153.3102319081624,0
GEO-004074,LWPOLYLINE,1747.919284628478,152.37889879014756,0
GEO-004075,LWPOLYLINE,1747.919284628478,151.44756567213267,0
GEO-004076,LWPOLYLINE,1747.919284628478,150.51623255411778,0
GEO-004077,LWPOLYLINE,1747.919284628478,149.54256244235563,0
GEO-004078,LWPOLYLINE,1747.919284628478,148.63240051269526,0
GEO-004079,LWPOLYLINE,1747.919284628478,143.15023083157007,0
GEO-004080,LWPOLYLINE,1747.919284628478,142.2188977135552,0
GEO-004081,LWPOLYLINE,1747.919284628478,145.85956696404344,0
GEO-004082,LWPOLYLINE,1747.919284628478,144.9282284630669,0
GEO-004083,LWPOLYLINE,1747.919284628478,144.01806653340657,0
GEO-004084,LWPOLYLINE,1747.919284628478,143.08673341539165,0
GEO-004085,LWPOLYLINE,1747.919284628478,142.1553949144151,0
GEO-004086,LWPOLYLINE,1747.919284628478,141.20290137396915,0
GEO-004087,LWPOLYLINE,1747.919284628478,140.27156825595426,0
GEO-004088,LWPOLYLINE,1731.3148222123525,235.62193462571878,0
GEO-004089,LWPOLYLINE,1731.3148222123525,235.00809397155754,0
GEO-004090,LWPOLYLINE,1732.4154871564715,235.32559181837286,0
GEO-004091,LWPOLYLINE,1733.240985864561,235.32560258429623,0
GEO-004092,LWPOLYLINE,1733.346814891525,234.711761930135,0
GEO-004093,LWPOLYLINE,1741.1036046120666,228.4095615810818,0
GEO-004094,LWPOLYLINE,1741.1036046120666,227.79573169284396,0
GEO-004095,LWPOLYLINE,1742.2254568934245,228.11322953965924,0
GEO-004096,LWPOLYLINE,1743.029768264274,228.11322953965924,0
GEO-004097,LWPOLYLINE,1743.135597291238,227.4993996514214,0
GEO-004098,LWPOLYLINE,1741.0612730012804,237.3630740695529,0
GEO-004099,LWPOLYLINE,1741.0612730012804,236.7492334153917,0
GEO-004100,LWPOLYLINE,1742.1831037507925,237.0455654568142,0
GEO-004101,LWPOLYLINE,1742.987436653489,237.04557622273762,0
GEO-004102,LWPOLYLINE,1743.0932764463764,236.4317355685764,0
GEO-004103,LWPOLYLINE,1764.704435792215,228.45191472371414,0
GEO-004104,LWPOLYLINE,1764.704435792215,227.8380740695529,0
GEO-004105,LWPOLYLINE,1765.847443113043,228.15556115044484,0
GEO-004106,LWPOLYLINE,1766.651754483893,228.15557191636827,0
GEO-004107,LWPOLYLINE,1766.7576050427033,227.541731262207,0
GEO-004108,LWPOLYLINE,1756.6187751544655,227.77457665337454,0
GEO-004109,LWPOLYLINE,1756.6187751544649,225.76372824774845,0
GEO-004110,SOLID,1761.042600736334,224.9593953450521,0
GEO-004111,SOLID,1761.042600736334,224.32439965142146,0
GEO-004112,LWPOLYLINE,1760.2171020282444,224.578389316135,0
GEO-004113,LWPOLYLINE,1756.639940959858,220.15456373426645,0
GEO-004114,LWPOLYLINE,1755.264120545633,225.53089362250432,0
GEO-004115,CIRCLE,1751.856140559288,228.1767484876844,0
GEO-004116,LWPOLYLINE,1756.6187751544655,226.29290568033855,0
GEO-004117,LWPOLYLINE,1756.6187643885426,227.0337411668565,0
GEO-004118,LWPOLYLINE,1750.6286046120665,229.42557406955297,0
GEO-004119,LWPOLYLINE,1751.7504353615782,229.42555253770615,0
GEO-004120,LWPOLYLINE,1752.8722768770135,229.42557406955297,0
GEO-004121,LWPOLYLINE,1750.946102458882,227.58406287299255,0
GEO-004122,LWPOLYLINE,1750.946102458882,226.9702437506781,0
GEO-004123,LWPOLYLINE,1752.0679439743171,227.26657579210064,0
GEO-004124,LWPOLYLINE,1752.8934211505598,227.26656502617726,0
GEO-004125,LWPOLYLINE,1752.9992717093705,226.6527459038628,0
GEO-004126,LWPOLYLINE,1743.939940959858,221.82673772176105,0
GEO-004127,LWPOLYLINE,1744.151599013786,218.905738152398,0
GEO-004128,LWPOLYLINE,1743.5377583596246,218.905738152398,0
GEO-004129,LWPOLYLINE,1743.8341011669704,218.69408009847,0
GEO-004130,LWPOLYLINE,1743.8341011669704,220.3239117092556,0
GEO-004131,LWPOLYLINE,1742.2677669723635,220.91656502617724,0
GEO-004132,LWPOLYLINE,1742.2677669723635,223.13907148573134,0
GEO-004133,LWPOLYLINE,1742.267777738287,222.0384065416124,0
GEO-004134,LWPOLYLINE,1742.2677885042099,238.2520594278971,0
GEO-004135,LWPOLYLINE,1741.7819136067824,239.59872017710035,0
GEO-004136,LWPOLYLINE,1742.797904563406,240.1913842599454,0
GEO-004137,LWPOLYLINE,1742.797904563406,239.59872017710035,0
GEO-004138,LWPOLYLINE,1742.797904563406,239.0060560942553,0
GEO-004139,LWPOLYLINE,1677.0109459121832,200.0250645955404,0
GEO-004140,SOLID,1879.173783767204,276.8600710550944,0
GEO-004141,SOLID,1879.173783767204,276.1192355685763,0
GEO-004142,SOLID,1879.173783767204,276.8600710550944,0
GEO-004143,SOLID,1879.173783767204,276.1192355685763,0
GEO-004144,LWPOLYLINE,1878.517600736334,276.50023083157004,0
GEO-004145,LWPOLYLINE,1868.7597984088602,276.5213966369629,0
GEO-004146,LWPOLYLINE,1879.173783767204,276.4790757921007,0
GEO-004147,SOLID,1856.8217566370772,276.7542420281304,0
GEO-004148,SOLID,1856.8217566370772,276.16157794528533,0
GEO-004149,LWPOLYLINE,1866.431430624572,276.4579099867078,0
GEO-004150,LWPOLYLINE,1867.8495826495823,276.4579099867078,0
GEO-004151,LWPOLYLINE,1867.6379138297316,276.4367441813151,0
GEO-004152,LWPOLYLINE,1869.077274723828,276.4579099867078,0
GEO-004153,LWPOLYLINE,1870.304956032151,277.0717398749457,0
GEO-004154,LWPOLYLINE,1870.304966798074,276.4579099867078,0
GEO-004155,LWPOLYLINE,1860.483623990728,276.5002415974935,0
GEO-004156,LWPOLYLINE,1859.1289263182025,274.9550732082791,0
GEO-004157,LWPOLYLINE,1859.1289263182025,276.098080529107,0
GEO-004158,LWPOLYLINE,1859.128947850049,277.15639233059346,0
GEO-004159,LWPOLYLINE,1859.128947850049,278.25707880655926,0
GEO-004160,SOLID,1844.7355972912385,269.8962304009332,0
GEO-004161,SOLID,1844.7355972912385,268.77439965142145,0
GEO-004162,SOLID,1842.4707699868225,269.8962304009332,0
GEO-004163,SOLID,1842.4707699868225,268.77439965142145,0
GEO-004164,LWPOLYLINE,1833.6442630966317,269.3247321234809,0
GEO-004165,LWPOLYLINE,1836.311262235357,269.3247321234809,0
GEO-004166,LWPOLYLINE,1839.5074280407505,269.3247321234809,0
GEO-004167,LWPOLYLINE,1842.703593846143,269.3247321234809,0
GEO-004168,LWPOLYLINE,1845.8997596515355,269.3247321234809,0
GEO-004169,LWPOLYLINE,1849.0747596515362,269.3247321234809,0
GEO-004170,LWPOLYLINE,1851.7629245956546,269.3247321234809,0
GEO-004171,LWPOLYLINE,1843.592600736334,278.4264052497016,0
GEO-004172,LWPOLYLINE,1843.592600736334,272.05523944430877,0
GEO-004173,LWPOLYLINE,1843.592600736334,265.684073638916,0
GEO-004174,LWPOLYLINE,1843.592600736334,259.31289706759975,0
GEO-004175,LWPOLYLINE,1832.0779504338711,271.9493996514214,0
GEO-004176,LWPOLYLINE,1833.7289370841258,271.9494104173448,0
GEO-004177,LWPOLYLINE,1833.4537600821725,271.9070680406358,0
GEO-004178,LWPOLYLINE,1835.3376028895186,271.9494104173448,0
GEO-004179,LWPOLYLINE,1836.9462902267585,271.9494104173448,0
GEO-004180,LWPOLYLINE,1837.094461630431,271.52607277764207,0
GEO-004181,LWPOLYLINE,1838.5761110716205,271.9494104173448,0
GEO-004182,LWPOLYLINE,1838.3221106409835,271.9070680406358,0
GEO-004183,LWPOLYLINE,1840.184776877013,271.9493996514214,0
GEO-004184,LWPOLYLINE,1840.184776877013,271.9493996514214,0
GEO-004185,LWPOLYLINE,1846.7887880735734,272.8384065416124,0
GEO-004186,LWPOLYLINE,1846.767600736334,272.03407363891597,0
GEO-004187,LWPOLYLINE,1847.825934069667,272.03407363891597,0
GEO-004188,LWPOLYLINE,1848.37627730765,272.0340628729926,0
GEO-004189,LWPOLYLINE,1848.926620545633,272.03407363891597,0
GEO-004190,LWPOLYLINE,1850.0060981525125,272.03407363891597,0
GEO-004191,LWPOLYLINE,1849.7309319164824,272.0340628729926,0
GEO-004192,LWPOLYLINE,1851.635940529222,272.03407363891597,0
GEO-004193,LWPOLYLINE,1851.762924595655,271.63190180460606,0
GEO-004194,LWPOLYLINE,1853.2234512951445,272.03407363891597,0
GEO-004195,LWPOLYLINE,1854.8532613740836,272.03407363891597,0
GEO-004196,LWPOLYLINE,1854.8532613740836,271.7377415974934,0
GEO-004197,LWPOLYLINE,1856.483092984869,272.03407363891597,0
GEO-004198,LWPOLYLINE,1856.483092984869,272.03407363891597,0
GEO-004199,LWPOLYLINE,1959.8187320907718,0.338739013671875,0
GEO-004200,LWPOLYLINE,1693.1398978961645,297.2647364298502,0
GEO-004201,LWPOLYLINE,1659.548386699604,200.0250861273872,0
GEO-004202,LWPOLYLINE,1657.0295589645516,200.0250861273872,0
GEO-004203,LWPOLYLINE,1654.616560256462,200.0250861273872,0
GEO-004204,LWPOLYLINE,1651.6321009516523,200.0250645955404,0
GEO-004205,LWPOLYLINE,1648.668764388542,200.0250645955404,0
GEO-004206,LWPOLYLINE,1646.2345998750607,200.0250645955404,0
GEO-004207,LWPOLYLINE,1643.821601166971,200.0250645955404,0
GEO-004208,LWPOLYLINE,1641.4085916929585,200.0250645955404,0
GEO-004209,LWPOLYLINE,1638.9955929848688,200.0250645955404,0
GEO-004210,LWPOLYLINE,1636.5825942767801,200.0250645955404,0
GEO-004211,LWPOLYLINE,1634.1484297632978,200.0250645955404,0
GEO-004212,LWPOLYLINE,1631.7142652498155,200.0250645955404,0
GEO-004213,LWPOLYLINE,1629.301263850246,200.0250645955404,0
GEO-004214,LWPOLYLINE,1626.8882624506755,200.0250645955404,0
GEO-004215,LWPOLYLINE,1624.4752637425863,200.0250645955404,0
GEO-004216,LWPOLYLINE,1622.0622650344976,200.0250645955404,0
GEO-004217,LWPOLYLINE,1619.628097829535,200.0250645955404,0
GEO-004218,LWPOLYLINE,1617.193930624572,200.0250645955404,0
GEO-004219,LWPOLYLINE,1614.7809319164826,200.0250645955404,0
GEO-004220,LWPOLYLINE,1612.367930516913,200.0250645955404,0
GEO-004221,LWPOLYLINE,1609.954931808823,200.0250645955404,0
GEO-004222,LWPOLYLINE,1607.5419277177725,200.0250645955404,0
GEO-004223,LWPOLYLINE,1605.10776320429,200.0250645955404,0
GEO-004224,LWPOLYLINE,1602.6735959993275,200.0250645955404,0
GEO-004225,LWPOLYLINE,1600.2605945997575,200.0250645955404,0
GEO-004226,LWPOLYLINE,1597.8475985831496,200.0250645955404,0
GEO-004227,LWPOLYLINE,1595.4345971835796,200.0250645955404,0
GEO-004228,LWPOLYLINE,1593.3814333160526,200.0250645955404,0
GEO-004229,LWPOLYLINE,1742.0772531919815,140.419745042589,0
GEO-004230,LWPOLYLINE,1742.0772531919815,145.2034108479817,0
GEO-004231,LWPOLYLINE,1742.0772531919815,143.95457450018984,0
GEO-004232,LWPOLYLINE,1742.0772531919815,142.72690934075246,0
GEO-004233,LWPOLYLINE,1742.183092984869,141.56274698045513,0
GEO-004234,LWPOLYLINE,1742.8180886784994,140.97007751464844,0
GEO-004235,LWPOLYLINE,1740.9977540532554,140.61024267408578,0
GEO-004236,LWPOLYLINE,1741.632749746886,141.24524375067816,0
GEO-004237,LWPOLYLINE,1742.0772531919815,141.98607923719615,0
GEO-004238,LWPOLYLINE,1742.0772531919815,143.2349102020263,0
GEO-004239,LWPOLYLINE,1740.807251038797,143.4465790218777,0
GEO-004240,LWPOLYLINE,1743.347255345166,143.4465790218777,0
GEO-004241,LWPOLYLINE,1742.2889220118332,145.37274805704743,0
GEO-004242,LWPOLYLINE,1742.9239177054635,146.0077491336398,0
GEO-004243,LWPOLYLINE,1742.0772531919815,144.37791213989254,0
GEO-004244,LWPOLYLINE,1755.052419428011,146.4310813903808,0
GEO-004245,LWPOLYLINE,1753.7612514694333,146.19824676513664,0
GEO-004246,LWPOLYLINE,1754.819584802767,146.60041321648487,0
GEO-004247,LWPOLYLINE,1753.7189198586484,140.44091084798174,0
GEO-004248,LWPOLYLINE,1753.740085664041,145.16107923719613,0
GEO-004249,LWPOLYLINE,1753.740085664041,143.89107708401144,0
GEO-004250,LWPOLYLINE,1753.7189198586484,142.66341192457406,0
GEO-004251,LWPOLYLINE,1753.6130908316845,141.52040998670785,0
GEO-004252,LWPOLYLINE,1752.9780843721305,140.92774590386279,0
GEO-004253,LWPOLYLINE,1754.7984189973745,140.5467452579074,0
GEO-004254,LWPOLYLINE,1754.163423303744,141.18174633449968,0
GEO-004255,LWPOLYLINE,1753.7189198586484,141.92257643805604,0
GEO-004256,LWPOLYLINE,1753.7189198586484,143.1925785912407,0
GEO-004257,LWPOLYLINE,1754.9677562064398,143.4465790218777,0
GEO-004258,LWPOLYLINE,1752.4700835108565,143.4465790218777,0
GEO-004259,LWPOLYLINE,1753.52841684419,145.3304164462619,0
GEO-004260,LWPOLYLINE,1752.914586955952,145.96541213989252,0
GEO-004261,LWPOLYLINE,1753.740085664041,144.33558052910695,0
GEO-004262,LWPOLYLINE,1744.913589539774,137.20241343180334,0
GEO-004263,LWPOLYLINE,1750.967246732428,137.20241343180334,0
GEO-004264,LWPOLYLINE,1747.919263096631,139.08624547322586,0
GEO-004265,LWPOLYLINE,1747.919263096631,136.5885781606038,0
GEO-004266,LWPOLYLINE,1747.919284628478,134.09090008205834,0
GEO-004267,LWPOLYLINE,1744.913589539774,177.71540137396914,0
GEO-004268,LWPOLYLINE,1747.940418136101,196.6807381523979,0
GEO-004269,LWPOLYLINE,1744.913589539774,148.31490266587994,0
GEO-004270,LWPOLYLINE,1740.807251038797,154.4532338460286,0
GEO-004271,LWPOLYLINE,1747.940418136101,168.4867334153917,0
GEO-004272,LWPOLYLINE,1747.9404396679474,189.63223427666549,0
GEO-004273,LWPOLYLINE,1747.940418136101,140.2927286783854,0
GEO-004274,LWPOLYLINE,1747.940418136101,154.3897256639268,0
GEO-004275,LWPOLYLINE,1747.919263096631,170.9420583513047,0
GEO-004276,LWPOLYLINE,1747.940418136101,189.63223427666549,0
GEO-004277,LWPOLYLINE,1747.9404396679474,182.5837357838948,0
GEO-004278,LWPOLYLINE,1747.9404396679474,168.48673341539165,0
GEO-004279,LWPOLYLINE,1747.9404396679474,154.38973104688856,0
GEO-004280,LWPOLYLINE,1747.9404396679474,147.3412325541178,0
GEO-004281,LWPOLYLINE,1747.961594707417,143.06557299296054,0
GEO-004282,SOLID,1748.2579267488395,142.8750753614637,0
GEO-004283,SOLID,1748.3426007363341,143.10790998670785,0
GEO-004284,SOLID,1748.2367609434464,142.8750753614637,0
GEO-004285,SOLID,1748.257937514763,143.2772364298502,0
GEO-004286,SOLID,1748.1732635272683,142.98090438842766,0
GEO-004287,SOLID,1748.0674345003044,143.36190503438308,0
GEO-004288,SOLID,1748.0674345003044,143.04440180460605,0
GEO-004289,SOLID,1747.834589109137,143.36190503438308,0
GEO-004290,SOLID,1747.834589109137,143.04440180460605,0
GEO-004291,SOLID,1747.622931055209,143.2772364298502,0
GEO-004292,SOLID,1747.7287600821728,142.98090438842766,0
GEO-004293,SOLID,1747.5382570677143,143.10790998670785,0
GEO-004294,SOLID,1747.6652626659943,142.8750753614637,0
GEO-004295,SOLID,1747.6440968606016,142.8750753614637,0
GEO-004296,SOLID,1747.6440968606016,142.64224073621955,0
GEO-004297,SOLID,1747.6652626659943,142.64224073621955,0
GEO-004298,SOLID,1747.5382570677143,142.43057729932994,0
GEO-004299,SOLID,1747.7287600821728,142.5364063262939,0
GEO-004300,SOLID,1747.622931055209,142.2612400902642,0
GEO-004301,SOLID,1747.834589109137,142.4729035271538,0
GEO-004302,SOLID,1747.834589109137,142.1554002973768,0
GEO-004303,SOLID,1748.0674345003044,142.4729035271538,0
GEO-004304,SOLID,1748.0674345003044,142.1554002973768,0
GEO-004305,SOLID,1748.1732635272683,142.5364063262939,0
GEO-004306,SOLID,1748.257937514763,142.2612400902642,0
GEO-004307,SOLID,1748.2367609434464,142.64224073621955,0
GEO-004308,SOLID,1748.3426007363341,142.43057729932994,0
GEO-004309,SOLID,1748.2579267488395,142.64224073621955,0
GEO-004310,LWPOLYLINE,1753.4226201149959,136.6944018046061,0
GEO-004311,LWPOLYLINE,1806.7837686949115,136.6944018046061,0
GEO-004312,LWPOLYLINE,1743.8129461275016,223.01206588745114,0
GEO-004313,LWPOLYLINE,1743.8129461275016,224.19740481906464,0
GEO-004314,LWPOLYLINE,1743.812913829731,225.42508612738715,0
GEO-004315,LWPOLYLINE,1755.991847623155,19.633742686861687,0
GEO-004316,LWPOLYLINE,1755.8013338427731,19.67606353172388,0
GEO-004317,LWPOLYLINE,1757.410010414089,19.633764218708475,0
GEO-004318,LWPOLYLINE,1758.934012997911,19.633764218708475,0
GEO-004319,LWPOLYLINE,1760.5427003351506,19.6337211550149,0
GEO-004320,LWPOLYLINE,1760.7966792339405,19.273891697413987,0
GEO-004321,LWPOLYLINE,1678.1962686949114,200.0250645955404,0
GEO-004322,LWPOLYLINE,1680.6939413904956,200.0250645955404,0
GEO-004323,LWPOLYLINE,1683.106929332661,200.0250645955404,0
GEO-004324,LWPOLYLINE,1685.5411046120664,200.0250645955404,0
GEO-004325,LWPOLYLINE,1687.9752691255485,200.0250645955404,0
GEO-004326,LWPOLYLINE,1690.3882678336377,200.0250645955404,0
GEO-004327,LWPOLYLINE,1692.8012665417264,200.0250645955404,0
GEO-004328,LWPOLYLINE,1695.2142652498155,200.0250645955404,0
GEO-004329,LWPOLYLINE,1697.6272747238286,200.0250645955404,0
GEO-004330,LWPOLYLINE,1700.0614392373104,200.0250645955404,0
GEO-004331,LWPOLYLINE,1702.4956037507927,200.0250645955404,0
GEO-004332,LWPOLYLINE,1704.9086024588814,200.0250645955404,0
GEO-004333,LWPOLYLINE,1707.3216011669706,200.0250645955404,0
GEO-004334,LWPOLYLINE,1709.73459987506,200.0250645955404,0
GEO-004335,LWPOLYLINE,1712.1475985831494,200.0250645955404,0
GEO-004336,LWPOLYLINE,1715.132106334614,200.0250645955404,0
GEO-004337,LWPOLYLINE,1718.1377798914718,200.0250645955404,0
GEO-004338,LWPOLYLINE,1720.5719444049537,200.0250645955404,0
GEO-004339,LWPOLYLINE,1722.9849431130428,200.0250645955404,0
GEO-004340,LWPOLYLINE,1725.3979525870554,200.0250645955404,0
GEO-004341,LWPOLYLINE,1727.8109512951446,200.0250645955404,0
GEO-004342,LWPOLYLINE,1730.2239500032333,200.0250645955404,0
GEO-004343,LWPOLYLINE,1732.6369379453995,200.0250645955404,0
GEO-004344,LWPOLYLINE,1735.092279030198,200.0250645955404,0
GEO-004345,LWPOLYLINE,1737.5052885042105,200.0250645955404,0
GEO-004346,LWPOLYLINE,1739.9182764463767,200.0250645955404,0
GEO-004347,LWPOLYLINE,1742.3312859203888,200.0250645955404,0
GEO-004348,LWPOLYLINE,1744.426765249816,200.0250645955404,0
GEO-004349,LWPOLYLINE,1868.7597984088602,136.77907040913897,0
GEO-004350,SOLID,1856.8217566370772,136.9695734235975,0
GEO-004351,SOLID,1856.8217566370772,136.39806976318354,0
GEO-004352,LWPOLYLINE,1728.467096645283,16.776857540756765,0
GEO-004353,LWPOLYLINE,1729.7159383760363,16.776846774833373,0
GEO-004354,LWPOLYLINE,1730.943608918436,16.77690060445034,0
GEO-004355,LWPOLYLINE,1858.959578343213,136.69440180460606,0
GEO-004356,LWPOLYLINE,1858.917257498351,137.3717398749457,0
GEO-004357,LWPOLYLINE,1860.1449065089037,136.69440718756778,0
GEO-004358,LWPOLYLINE,1862.3674452662276,136.73673879835334,0
GEO-004359,LWPOLYLINE,1863.6586024588814,136.73673879835334,0
GEO-004360,LWPOLYLINE,1864.970946988776,136.73673879835334,0
GEO-004361,LWPOLYLINE,1864.970936222852,137.3717398749457,0
GEO-004362,LWPOLYLINE,1866.0081037507925,136.73673879835334,0
GEO-004363,LWPOLYLINE,1867.0664263182025,136.73673879835334,0
GEO-004364,LWPOLYLINE,1866.9182549145294,136.7367226494683,0
GEO-004365,LWPOLYLINE,1867.0664263182025,136.1017269558376,0
GEO-004366,LWPOLYLINE,1868.2305886785,136.73672264946825,0
GEO-004367,LWPOLYLINE,1868.2305886784993,137.3717183430989,0
GEO-004368,LWPOLYLINE,1870.537790657395,136.73673879835334,0
GEO-004369,LWPOLYLINE,1871.786594707417,136.73673879835334,0
GEO-004370,LWPOLYLINE,1871.6384340696675,136.7367226494683,0
GEO-004371,LWPOLYLINE,1874.0725878172261,136.73673879835334,0
GEO-004372,LWPOLYLINE,1874.284267403001,136.41923018561465,0
GEO-004373,LWPOLYLINE,1875.36377730765,136.948402235243,0
GEO-004374,LWPOLYLINE,1875.511927179476,136.73673879835334,0
GEO-004375,LWPOLYLINE,1876.527950433871,136.73673879835334,0
GEO-004376,LWPOLYLINE,1877.7556102103465,136.73673879835334,0
GEO-004377,LWPOLYLINE,1740.214608487798,99.07919404293449,0
GEO-004378,LWPOLYLINE,1740.214608487798,100.2433564032318,0
GEO-004379,LWPOLYLINE,1740.214608487798,101.3863744899831,0
GEO-004380,CIRCLE,1740.256900685274,104.7095351277326,0
GEO-004381,LWPOLYLINE,1739.74893923731,105.85252629967545,0
GEO-004382,LWPOLYLINE,1739.7701050427036,106.4028533887732,0
GEO-004383,LWPOLYLINE,1740.7014435436795,105.85252629967545,0
GEO-004384,LWPOLYLINE,1740.5532721400064,105.8948740593461,0
GEO-004385,CIRCLE,1740.256900691962,95.73487836571553,0
GEO-004386,LWPOLYLINE,1740.2781059039771,95.73486759979212,0
GEO-004387,LWPOLYLINE,1740.172255345166,96.89902996008942,0
GEO-004388,LWPOLYLINE,1740.1722661110894,97.4705174716183,0
GEO-004389,LWPOLYLINE,1740.764940959858,96.89902996008942,0
GEO-004390,LWPOLYLINE,1739.2409491419598,103.82053362050334,0
GEO-004391,LWPOLYLINE,1740.4685981525126,103.82053362050334,0
GEO-004392,LWPOLYLINE,1741.6962794608344,103.82053362050334,0
GEO-004393,LWPOLYLINE,1739.283259220899,94.84587147552455,0
GEO-004394,LWPOLYLINE,1740.510929763298,94.84587147552455,0
GEO-004395,LWPOLYLINE,1732.552263957905,99.07919404293449,0
GEO-004396,LWPOLYLINE,1732.552263957905,100.2433564032318,0
GEO-004397,LWPOLYLINE,1732.552263957905,101.3863744899831,0
GEO-004398,CIRCLE,1732.594557226956,104.7095351277326,0
GEO-004399,LWPOLYLINE,1732.086594707417,105.85252629967545,0
GEO-004400,LWPOLYLINE,1732.1077712787328,106.4028533887732,0
GEO-004401,LWPOLYLINE,1733.0390990137867,105.85252629967545,0
GEO-004402,LWPOLYLINE,1732.890938376037,105.8948740593461,0
GEO-004403,CIRCLE,1732.594557233644,95.73487836571553,0
GEO-004404,LWPOLYLINE,1732.6157721400068,95.73486759979212,0
GEO-004405,LWPOLYLINE,1732.509932347119,96.89902996008942,0
GEO-004406,LWPOLYLINE,1732.5099323471195,97.4705174716183,0
GEO-004407,LWPOLYLINE,1733.102617961812,96.89902996008942,0
GEO-004408,LWPOLYLINE,1731.578604612066,103.82053362050334,0
GEO-004409,LWPOLYLINE,1732.8062536226184,103.82053362050334,0
GEO-004410,LWPOLYLINE,1733.9915925542325,103.82053362050334,0
GEO-004411,LWPOLYLINE,1731.620936222852,94.84587147552455,0
GEO-004412,LWPOLYLINE,1732.848585233404,94.84587147552455,0
GEO-004413,LWPOLYLINE,1734.0127583596254,94.84587147552455,0
GEO-004414,LWPOLYLINE,1755.158269986822,99.07919404293449,0
GEO-004415,LWPOLYLINE,1755.158269986822,100.2433564032318,0
GEO-004416,LWPOLYLINE,1755.158269986822,101.3863744899831,0
GEO-004417,CIRCLE,1755.200562184297,104.7095351277326,0
GEO-004418,LWPOLYLINE,1754.692600736334,105.85252629967545,0
GEO-004419,LWPOLYLINE,1754.7137773076502,106.4028533887732,0
GEO-004420,LWPOLYLINE,1755.6451050427036,105.85252629967545,0
GEO-004421,LWPOLYLINE,1755.4969336390304,105.8948740593461,0
GEO-004422,CIRCLE,1755.200562190985,95.73487836571553,0
GEO-004423,LWPOLYLINE,1755.2217674030005,95.73486759979212,0
GEO-004424,LWPOLYLINE,1755.11591684419,96.89902996008942,0
GEO-004425,LWPOLYLINE,1755.115927610113,97.4705174716183,0
GEO-004426,LWPOLYLINE,1755.708602458882,96.89902996008942,0
GEO-004427,LWPOLYLINE,1746.9696554777047,103.78193259784564,0
GEO-004428,LWPOLYLINE,1748.154972877471,103.78193259784564,0
GEO-004429,LWPOLYLINE,1749.3826541857934,103.78193259784564,0
GEO-004430,LWPOLYLINE,1746.9696339458574,94.80727045286682,0
GEO-004431,LWPOLYLINE,1748.1973044882566,94.80727045286682,0
GEO-004432,LWPOLYLINE,1749.382632653947,94.80727045286682,0
GEO-004433,LWPOLYLINE,1762.270260512809,99.07919404293449,0
GEO-004434,LWPOLYLINE,1762.270260512809,100.2433564032318,0
GEO-004435,LWPOLYLINE,1762.270260512809,101.3863744899831,0
GEO-004436,CIRCLE,1762.312552710285,104.7095351277326,0
GEO-004437,LWPOLYLINE,1761.804612794168,105.85252629967545,0
GEO-004438,LWPOLYLINE,1761.825757067714,106.4028533887732,0
GEO-004439,LWPOLYLINE,1762.7570955686906,105.85252629967545,0
GEO-004440,LWPOLYLINE,1762.608934930941,105.8948740593461,0
GEO-004441,CIRCLE,1762.312552716973,95.73487836571553,0
GEO-004442,LWPOLYLINE,1762.3337686949117,95.73486759979212,0
GEO-004443,LWPOLYLINE,1762.227950433871,96.89902996008942,0
GEO-004444,LWPOLYLINE,1762.2279396679473,97.4705174716183,0
GEO-004445,LWPOLYLINE,1762.820614516716,96.89902996008942,0
GEO-004446,LWPOLYLINE,1754.039314392906,103.78193259784564,0
GEO-004447,LWPOLYLINE,1755.2669849353056,103.78193259784564,0
GEO-004448,LWPOLYLINE,1756.431147295602,103.78193259784564,0
GEO-004449,LWPOLYLINE,1754.0816460036913,94.80727045286682,0
GEO-004450,LWPOLYLINE,1755.2669849353056,94.80727045286682,0
GEO-004451,LWPOLYLINE,1756.4523238669185,94.8072812187902,0
GEO-004452,LWPOLYLINE,1740.2781059039771,109.38737190616145,0
GEO-004453,LWPOLYLINE,1740.256940098584,109.36619533484526,0
GEO-004454,LWPOLYLINE,1755.1370934155061,109.38737190616145,0
GEO-004455,LWPOLYLINE,1755.200623129455,109.36619533484526,0
GEO-004456,LWPOLYLINE,1734.151137028298,229.5470900958251,0
GEO-004457,LWPOLYLINE,1734.3628273799964,226.62610129238544,0
GEO-004458,LWPOLYLINE,1733.7489867258355,226.62610129238544,0
GEO-004459,LWPOLYLINE,1734.0453187672579,226.4144432384575,0
GEO-004460,LWPOLYLINE,1734.0453187672579,228.04426408331972,0
GEO-004461,LWPOLYLINE,1732.4789845726505,228.63691740024137,0
GEO-004462,LWPOLYLINE,1732.4789845726505,230.85941309387204,0
GEO-004463,LWPOLYLINE,1732.4789738067266,229.75876968159986,0
GEO-004464,LWPOLYLINE,1734.0241421959415,230.69007588480625,0
GEO-004465,LWPOLYLINE,1734.0241421959415,231.9177679590521,0
GEO-004466,LWPOLYLINE,1734.024152961865,232.87026149949816,0
GEO-004467,LWPOLYLINE,1732.50013961212,232.446913093872,0
GEO-004468,LWPOLYLINE,1783.3310981525124,130.429070409139,0
GEO-004469,LWPOLYLINE,1775.181940098585,130.47140201992454,0
GEO-004470,LWPOLYLINE,1775.1395977218754,131.1487454732259,0
GEO-004471,LWPOLYLINE,1776.3672682642746,130.47141278584795,0
GEO-004472,LWPOLYLINE,1778.5685981525125,130.25974396599665,0
GEO-004473,LWPOLYLINE,1779.880942682406,130.25974396599665,0
GEO-004474,LWPOLYLINE,1779.8809319164825,130.0480697631835,0
GEO-004475,LWPOLYLINE,1781.1720998750604,130.25972243414986,0
GEO-004476,LWPOLYLINE,1782.3997704174594,130.25974396599665,0
GEO-004477,LWPOLYLINE,1782.230443974317,130.3020809597439,0
GEO-004478,LWPOLYLINE,1782.3997704174594,129.6247428894043,0
GEO-004479,LWPOLYLINE,1784.7069293326608,130.25974396599665,0
GEO-004480,LWPOLYLINE,1786.8659491419598,130.17508074442543,0
GEO-004481,LWPOLYLINE,1787.9877691255479,130.25974396599665,0
GEO-004482,LWPOLYLINE,1787.9877583596249,130.0480697631835,0
GEO-004483,LWPOLYLINE,1789.0672574983514,130.17508074442543,0
GEO-004484,LWPOLYLINE,1759.2222661110895,222.90623686048716,0
GEO-004485,LWPOLYLINE,1760.1112622353576,222.90622609456375,0
GEO-004486,LWPOLYLINE,1760.1112622353576,222.7580654568142,0
GEO-004487,LWPOLYLINE,1761.0002798914716,222.90622609456375,0
GEO-004488,LWPOLYLINE,1760.8521084877984,222.8850818210178,0
GEO-004489,LWPOLYLINE,1761.8892652498157,222.90622609456375,0
GEO-004490,LWPOLYLINE,1761.741104612066,222.8850818210178,0
GEO-004491,LWPOLYLINE,1763.815428902024,222.90622609456375,0
GEO-004492,LWPOLYLINE,1764.8526071958881,222.90622609456375,0
GEO-004493,LWPOLYLINE,1764.704446558138,222.8850818210178,0
GEO-004494,LWPOLYLINE,1765.741603320155,222.90622609456375,0
GEO-004495,LWPOLYLINE,1766.6305994444233,223.3507295396592,0
GEO-004496,LWPOLYLINE,1766.6305886785,222.90622609456375,0
GEO-004497,SOLID,1748.2579267488395,154.60139448377817,0
GEO-004498,SOLID,1748.3426007363341,154.8342237260606,0
GEO-004499,SOLID,1748.2367609434464,154.60139448377817,0
GEO-004500,SOLID,1748.257937514763,155.00356093512636,0
GEO-004501,SOLID,1748.1732635272683,154.70722889370387,0
GEO-004502,SOLID,1748.0674345003044,155.0882295396592,0
GEO-004503,SOLID,1748.0674345003044,154.77073169284392,0
GEO-004504,SOLID,1747.834589109137,155.0882295396592,0
GEO-004505,SOLID,1747.834589109137,154.77073169284392,0
GEO-004506,SOLID,1747.622931055209,155.00356093512636,0
GEO-004507,SOLID,1747.7287600821728,154.70722889370387,0
GEO-004508,SOLID,1747.5382570677143,154.8342237260606,0
GEO-004509,SOLID,1747.6652626659943,154.60139448377817,0
GEO-004510,SOLID,1747.6440968606016,154.60139448377817,0
GEO-004511,SOLID,1747.6440968606016,154.368559858534,0
GEO-004512,SOLID,1747.6652626659943,154.368559858534,0
GEO-004513,SOLID,1747.5382570677143,154.15689103868266,0
GEO-004514,SOLID,1747.7287600821728,154.26273083157005,0
GEO-004515,SOLID,1747.622931055209,153.9875645955403,0
GEO-004516,SOLID,1747.834589109137,154.19923341539166,0
GEO-004517,SOLID,1747.834589109137,153.88173556857635,0
GEO-004518,SOLID,1748.0674345003044,154.19923341539166,0
GEO-004519,SOLID,1748.0674345003044,153.88173556857635,0
GEO-004520,SOLID,1748.1732635272683,154.26273083157005,0
GEO-004521,SOLID,1748.257937514763,153.9875645955403,0
GEO-004522,SOLID,1748.2367609434464,154.368559858534,0
GEO-004523,SOLID,1748.3426007363341,154.15689103868266,0
GEO-004524,SOLID,1748.2579267488395,154.368559858534,0
GEO-004525,SOLID,1748.2579267488395,168.57140740288625,0
GEO-004526,SOLID,1748.3426007363341,168.80423664516866,0
GEO-004527,SOLID,1748.2367609434464,168.57140740288625,0
GEO-004528,SOLID,1748.257937514763,168.9735684712727,0
GEO-004529,SOLID,1748.1732635272683,168.6772418128119,0
GEO-004530,SOLID,1748.0674345003044,169.0582370758056,0
GEO-004531,SOLID,1748.0674345003044,168.7407392289903,0
GEO-004532,SOLID,1747.834589109137,169.0582370758056,0
GEO-004533,SOLID,1747.834589109137,168.7407392289903,0
GEO-004534,SOLID,1747.622931055209,168.9735684712727,0
GEO-004535,SOLID,1747.7287600821728,168.6772418128119,0
GEO-004536,SOLID,1747.5382570677143,168.80423664516866,0
GEO-004537,SOLID,1747.6652626659943,168.57140740288625,0
GEO-004538,SOLID,1747.6440968606016,168.57140740288625,0
GEO-004539,SOLID,1747.6440968606016,168.3385727776421,0
GEO-004540,SOLID,1747.6652626659943,168.3385727776421,0
GEO-004541,SOLID,1747.5382570677143,168.12690395779077,0
GEO-004542,SOLID,1747.7287600821728,168.23274375067814,0
GEO-004543,SOLID,1747.622931055209,167.9575721316867,0
GEO-004544,SOLID,1747.834589109137,168.16924095153803,0
GEO-004545,SOLID,1747.834589109137,167.851737721761,0
GEO-004546,SOLID,1748.0674345003044,168.16924095153803,0
GEO-004547,SOLID,1748.0674345003044,167.851737721761,0
GEO-004548,SOLID,1748.1732635272683,168.23274375067814,0
GEO-004549,SOLID,1748.257937514763,167.9575721316867,0
GEO-004550,SOLID,1748.2367609434464,168.3385727776421,0
GEO-004551,SOLID,1748.3426007363341,168.12690395779077,0
GEO-004552,SOLID,1748.2579267488395,168.3385727776421,0
GEO-004553,SOLID,1748.2579267488395,182.5414095560709,0
GEO-004554,SOLID,1748.3426007363341,182.77424418131505,0
GEO-004555,SOLID,1748.2367609434464,182.5414095560709,0
GEO-004556,SOLID,1748.257937514763,182.94357062445738,0
GEO-004557,SOLID,1748.1732635272683,182.64723858303483,0
GEO-004558,SOLID,1748.0674345003044,183.0282338460286,0
GEO-004559,SOLID,1748.0674345003044,182.71073599921326,0
GEO-004560,SOLID,1747.834589109137,183.0282338460286,0
GEO-004561,SOLID,1747.834589109137,182.71073599921326,0
GEO-004562,SOLID,1747.622931055209,182.94357062445738,0
GEO-004563,SOLID,1747.7287600821728,182.64723858303483,0
GEO-004564,SOLID,1747.5382570677143,182.77424418131505,0
GEO-004565,SOLID,1747.6652626659943,182.5414095560709,0
GEO-004566,SOLID,1747.6440968606016,182.5414095560709,0
GEO-004567,SOLID,1747.6440968606016,182.30857493082675,0
GEO-004568,SOLID,1747.6652626659943,182.30857493082675,0
GEO-004569,SOLID,1747.5382570677143,182.09690611097545,0
GEO-004570,SOLID,1747.7287600821728,182.20273513793938,0
GEO-004571,SOLID,1747.622931055209,181.9275689019097,0
GEO-004572,SOLID,1747.834589109137,182.139237721761,0
GEO-004573,SOLID,1747.834589109137,181.8217398749457,0
GEO-004574,SOLID,1748.0674345003044,182.139237721761,0
GEO-004575,SOLID,1748.0674345003044,181.8217398749457,0
GEO-004576,SOLID,1748.1732635272683,182.20273513793938,0
GEO-004577,SOLID,1748.257937514763,181.9275689019097,0
GEO-004578,SOLID,1748.2367609434464,182.30857493082675,0
GEO-004579,SOLID,1748.3426007363341,182.09690611097545,0
GEO-004580,SOLID,1748.2579267488395,182.30857493082675,0
GEO-004581,SOLID,1748.2579267488395,194.2677394443088,0
GEO-004582,SOLID,1748.3426007363341,194.50057406955295,0
GEO-004583,SOLID,1748.2367609434464,194.2677394443088,0
GEO-004584,SOLID,1748.257937514763,194.66990051269525,0
GEO-004585,SOLID,1748.1732635272683,194.37356847127276,0
GEO-004586,SOLID,1748.0674345003044,194.7545637342664,0
GEO-004587,SOLID,1748.0674345003044,194.4370658874511,0
GEO-004588,SOLID,1747.834589109137,194.7545637342664,0
GEO-004589,SOLID,1747.834589109137,194.4370658874511,0
GEO-004590,SOLID,1747.622931055209,194.66990051269525,0
GEO-004591,SOLID,1747.7287600821728,194.37356847127276,0
GEO-004592,SOLID,1747.5382570677143,194.50057406955295,0
GEO-004593,SOLID,1747.6652626659943,194.2677394443088,0
GEO-004594,SOLID,1747.6440968606016,194.2677394443088,0
GEO-004595,SOLID,1747.6440968606016,194.0349048190646,0
GEO-004596,SOLID,1747.6652626659943,194.0349048190646,0
GEO-004597,SOLID,1747.5382570677143,193.82323599921324,0
GEO-004598,SOLID,1747.7287600821728,193.92906502617726,0
GEO-004599,SOLID,1747.622931055209,193.65389879014748,0
GEO-004600,SOLID,1747.834589109137,193.86556760999883,0
GEO-004601,SOLID,1747.834589109137,193.5480697631835,0
GEO-004602,SOLID,1748.0674345003044,193.86556760999883,0
GEO-004603,SOLID,1748.0674345003044,193.5480697631835,0
GEO-004604,SOLID,1748.1732635272683,193.92906502617726,0
GEO-004605,SOLID,1748.257937514763,193.65389879014748,0
GEO-004606,SOLID,1748.2367609434464,194.0349048190646,0
GEO-004607,SOLID,1748.3426007363341,193.82323599921324,0
GEO-004608,SOLID,1748.2579267488395,194.0349048190646,0
GEO-004609,LWPOLYLINE,1940.1761110716204,16.467739444308805,0
GEO-004610,LWPOLYLINE,1940.324250177523,16.256081390380857,0
GEO-004611,CIRCLE,1656.987220360722,221.2763944837782,0
GEO-004612,CIRCLE,1656.987220294219,207.7720484552417,0
GEO-004613,CIRCLE,1672.565888319299,221.2763944837782,0
GEO-004614,CIRCLE,1672.565888252797,207.7720484552417,0
GEO-004615,LWPOLYLINE,1655.7172682642745,223.0544082641602,0
GEO-004616,LWPOLYLINE,1655.717268264275,222.33473858303495,0
GEO-004617,LWPOLYLINE,1656.9237622353571,223.0544082641602,0
GEO-004618,LWPOLYLINE,1656.902596429965,222.33473858303495,0
GEO-004619,LWPOLYLINE,1656.9237622353571,221.6150689019097,0
GEO-004620,LWPOLYLINE,1658.1090904010475,222.33474934895835,0
GEO-004621,LWPOLYLINE,1671.8885949227356,223.0544082641602,0
GEO-004622,LWPOLYLINE,1671.888600305697,222.33473858303495,0
GEO-004623,LWPOLYLINE,1673.073928471387,222.33473858303495,0
GEO-004624,LWPOLYLINE,1673.5607689102299,222.69456804063586,0
GEO-004625,LWPOLYLINE,1656.331098152512,209.380738152398,0
GEO-004626,LWPOLYLINE,1656.309932347119,208.66106847127276,0
GEO-004627,LWPOLYLINE,1657.7492663264084,208.66106847127276,0
GEO-004628,LWPOLYLINE,1657.516437084126,208.6610792371962,0
GEO-004629,LWPOLYLINE,1657.74927170937,207.9414203219943,0
GEO-004630,LWPOLYLINE,1670.787935361578,208.66107923719613,0
GEO-004631,LWPOLYLINE,1671.2536046120665,208.6610792371962,0
GEO-004632,LWPOLYLINE,1671.719273862555,208.66107923719613,0
GEO-004633,LWPOLYLINE,1672.692933208393,209.380738152398,0
GEO-004634,LWPOLYLINE,1672.692933208393,208.66107923719613,0
GEO-004635,LWPOLYLINE,1674.1111013822897,208.66106847127276,0
GEO-004636,LWPOLYLINE,1674.2380962146467,208.30123901367185,0
GEO-004637,LWPOLYLINE,1656.9661046120664,221.29756028917097,0
GEO-004638,LWPOLYLINE,1656.987270417459,217.95321231418185,0
GEO-004639,LWPOLYLINE,1656.987270417459,216.91605555216466,0
GEO-004640,LWPOLYLINE,1656.987270417459,215.96355124579532,0
GEO-004641,LWPOLYLINE,1656.987270417459,214.98988113403317,0
GEO-004642,LWPOLYLINE,1656.987270417459,214.05854263305665,0
GEO-004643,LWPOLYLINE,1656.987270417459,213.08488328721785,0
GEO-004644,LWPOLYLINE,1656.987270417459,212.11122394137905,0
GEO-004645,LWPOLYLINE,1656.987270417459,211.09522221883128,0
GEO-004646,LWPOLYLINE,1672.565938376036,217.95321231418185,0
GEO-004647,LWPOLYLINE,1672.565938376036,216.91605555216466,0
GEO-004648,LWPOLYLINE,1672.565938376036,215.96355124579532,0
GEO-004649,LWPOLYLINE,1672.565938376036,214.98988113403317,0
GEO-004650,LWPOLYLINE,1672.565938376036,214.05854263305665,0
GEO-004651,LWPOLYLINE,1672.565938376036,213.08488328721785,0
GEO-004652,LWPOLYLINE,1672.565938376036,212.11122394137905,0
GEO-004653,LWPOLYLINE,1672.565938376036,211.09522221883128,0
GEO-004654,LWPOLYLINE,1660.0987676183195,221.2763944837782,0
GEO-004655,LWPOLYLINE,1660.9454375147625,221.2763944837782,0
GEO-004656,LWPOLYLINE,1661.876770632778,221.2763944837782,0
GEO-004657,LWPOLYLINE,1662.850435361578,221.2763944837782,0
GEO-004658,LWPOLYLINE,1663.8241054733405,221.2763944837782,0
GEO-004659,LWPOLYLINE,1664.755438591355,221.2763944837782,0
GEO-004660,LWPOLYLINE,1665.7291033201554,221.2763944837782,0
GEO-004661,LWPOLYLINE,1666.681602243563,221.2763944837782,0
GEO-004662,LWPOLYLINE,1667.634101166971,221.2763944837782,0
GEO-004663,LWPOLYLINE,1668.607771278733,221.2763944837782,0
GEO-004664,LWPOLYLINE,1669.4121041814294,221.2763944837782,0
GEO-004665,LWPOLYLINE,1656.987270417459,202.4168867323134,0
GEO-004666,LWPOLYLINE,1672.565938376036,202.2052071465386,0
GEO-004667,LWPOLYLINE,1656.9872704174595,221.2763944837782,0
GEO-004668,LWPOLYLINE,1637.662098798468,199.96157794528528,0
GEO-004669,LWPOLYLINE,1637.4504353615785,199.28423987494568,0
GEO-004670,LWPOLYLINE,1636.1169357922154,199.96158871120872,0
GEO-004671,LWPOLYLINE,1639.0167722476658,199.2842291090223,0
GEO-004672,LWPOLYLINE,1637.25993234712,198.12007751464841,0
GEO-004673,LWPOLYLINE,1637.5562643885423,198.1200559828016,0
GEO-004674,LWPOLYLINE,1637.852596429965,198.12007751464841,0
GEO-004675,LWPOLYLINE,1812.6681102103464,137.05423664516871,0
GEO-004676,LWPOLYLINE,1812.456441390495,136.3768985748291,0
GEO-004677,LWPOLYLINE,1811.122941821132,137.05423664516871,0
GEO-004678,LWPOLYLINE,1814.022764819179,136.3768931918674,0
GEO-004679,LWPOLYLINE,1812.26591684419,135.21273083157007,0
GEO-004680,LWPOLYLINE,1812.562259651536,135.2127200656467,0
GEO-004681,LWPOLYLINE,1812.858602458882,135.21273083157007,0
GEO-004682,LWPOLYLINE,1596.0484351462596,203.49640740288623,0
GEO-004683,LWPOLYLINE,1596.0696009516519,202.6497321234809,0
GEO-004684,LWPOLYLINE,1596.0696009516519,201.84538845486105,0
GEO-004685,LWPOLYLINE,1596.831604935044,203.62341300116645,0
GEO-004686,LWPOLYLINE,1597.339605796318,203.62341300116645,0
GEO-004687,LWPOLYLINE,1599.371601166971,202.6497321234809,0
GEO-004688,LWPOLYLINE,1600.641600628675,202.6497321234809,0
GEO-004689,ELLIPSE,1602.540269698049,202.64973604383235,0
GEO-004690,LWPOLYLINE,1603.774266326408,201.84540998670792,0
GEO-004691,LWPOLYLINE,1598.1439333160524,202.33223427666556,0
GEO-004692,LWPOLYLINE,1760.8521084877984,140.6102319081624,0
GEO-004693,LWPOLYLINE,1760.8309211505593,139.7847278171115,0
GEO-004694,LWPOLYLINE,1760.8309534483296,138.95923449198403,0
GEO-004695,LWPOLYLINE,1761.59295474024,140.75839792887365,0
GEO-004696,LWPOLYLINE,1762.100934069667,140.75839792887365,0
GEO-004697,LWPOLYLINE,1764.132937514763,139.7847439659966,0
GEO-004698,LWPOLYLINE,1765.4029396679475,139.7847439659966,0
GEO-004699,ELLIPSE,1767.301605832371,139.7847305125742,0
GEO-004700,LWPOLYLINE,1768.5355972912384,138.9804002973768,0
GEO-004701,LWPOLYLINE,1762.9264435436794,139.44605878194164,0
GEO-004702,LWPOLYLINE,1692.865884511744,196.4479142930772,0
GEO-004703,LWPOLYLINE,1693.331553762233,199.15724504258895,0
GEO-004704,LWPOLYLINE,1693.331553762233,196.68074891832129,0
GEO-004705,LWPOLYLINE,1693.331542996309,194.183086988661,0
GEO-004706,LWPOLYLINE,1692.887044934175,193.3152566697862,0
GEO-004707,LWPOLYLINE,1692.865873745821,193.7385943094889,0
GEO-004708,LWPOLYLINE,1692.865873745821,195.770586988661,0
GEO-004709,SOLID,1692.8447133233894,194.3947665744357,0
GEO-004710,LWPOLYLINE,1692.9505423503535,171.5559313032362,0
GEO-004711,LWPOLYLINE,1692.950542350354,181.483086988661,0
GEO-004712,LWPOLYLINE,1693.627875037732,181.52541859944654,0
GEO-004713,LWPOLYLINE,1692.950542350354,180.29775344000916,0
GEO-004714,LWPOLYLINE,1693.0352217208101,178.5197665744357,0
GEO-004715,LWPOLYLINE,1693.0352217208101,177.5884226904974,0
GEO-004716,LWPOLYLINE,1693.0352217208101,176.3395917256673,0
GEO-004717,LWPOLYLINE,1693.0352217208101,175.2812637752956,0
GEO-004718,LWPOLYLINE,1693.035210954886,175.4294297960069,0
GEO-004719,LWPOLYLINE,1692.400215261256,175.2812637752956,0
GEO-004720,LWPOLYLINE,1693.0352109548867,174.1170960320366,0
GEO-004721,LWPOLYLINE,1693.670206648517,174.1170960320366,0
GEO-004722,LWPOLYLINE,1693.0352163378484,171.80992096794972,0
GEO-004723,LWPOLYLINE,1693.0352217208101,170.5610900031195,0
GEO-004724,LWPOLYLINE,1693.035210954886,170.70925064086904,0
GEO-004725,LWPOLYLINE,1693.0352271037714,168.2750915103488,0
GEO-004726,LWPOLYLINE,1692.7177184910324,168.06342807345914,0
GEO-004727,LWPOLYLINE,1693.2468797747379,166.98392355177128,0
GEO-004728,LWPOLYLINE,1693.0352217208101,166.8357575310601,0
GEO-004729,LWPOLYLINE,1693.0352163378484,165.81975042555058,0
GEO-004730,LWPOLYLINE,1693.0352163378484,164.59209064907492,0
GEO-004731,LWPOLYLINE,1692.865873745821,187.51559990776906,0
GEO-004732,LWPOLYLINE,1732.5946009516524,95.73485683386875,0
GEO-004733,LWPOLYLINE,1740.256929332661,95.73485683386875,0
GEO-004734,LWPOLYLINE,1747.9616054733401,95.73485683386875,0
GEO-004735,LWPOLYLINE,1755.2005908316846,95.73485683386875,0
GEO-004736,LWPOLYLINE,1762.3126028895185,95.73485683386875,0
GEO-004737,LWPOLYLINE,1713.354097937194,199.6017484876844,0
GEO-004738,SOLID,1712.6979364381705,199.5805719163682,0
GEO-004739,ARC,1681.0913483086247,196.0184492298074,0
GEO-004740,ARC,1681.006673569454,191.2347871599805,0
GEO-004741,ARC,1680.9643534762686,186.4087860082362,0
GEO-004742,ARC,1680.9220208911834,181.58279137401695,0
GEO-004743,ARC,1680.8796791129384,176.75679304366247,0
GEO-004744,ARC,1680.8373582680767,171.93078486156065,0
GEO-004745,ARC,1680.7950051254438,167.14711905616792,0
GEO-004746,ARC,1680.7526842805817,162.32112163998954,0
GEO-004747,ARC,1682.4562655633308,158.74930560625035,0
GEO-004748,ARC,1686.0757364303195,157.37770687791615,0
GEO-004749,ARC,1690.9017338464973,157.84337612840443,0
GEO-004750,ARC,1695.6853888859664,158.26671376810714,0
GEO-004751,ARC,1700.293174223847,159.01347475096048,0
GEO-004752,ARC,1703.1587501176623,162.2063886851243,0
GEO-004753,ARC,1703.2010709625242,167.0323968672261,0
GEO-004754,ARC,1703.2433918073862,171.85839428340455,0
GEO-004755,ARC,1703.2857449500193,176.6844024655063,0
GEO-004756,ARC,1703.328066044941,181.51040074460468,0
GEO-004757,ARC,1703.370408547432,186.29406381929454,0
GEO-004758,ARC,1703.45506100308,191.12003970362616,0
GEO-004759,ARC,1703.4974033797878,195.94605865165136,0
GEO-004760,ARC,1703.5397342388974,200.77205980339562,0
GEO-004761,LWPOLYLINE,1701.5653750377314,204.15259043375644,0
GEO-004762,ARC,1697.7933665461728,205.29214628475853,0
GEO-004763,ARC,1693.00967883088,204.82647611258076,0
GEO-004764,ARC,1688.226024169464,204.40313939456755,0
GEO-004765,ARC,1683.7606764722004,203.8945717649662,0
GEO-004766,ARC,1681.133679167734,200.8444503815516,0
GEO-004767,LWPOLYLINE,1779.9444400985844,272.8595723470052,0
GEO-004768,LWPOLYLINE,1779.9232742931913,272.0340628729926,0
GEO-004769,LWPOLYLINE,1779.9232635272679,271.20856416490346,0
GEO-004770,LWPOLYLINE,1780.6852648191789,273.0077222188313,0
GEO-004771,LWPOLYLINE,1781.1932872123,273.0077222188313,0
GEO-004772,LWPOLYLINE,1783.817933208394,272.03407363891597,0
GEO-004773,LWPOLYLINE,1785.511283767204,272.03407363891597,0
GEO-004774,LWPOLYLINE,1788.813278599561,272.03407363891597,0
GEO-004775,LWPOLYLINE,1790.1256015976073,272.03407363891597,0
GEO-004776,LWPOLYLINE,1791.8189306245713,272.03407363891597,0
GEO-004777,LWPOLYLINE,1782.2727755851024,271.88590223524307,0
GEO-004778,LWPOLYLINE,1774.03894354368,126.11107385423445,0
GEO-004779,LWPOLYLINE,1775.308934930941,126.11105770534934,0
GEO-004780,LWPOLYLINE,1775.3089241650173,125.8993996514214,0
GEO-004781,LWPOLYLINE,1776.6424237343808,126.11105770534934,0
GEO-004782,LWPOLYLINE,1778.018265680453,126.11106308831106,0
GEO-004783,LWPOLYLINE,1779.2247704174588,126.11105770534934,0
GEO-004784,LWPOLYLINE,1779.923274293192,126.11105770534934,0
GEO-004785,LWPOLYLINE,1780.812259651536,126.11105770534934,0
GEO-004786,LWPOLYLINE,1782.166914260368,126.11107385423445,0
GEO-004787,LWPOLYLINE,1784.5799452662277,126.11106308831106,0
GEO-004788,LWPOLYLINE,1785.8922682642747,126.11105232238765,0
GEO-004789,LWPOLYLINE,1786.738922011833,126.11105770534934,0
GEO-004790,LWPOLYLINE,1787.627939667947,126.11105770534934,0
GEO-004791,LWPOLYLINE,1788.982583510857,126.11105232238765,0
GEO-004792,LWPOLYLINE,1788.9825835108563,126.74605339898,0
GEO-004793,LWPOLYLINE,1749.443265680453,167.6188869476318,0
GEO-004794,LWPOLYLINE,1749.443265680453,165.1423854404025,0
GEO-004795,LWPOLYLINE,1749.443265680453,162.7293867323133,0
GEO-004796,LWPOLYLINE,1749.443265680453,160.31638802422412,0
GEO-004797,LWPOLYLINE,1749.443265680453,157.90338393317325,0
GEO-004798,LWPOLYLINE,1749.443265680453,155.4903906080457,0
GEO-004799,LWPOLYLINE,1749.443265680453,153.0562153286404,0
GEO-004800,LWPOLYLINE,1749.443265680453,150.6220508151584,0
GEO-004801,LWPOLYLINE,1749.443265680453,148.20905210706923,0
GEO-004802,LWPOLYLINE,1749.443265680453,145.79605339898,0
GEO-004803,LWPOLYLINE,1749.443265680453,143.3830546908908,0
GEO-004804,LWPOLYLINE,1749.443265680453,140.97005598280163,0
GEO-004805,LWPOLYLINE,1749.443265680453,138.5358914693196,0
GEO-004806,LWPOLYLINE,1749.443265680453,136.1017161899142,0
GEO-004807,LWPOLYLINE,1749.443265680453,133.688717481825,0
GEO-004808,LWPOLYLINE,1757.020936222852,131.21223750644253,0
GEO-004809,LWPOLYLINE,1766.313101597608,130.3444018046061,0
GEO-004810,LWPOLYLINE,1770.144284628478,130.3444018046061,0
GEO-004811,LWPOLYLINE,1766.313101597608,130.3444018046061,0
GEO-004812,LWPOLYLINE,1764.7256015976081,128.2700721316867,0
GEO-004813,LWPOLYLINE,1766.10144354368,128.2700721316867,0
GEO-004814,LWPOLYLINE,1767.1386110716203,128.1854142930772,0
GEO-004815,LWPOLYLINE,1768.366281614019,128.2700721316867,0
GEO-004816,LWPOLYLINE,1769.551599013786,128.2700721316867,0
GEO-004817,LWPOLYLINE,1770.5041033201555,128.2700721316867,0
GEO-004818,LWPOLYLINE,1764.6197618047204,128.6510620117187,0
GEO-004819,LWPOLYLINE,1766.313101597608,131.23340331183533,0
GEO-004820,LWPOLYLINE,1766.313112363531,130.36556760999883,0
GEO-004821,LWPOLYLINE,1766.291935792215,132.1224048190646,0
GEO-004822,LWPOLYLINE,2157.4936682003295,140.1234237670898,0
GEO-004823,LWPOLYLINE,2157.4936682003295,139.0650904337565,0
GEO-004824,LWPOLYLINE,2157.4936682003295,203.496428934733,0
GEO-004825,LWPOLYLINE,2157.4936682003295,202.4380956013998,0
GEO-004826,LWPOLYLINE,2157.514834005722,171.59825753106006,0
GEO-004827,LWPOLYLINE,2160.520502179618,171.2807596842448,0
GEO-004828,LWPOLYLINE,2154.466834221041,171.2807596842448,0
GEO-004829,CIRCLE,2140.769236076274,236.5992893988786,0
GEO-004830,LWPOLYLINE,2140.2189544356697,237.74226442193634,0
GEO-004831,LWPOLYLINE,2141.3407905681424,237.74226442193634,0
GEO-004832,LWPOLYLINE,2159.525671645425,220.3662540859646,0
GEO-004833,LWPOLYLINE,2150.445169707559,234.9289310879177,0
GEO-004834,LWPOLYLINE,2150.445169707559,233.7647471957736,0
GEO-004835,LWPOLYLINE,2150.445169707559,232.6005848354763,0
GEO-004836,CIRCLE,2150.402798031242,229.3197665744358,0
GEO-004837,LWPOLYLINE,2149.8101686309665,230.46274159749345,0
GEO-004838,LWPOLYLINE,2150.953170568833,230.46274159749345,0
GEO-004839,LWPOLYLINE,2150.9320074549205,230.9707424587673,0
GEO-004840,CIRCLE,2150.402798031242,238.2520809597439,0
GEO-004841,LWPOLYLINE,2150.381677674342,238.23092592027444,0
GEO-004842,LWPOLYLINE,2150.445169707559,225.04408009847003,0
GEO-004843,LWPOLYLINE,2150.402843479735,218.92691472371416,0
GEO-004844,LWPOLYLINE,2176.9246688462845,226.4410878499349,0
GEO-004845,LWPOLYLINE,2178.173505194077,225.91192118326825,0
GEO-004846,LWPOLYLINE,2178.173505194077,224.19742635091146,0
GEO-004847,SOLID,2178.215842187824,227.626416015625,0
GEO-004848,CIRCLE,2173.77078459494,229.3197665744358,0
GEO-004849,LWPOLYLINE,2173.2416733679725,230.48392893473311,0
GEO-004850,LWPOLYLINE,2173.411005194077,230.22992850409616,0
GEO-004851,LWPOLYLINE,2174.278840895913,230.48392893473311,0
GEO-004852,LWPOLYLINE,2157.47251316086,98.93773030615515,0
GEO-004853,LWPOLYLINE,2157.47251316086,87.86757268286414,0
GEO-004854,LWPOLYLINE,2157.47251316086,89.03172427723804,0
GEO-004855,LWPOLYLINE,2157.47251316086,90.17473159806595,0
GEO-004856,CIRCLE,2157.472451556795,93.45554985910653,0
GEO-004857,LWPOLYLINE,2157.006833144448,94.64089417368173,0
GEO-004858,LWPOLYLINE,2157.028004332803,95.1912212627795,0
GEO-004859,LWPOLYLINE,2157.959340142298,94.64089417368173,0
GEO-004860,LWPOLYLINE,2157.8111714301067,94.6832419333524,0
GEO-004861,CIRCLE,2157.472451556795,84.48089309708938,0
GEO-004862,LWPOLYLINE,2157.4936735832916,84.52323547379837,0
GEO-004863,LWPOLYLINE,2157.430170784151,85.68739783409569,0
GEO-004864,LWPOLYLINE,2157.430170784151,86.25889611154795,0
GEO-004865,SOLID,2157.8111714301067,171.4077598995632,0
GEO-004866,SOLID,2157.8958373431587,171.64058914184565,0
GEO-004867,SOLID,2157.790000241752,171.4077598995632,0
GEO-004868,SOLID,2157.8111714301067,171.809915584988,0
GEO-004869,SOLID,2157.7265028255733,171.51358892652718,0
GEO-004870,SOLID,2157.6206711071286,171.8945841895209,0
GEO-004871,SOLID,2157.6206711071286,171.57708634270557,0
GEO-004872,SOLID,2157.3878364818847,171.8945841895209,0
GEO-004873,SOLID,2157.3878364818847,171.57708634270557,0
GEO-004874,SOLID,2157.1761757364757,171.809915584988,0
GEO-004875,SOLID,2157.2820047634395,171.51358892652718,0
GEO-004876,SOLID,2157.091504440462,171.64058914184565,0
GEO-004877,SOLID,2157.2185019642993,171.4077598995632,0
GEO-004878,SOLID,2157.197336158907,171.4077598995632,0
GEO-004879,SOLID,2157.197336158907,171.17492527431904,0
GEO-004880,SOLID,2157.2185019642993,171.17492527431904,0
GEO-004881,SOLID,2157.091504440462,170.96325645446774,0
GEO-004882,SOLID,2157.2820047634395,171.0690908643934,0
GEO-004883,SOLID,2157.1761757364757,170.7939246283637,0
GEO-004884,SOLID,2157.3878364818847,171.005593448215,0
GEO-004885,SOLID,2157.3878364818847,170.6880956013997,0
GEO-004886,SOLID,2157.6206711071286,171.005593448215,0
GEO-004887,SOLID,2157.6206711071286,170.6880956013997,0
GEO-004888,SOLID,2157.7265028255733,171.0690908643934,0
GEO-004889,SOLID,2157.8111714301067,170.7939246283637,0
GEO-004890,SOLID,2157.790000241752,171.17492527431904,0
GEO-004891,SOLID,2157.8958373431587,170.96325645446774,0
GEO-004892,SOLID,2157.8111714301067,171.17492527431904,0
GEO-004893,LWPOLYLINE,2140.835506485988,208.55525021023215,0
GEO-004894,LWPOLYLINE,2157.4936682003295,171.5770917256673,0
GEO-004895,LWPOLYLINE,2157.514834005722,195.98225580851232,0
GEO-004896,LWPOLYLINE,2157.514834005722,195.05091730753577,0
GEO-004897,LWPOLYLINE,2157.514834005722,194.1407553778754,0
GEO-004898,LWPOLYLINE,2157.514834005722,193.23058268229158,0
GEO-004899,LWPOLYLINE,2157.514834005722,192.29925494723852,0
GEO-004900,LWPOLYLINE,2157.514834005722,191.36791644626192,0
GEO-004901,LWPOLYLINE,2157.514834005722,190.45775451660154,0
GEO-004902,LWPOLYLINE,2157.514834005722,189.50526097615563,0
GEO-004903,LWPOLYLINE,2157.514834005722,188.57392247517902,0
GEO-004904,LWPOLYLINE,2157.514834005722,187.6214181688096,0
GEO-004905,LWPOLYLINE,2157.514834005722,186.69009043375644,0
GEO-004906,LWPOLYLINE,2157.514834005722,185.7587519327799,0
GEO-004907,LWPOLYLINE,2157.514834005722,184.84859000311954,0
GEO-004908,LWPOLYLINE,2157.514834005722,183.9595831129286,0
GEO-004909,LWPOLYLINE,2157.514834005722,183.02825537787538,0
GEO-004910,LWPOLYLINE,2157.514834005722,182.09692764282227,0
GEO-004911,LWPOLYLINE,2157.514834005722,181.16558914184566,0
GEO-004912,LWPOLYLINE,2157.514834005722,180.2342506408691,0
GEO-004913,LWPOLYLINE,2157.514834005722,179.28175171746142,0
GEO-004914,LWPOLYLINE,2157.514834005722,178.3292581770155,0
GEO-004915,LWPOLYLINE,2157.514834005722,177.3979196760389,0
GEO-004916,LWPOLYLINE,2157.514834005722,176.466586558024,0
GEO-004917,LWPOLYLINE,2157.514834005722,175.556419245402,0
GEO-004918,LWPOLYLINE,2157.514834005722,174.6674177381727,0
GEO-004919,LWPOLYLINE,2157.514834005722,173.73609000311956,0
GEO-004920,LWPOLYLINE,2157.514834005722,172.80475150214295,0
GEO-004921,LWPOLYLINE,2157.514834005722,171.87341838412812,0
GEO-004922,LWPOLYLINE,2157.514834005722,170.94209064907494,0
GEO-004923,LWPOLYLINE,2157.514834005722,170.01075753106005,0
GEO-004924,LWPOLYLINE,2157.514834005722,169.05825322469076,0
GEO-004925,LWPOLYLINE,2157.514834005722,168.12692010667587,0
GEO-004926,LWPOLYLINE,2157.514834005722,167.19558698866098,0
GEO-004927,LWPOLYLINE,2157.514834005722,166.3065908643934,0
GEO-004928,LWPOLYLINE,2157.514834005722,165.37525236341685,0
GEO-004929,LWPOLYLINE,2157.514834005722,164.44391924540201,0
GEO-004930,LWPOLYLINE,2157.514834005722,163.51259151034878,0
GEO-004931,LWPOLYLINE,2157.514834005722,162.58125839233395,0
GEO-004932,LWPOLYLINE,2157.514834005722,161.6499198913574,0
GEO-004933,LWPOLYLINE,2157.514834005722,160.71858677334257,0
GEO-004934,LWPOLYLINE,2157.514834005722,159.78725365532765,0
GEO-004935,LWPOLYLINE,2157.514834005722,158.85592053731278,0
GEO-004936,LWPOLYLINE,2157.514834005722,157.9245874192979,0
GEO-004937,LWPOLYLINE,2157.514834005722,157.01441472371414,0
GEO-004938,LWPOLYLINE,2157.514834005722,156.0830816056993,0
GEO-004939,LWPOLYLINE,2157.514834005722,155.1517592536078,0
GEO-004940,LWPOLYLINE,2157.514834005722,154.22042075263124,0
GEO-004941,LWPOLYLINE,2157.514834005722,153.3102534400092,0
GEO-004942,LWPOLYLINE,2157.514834005722,152.37892032199431,0
GEO-004943,LWPOLYLINE,2157.514834005722,151.44758720397945,0
GEO-004944,LWPOLYLINE,2157.514834005722,150.5162540859646,0
GEO-004945,LWPOLYLINE,2157.514834005722,149.54258397420244,0
GEO-004946,LWPOLYLINE,2157.514834005722,148.63242204454212,0
GEO-004947,LWPOLYLINE,2157.514834005722,147.72225473192,0
GEO-004948,LWPOLYLINE,2157.514834005722,146.79092161390508,0
GEO-004949,LWPOLYLINE,2157.514834005722,145.85958849589025,0
GEO-004950,LWPOLYLINE,2157.514834005722,144.9282499949137,0
GEO-004951,LWPOLYLINE,2157.514834005722,144.0180880652533,0
GEO-004952,LWPOLYLINE,2157.514834005722,143.08675494723843,0
GEO-004953,LWPOLYLINE,2157.514834005722,142.15541644626188,0
GEO-004954,LWPOLYLINE,2157.514834005722,141.20292290581597,0
GEO-004955,LWPOLYLINE,2157.514834005722,140.2715897878011,0
GEO-004956,LWPOLYLINE,2157.514834005722,139.36142247517898,0
GEO-004957,LWPOLYLINE,2164.7326697075587,227.77459818522135,0
GEO-004958,LWPOLYLINE,2164.7326723990395,225.76374977959523,0
GEO-004959,SOLID,2169.1988376661357,224.95941687689884,0
GEO-004960,SOLID,2169.1988376661357,224.3244211832682,0
GEO-004961,LWPOLYLINE,2168.352173152654,224.5784108479817,0
GEO-004962,LWPOLYLINE,2164.753846278875,220.15458526611326,0
GEO-004963,LWPOLYLINE,2163.378004332803,225.5309259202745,0
GEO-004964,CIRCLE,2159.970027356615,228.1767484876845,0
GEO-004965,LWPOLYLINE,2164.7326750905204,226.29292721218536,0
GEO-004966,LWPOLYLINE,2164.7326697075587,227.03376269870336,0
GEO-004967,LWPOLYLINE,2158.7848415418684,229.42559560139978,0
GEO-004968,LWPOLYLINE,2159.906669599899,229.42557406955297,0
GEO-004969,LWPOLYLINE,2161.00733992698,229.42559560139978,0
GEO-004970,LWPOLYLINE,2152.09617788966,221.82674848768445,0
GEO-004971,LWPOLYLINE,2152.2866701381954,218.90575968424474,0
GEO-004972,LWPOLYLINE,2151.694000672389,218.90575968424474,0
GEO-004973,LWPOLYLINE,2151.9691669084186,218.6941016303168,0
GEO-004974,LWPOLYLINE,2151.9691669084186,220.32392247517907,0
GEO-004975,LWPOLYLINE,2150.4240065936465,220.91657579210067,0
GEO-004976,LWPOLYLINE,2150.4240065936465,223.13907148573134,0
GEO-004977,LWPOLYLINE,2150.4240092851273,222.03842807345922,0
GEO-004978,LWPOLYLINE,2150.381677674342,238.2520809597439,0
GEO-004979,LWPOLYLINE,2150.043003256211,239.56442548963753,0
GEO-004980,LWPOLYLINE,2151.0801734756315,240.1570895724826,0
GEO-004981,LWPOLYLINE,2151.080176167113,239.56442548963753,0
GEO-004982,LWPOLYLINE,2151.0801734756315,238.9717614067925,0
GEO-004983,LWPOLYLINE,2157.4936735832907,196.6807596842448,0
GEO-004984,LWPOLYLINE,2161.4941722913804,171.57709172566726,0
GEO-004985,LWPOLYLINE,2157.4936682003295,146.4734237670898,0
GEO-004986,LWPOLYLINE,2153.5143326061525,171.57709172566726,0
GEO-004987,LWPOLYLINE,2150.783833359767,199.6017484876844,0
GEO-004988,LWPOLYLINE,2169.5163355129516,147.9974048190646,0
GEO-004989,SOLID,2405.6516690616036,227.7073556707296,0
GEO-004990,SOLID,2405.6516690616036,226.96652018421162,0
GEO-004991,SOLID,2405.6516690616036,227.7073556707296,0
GEO-004992,SOLID,2405.6516690616036,226.96652018421162,0
GEO-004993,LWPOLYLINE,2404.99550756258,227.3475262131287,0
GEO-004994,LWPOLYLINE,2395.2376621714125,227.3686704866747,0
GEO-004995,LWPOLYLINE,2405.6516690616036,227.3263496418125,0
GEO-004996,SOLID,2383.299674229246,227.60151587784225,0
GEO-004997,SOLID,2383.299674229246,227.00885179499716,0
GEO-004998,LWPOLYLINE,2148.6460008877075,199.6017484876844,0
GEO-004999,SOLID,2153.6201643245968,199.87691472371415,0
GEO-005000,SOLID,2153.6201643245968,199.30541644626192,0
GEO-005001,SOLID,2188.5663462788752,194.24659517076276,0
GEO-005002,SOLID,2163.3356700305367,147.72224934895831,0
GEO-005003,SOLID,2163.3356700305367,148.31491343180335,0
GEO-005004,LWPOLYLINE,2133.1731673390555,199.6017484876844,0
GEO-005005,LWPOLYLINE,2386.961487753281,227.3475154472053,0
GEO-005006,LWPOLYLINE,2385.6068331444476,225.80234705799086,0
GEO-005007,LWPOLYLINE,2385.6068546762954,226.94534361289539,0
GEO-005008,LWPOLYLINE,2385.6068546762954,228.00368771215216,0
GEO-005009,LWPOLYLINE,2385.6068331444476,229.10435265627103,0
GEO-005010,SOLID,2380.717338312092,214.75334447416924,0
GEO-005011,SOLID,2380.717338312092,213.65267953005036,0
GEO-005012,SOLID,2378.452500241752,214.75334447416924,0
GEO-005013,SOLID,2378.452500241752,213.65267953005036,0
GEO-005014,LWPOLYLINE,2369.6260256493315,214.2030120021098,0
GEO-005015,LWPOLYLINE,2372.314190593451,214.2030120021098,0
GEO-005016,LWPOLYLINE,2375.4680247880574,214.2030120021098,0
GEO-005017,LWPOLYLINE,2378.6853563988434,214.2030120021098,0
GEO-005018,LWPOLYLINE,2381.881522204236,214.2030120021098,0
GEO-005019,LWPOLYLINE,2385.035356398843,214.2030120021098,0
GEO-005020,LWPOLYLINE,2387.7446871483544,214.2030120021098,0
GEO-005021,LWPOLYLINE,2379.595529094427,224.10900726510351,0
GEO-005022,LWPOLYLINE,2379.595529094427,217.7590072651035,0
GEO-005023,LWPOLYLINE,2379.595529094427,211.36667565431787,0
GEO-005024,LWPOLYLINE,2368.0808357282704,216.80651372465755,0
GEO-005025,LWPOLYLINE,2369.6895122995857,216.80651372465755,0
GEO-005026,LWPOLYLINE,2369.4143460635564,216.7853479192648,0
GEO-005027,LWPOLYLINE,2371.319333144449,216.80651372465755,0
GEO-005028,LWPOLYLINE,2372.9280204816887,216.80651372465755,0
GEO-005029,LWPOLYLINE,2373.076170353514,216.3831760849549,0
GEO-005030,LWPOLYLINE,2374.5578413265503,216.80651372465755,0
GEO-005031,LWPOLYLINE,2374.282664324597,216.7853479192648,0
GEO-005032,LWPOLYLINE,2376.1664963660196,216.80651372465755,0
GEO-005033,LWPOLYLINE,2376.1664963660196,216.80651372465755,0
GEO-005034,LWPOLYLINE,2382.7705075625795,217.7166864202413,0
GEO-005035,LWPOLYLINE,2382.77050756258,216.8911877121521,0
GEO-005036,LWPOLYLINE,2383.828840895914,216.8911877121521,0
GEO-005037,LWPOLYLINE,2384.3580075625805,216.9123427516215,0
GEO-005038,LWPOLYLINE,2384.887174229247,216.8911877121521,0
GEO-005039,LWPOLYLINE,2385.987849939289,216.89117694622877,0
GEO-005040,LWPOLYLINE,2385.7126944691827,216.9123427516215,0
GEO-005041,LWPOLYLINE,2387.6176492523045,216.89117694622877,0
GEO-005042,LWPOLYLINE,2387.744665616508,216.48900511191886,0
GEO-005043,LWPOLYLINE,2389.2051707841515,216.89117694622877,0
GEO-005044,LWPOLYLINE,2390.8350023949365,216.89117694622877,0
GEO-005045,LWPOLYLINE,2390.8350023949365,216.6160214761224,0
GEO-005046,LWPOLYLINE,2392.4436682003297,216.8911877121521,0
GEO-005047,LWPOLYLINE,2392.4436682003297,216.8911877121521,0
GEO-005048,LWPOLYLINE,2379.59550756258,233.84568685087822,0
GEO-005049,LWPOLYLINE,2379.59550756258,227.49568685087826,0
GEO-005050,LWPOLYLINE,2379.59550756258,221.10335524009264,0
GEO-005051,LWPOLYLINE,2441.6773555375694,288.03609000311957,0
GEO-005052,LWPOLYLINE,2444.30202306551,288.03609000311957,0
GEO-005053,LWPOLYLINE,2446.651470527804,288.0572558085123,0
GEO-005054,LWPOLYLINE,2446.6938452022832,289.2637605455186,0
GEO-005055,LWPOLYLINE,2448.6835170365925,288.0572558085123,0
GEO-005056,LWPOLYLINE,2448.3660084238536,288.1207639906142,0
GEO-005057,LWPOLYLINE,2450.884803861137,288.0572558085123,0
GEO-005058,LWPOLYLINE,2411.34550756258,148.88642247517902,0
GEO-005059,LWPOLYLINE,2288.4518326061525,148.88642247517902,0
GEO-005060,LWPOLYLINE,2289.658332633067,148.88642247517902,0
GEO-005061,LWPOLYLINE,2486.465986892007,147.7434151543511,0
GEO-005062,LWPOLYLINE,2486.465986892007,293.9627523634169,0
GEO-005063,LWPOLYLINE,2289.594821086614,148.88642247517907,0
GEO-005064,LWPOLYLINE,2277.6214114122677,15.09189749823676,0
GEO-005065,LWPOLYLINE,2278.531605639698,15.09189749823676,0
GEO-005066,LWPOLYLINE,2279.462944140674,15.09189749823676,0
GEO-005067,LWPOLYLINE,2278.997274890186,15.11305253770616,0
GEO-005068,LWPOLYLINE,2279.970945001948,15.09189749823676,0
GEO-005069,LWPOLYLINE,2280.9022619710777,15.091908264160153,0
GEO-005070,LWPOLYLINE,2282.024103486513,15.091908264160153,0
GEO-005071,LWPOLYLINE,2283.1882766127337,15.091908264160153,0
GEO-005072,LWPOLYLINE,2283.0400944431376,15.11309560139974,0
GEO-005073,LWPOLYLINE,2284.479433805388,15.09189749823676,0
GEO-005074,LWPOLYLINE,2284.7122684306323,14.75324461195204,0
GEO-005075,LWPOLYLINE,2448.302500241752,4.953099907769096,0
GEO-005076,LWPOLYLINE,2485.259492920924,15.155416446261935,0
GEO-005077,LWPOLYLINE,2485.259492920924,22.394391038682723,0
GEO-005078,LWPOLYLINE,2456.2611552812214,4.953056844075519,0
GEO-005079,LWPOLYLINE,2448.302489475829,46.6937260945638,0
GEO-005080,LWPOLYLINE,2448.302489475829,49.78406287299262,0
GEO-005081,LWPOLYLINE,2448.302489475829,40.89405856662327,0
GEO-005082,LWPOLYLINE,2412.4461725066994,45.31792721218532,0
GEO-005083,LWPOLYLINE,2412.6578305606276,45.000418599446604,0
GEO-005084,LWPOLYLINE,2413.7584955047464,45.31792721218532,0
GEO-005085,LWPOLYLINE,2413.5891582956806,45.33907148573133,0
GEO-005086,LWPOLYLINE,2415.0920273718793,45.31792721218532,0
GEO-005087,LWPOLYLINE,2416.256189732176,51.519745042588966,0
GEO-005088,LWPOLYLINE,2469.723188870903,51.519745042588966,0
GEO-005089,LWPOLYLINE,2479.88320609638,51.519745042588966,0
GEO-005090,LWPOLYLINE,2472.115032539522,45.31792721218532,0
GEO-005091,LWPOLYLINE,2473.533184564533,45.31792721218532,0
GEO-005092,LWPOLYLINE,2473.554328838079,45.08508182101779,0
GEO-005093,LWPOLYLINE,2474.930149252305,45.31792721218532,0
GEO-005094,LWPOLYLINE,2474.887839173366,45.97408871120876,0
GEO-005095,LWPOLYLINE,2476.052001533663,45.31792721218532,0
GEO-005096,LWPOLYLINE,2475.861509285128,45.33907148573133,0
GEO-005097,LWPOLYLINE,2438.3753391733653,45.19091084798177,0
GEO-005098,LWPOLYLINE,2439.7300153140454,45.19092161390516,0
GEO-005099,LWPOLYLINE,2439.5606996368265,45.21207665337456,0
GEO-005100,LWPOLYLINE,2441.0000067013066,45.19091084798177,0
GEO-005101,LWPOLYLINE,2442.3334955047458,45.19092161390516,0
GEO-005102,LWPOLYLINE,2443.645818502793,45.19091084798177,0
GEO-005103,LWPOLYLINE,2443.899829699353,44.87341300116644,0
GEO-005104,LWPOLYLINE,2444.577178535616,45.19092161390516,0
GEO-005105,LWPOLYLINE,2445.5508271155313,45.19091084798177,0
GEO-005106,LWPOLYLINE,2446.905503256211,45.19092161390516,0
GEO-005107,LWPOLYLINE,2446.9266905934505,45.84709387885199,0
GEO-005108,LWPOLYLINE,2447.667515314045,45.19092161390516,0
GEO-005109,LWPOLYLINE,2448.683538568439,45.19093237982855,0
GEO-005110,LWPOLYLINE,2450.0593589826644,45.19092161390516,0
GEO-005111,LWPOLYLINE,2480.9203520924734,45.317905680338534,0
GEO-005112,LWPOLYLINE,2481.745883098334,45.31792721218532,0
GEO-005113,LWPOLYLINE,2482.7618632890344,45.31791644626193,0
GEO-005114,LWPOLYLINE,2484.095352092474,45.31792721218532,0
GEO-005115,LWPOLYLINE,2448.302500241752,52.91675279405382,0
GEO-005116,LWPOLYLINE,2448.302500241752,56.09175279405381,0
GEO-005117,LWPOLYLINE,2462.9710170365925,16.23490481906467,0
GEO-005118,LWPOLYLINE,2463.796504978758,16.234904819064667,0
GEO-005119,LWPOLYLINE,2464.685511868949,16.234904819064667,0
GEO-005120,LWPOLYLINE,2464.2410084238536,16.25607062445746,0
GEO-005121,LWPOLYLINE,2465.5956630326864,16.234904819064667,0
GEO-005122,LWPOLYLINE,2465.4474808630894,16.25607062445746,0
GEO-005123,LWPOLYLINE,2466.844510146402,16.234904819064667,0
GEO-005124,LWPOLYLINE,2466.675205235106,16.25607062445746,0
GEO-005125,LWPOLYLINE,2466.844510146402,15.57872178819444,0
GEO-005126,LWPOLYLINE,2468.029838312092,16.234904819064667,0
GEO-005127,LWPOLYLINE,2468.0510256493317,16.89108784993489,0
GEO-005128,LWPOLYLINE,2472.7076750905208,16.234926350911454,0
GEO-005129,LWPOLYLINE,2473.998853815022,16.234904819064667,0
GEO-005130,LWPOLYLINE,2473.8506931772718,16.25607062445746,0
GEO-005131,LWPOLYLINE,2413.123499811116,12.424887593587234,0
GEO-005132,LWPOLYLINE,2414.52050756258,12.424930657280811,0
GEO-005133,LWPOLYLINE,2414.7321871483546,12.1285770840115,0
GEO-005134,LWPOLYLINE,2415.9809911983766,12.42489835951063,0
GEO-005135,LWPOLYLINE,2415.9598469248303,12.23443840874566,0
GEO-005136,LWPOLYLINE,2417.5050153140455,12.42489835951063,0
GEO-005137,LWPOLYLINE,2418.415166477782,12.42489835951063,0
GEO-005138,LWPOLYLINE,2419.3888581213905,12.42489835951063,0
GEO-005139,LWPOLYLINE,2420.870529094427,12.42489835951063,0
GEO-005140,LWPOLYLINE,2423.452843479735,12.42489835951063,0
GEO-005141,LWPOLYLINE,2423.4104903371026,13.08107062445746,0
GEO-005142,LWPOLYLINE,2424.130149252305,12.42489835951063,0
GEO-005143,LWPOLYLINE,2425.146194038546,12.42489835951063,0
GEO-005144,LWPOLYLINE,2425.1038408959134,13.08107062445746,0
GEO-005145,LWPOLYLINE,2426.246837450818,12.42489835951063,0
GEO-005146,LWPOLYLINE,2427.389844771646,12.42489835951063,0
GEO-005147,LWPOLYLINE,2427.2205075625807,12.4884280734592,0
GEO-005148,LWPOLYLINE,2429.485334866996,12.594257100423174,0
GEO-005149,LWPOLYLINE,2429.485334866996,11.83223427666558,0
GEO-005150,LWPOLYLINE,2461.828020481688,26.267905680338544,0
GEO-005151,LWPOLYLINE,2463.1615523488217,26.267905680338544,0
GEO-005152,LWPOLYLINE,2463.415520481688,25.929263559977215,0
GEO-005153,LWPOLYLINE,2464.6219929209246,26.267916446261943,0
GEO-005154,LWPOLYLINE,2464.579682841986,26.03506028917101,0
GEO-005155,LWPOLYLINE,2466.188348647379,26.267927212185334,0
GEO-005156,LWPOLYLINE,2467.098499811115,26.267916446261943,0
GEO-005157,LWPOLYLINE,2468.072191454725,26.267916446261943,0
GEO-005158,LWPOLYLINE,2469.532675090521,26.267916446261943,0
GEO-005159,LWPOLYLINE,2472.114989475829,26.267916446261943,0
GEO-005160,LWPOLYLINE,2473.6178477861044,26.267927212185334,0
GEO-005161,LWPOLYLINE,2474.570352092474,25.675241597493496,0
GEO-005162,LWPOLYLINE,2461.828020481688,39.158408694797096,0
GEO-005163,LWPOLYLINE,2463.140343479735,39.158408694797096,0
GEO-005164,LWPOLYLINE,2462.9710385684393,39.20075107150608,0
GEO-005165,LWPOLYLINE,2464.4103348669964,39.15841946072049,0
GEO-005166,LWPOLYLINE,2465.278154419948,39.158408694797096,0
GEO-005167,LWPOLYLINE,2466.272968805256,39.15843022664389,0
GEO-005168,LWPOLYLINE,2467.6488538150215,39.158408694797096,0
GEO-005169,LWPOLYLINE,2461.828020481688,35.898745473225915,0
GEO-005170,LWPOLYLINE,2463.1615523488217,35.898745473225915,0
GEO-005171,LWPOLYLINE,2463.415520481688,35.560081821017796,0
GEO-005172,LWPOLYLINE,2464.6219929209246,35.89875623914931,0
GEO-005173,LWPOLYLINE,2464.579682841986,35.64476657443576,0
GEO-005174,LWPOLYLINE,2466.188348647379,35.8987670050727,0
GEO-005175,LWPOLYLINE,2467.5641690616035,35.89875623914931,0
GEO-005176,LWPOLYLINE,2481.3013365895445,17.54724934895833,0
GEO-005177,LWPOLYLINE,2481.5341819807118,17.229740736219615,0
GEO-005178,LWPOLYLINE,2482.65603426207,17.54724934895833,0
GEO-005179,LWPOLYLINE,2482.5290394297135,17.56839362250434,0
GEO-005180,LWPOLYLINE,2483.9895015336633,17.54724934895833,0
GEO-005181,LWPOLYLINE,2461.9126837032595,29.548756239149306,0
GEO-005182,LWPOLYLINE,2461.9338279768053,29.29476657443576,0
GEO-005183,LWPOLYLINE,2463.2461725066987,29.548745473225914,0
GEO-005184,LWPOLYLINE,2464.6432017900106,29.548745473225914,0
GEO-005185,LWPOLYLINE,2466.0401880096288,29.548756239149306,0
GEO-005186,LWPOLYLINE,2466.2306587263174,29.210081821017795,0
GEO-005187,LWPOLYLINE,2467.416008423854,29.548767005072698,0
GEO-005188,LWPOLYLINE,2468.8553262542573,29.548756239149306,0
GEO-005189,LWPOLYLINE,2470.061820225341,29.548756239149306,0
GEO-005190,LWPOLYLINE,2469.9136595875907,29.5487562391493,0
GEO-005191,LWPOLYLINE,2471.3530204816884,29.548745473225914,0
GEO-005192,LWPOLYLINE,2461.76452306551,9.39806976318359,0
GEO-005193,LWPOLYLINE,2463.0768460635563,9.41924633449978,0
GEO-005194,LWPOLYLINE,2464.5161854258076,9.419257100423174,0
GEO-005195,LWPOLYLINE,2464.5161854258076,9.228721788194443,0
GEO-005196,LWPOLYLINE,2465.807321086615,9.419257100423174,0
GEO-005197,LWPOLYLINE,2466.929173367973,9.419257100423174,0
GEO-005198,LWPOLYLINE,2466.780991198377,9.482754516601561,0
GEO-005199,LWPOLYLINE,2467.839346063556,9.58856201171875,0
GEO-005200,LWPOLYLINE,2467.839346063556,8.826593017578123,0
GEO-005201,LWPOLYLINE,2412.869488614556,25.99273944430881,0
GEO-005202,LWPOLYLINE,2414.1606888709025,25.992760976155605,0
GEO-005203,LWPOLYLINE,2414.859181980712,25.992760976155605,0
GEO-005204,LWPOLYLINE,2415.8116647552342,25.992760976155605,0
GEO-005205,LWPOLYLINE,2415.6635041174845,26.03506028917101,0
GEO-005206,LWPOLYLINE,2417.0816561424954,25.992760976155605,0
GEO-005207,LWPOLYLINE,2418.4998512312,25.992760976155605,0
GEO-005208,LWPOLYLINE,2418.5210170365926,26.67009904649523,0
GEO-005209,LWPOLYLINE,2460.02886242776,22.92360076904297,0
GEO-005210,LWPOLYLINE,2435.6871849951704,27.72843237982856,0
GEO-005211,LWPOLYLINE,2448.302500241752,13.97007751464843,0
GEO-005212,LWPOLYLINE,2472.093845202283,34.33241127861871,0
GEO-005213,LWPOLYLINE,2479.883163032686,34.33241127861871,0
GEO-005214,LWPOLYLINE,2479.9043288380794,4.953078375922308,0
GEO-005215,LWPOLYLINE,2472.6441776743422,37.59208526611328,0
GEO-005216,LWPOLYLINE,2472.6441776743422,34.33242204454211,0
GEO-005217,LWPOLYLINE,2472.6441776743422,31.07273729112414,0
GEO-005218,LWPOLYLINE,2472.6441776743422,27.77074245876737,0
GEO-005219,LWPOLYLINE,2448.302500241752,43.77273729112412,0
GEO-005220,LWPOLYLINE,2448.302500241752,4.953078375922308,0
GEO-005221,LWPOLYLINE,2472.6441776743422,18.79607493082682,0
GEO-005222,LWPOLYLINE,2479.883163032686,16.383076222737625,0
GEO-005223,LWPOLYLINE,2472.64419920619,9.46157794528537,0
GEO-005224,LWPOLYLINE,2419.515831421901,26.11974504258898,0
GEO-005225,LWPOLYLINE,2419.515831421901,25.6329099867079,0
GEO-005226,LWPOLYLINE,2461.8279774179946,33.062430657280814,0
GEO-005227,LWPOLYLINE,2462.695883098333,33.08358569675022,0
GEO-005228,LWPOLYLINE,2463.140343479735,33.06240912543402,0
GEO-005229,LWPOLYLINE,2463.584803861137,33.08358569675022,0
GEO-005230,LWPOLYLINE,2464.4526880096296,33.08358569675022,0
GEO-005231,LWPOLYLINE,2464.2410299557014,33.06240912543402,0
GEO-005232,LWPOLYLINE,2465.8073210866146,33.062430657280814,0
GEO-005233,LWPOLYLINE,2466.675183703259,33.08358569675022,0
GEO-005234,LWPOLYLINE,2467.119665616508,33.401083543565534,0
GEO-005235,LWPOLYLINE,2467.2254946434723,32.7449112786187,0
GEO-005236,LWPOLYLINE,2468.4743417571876,33.06241989135742,0
GEO-005237,LWPOLYLINE,2468.2626837032594,33.06240912543402,0
GEO-005238,LWPOLYLINE,2469.786686287081,33.08358569675022,0
GEO-005239,LWPOLYLINE,2469.553862427761,33.08358569675022,0
GEO-005240,LWPOLYLINE,2482.571349508652,16.38306545681423,0
GEO-005241,LWPOLYLINE,2448.323666047145,40.89408009847005,0
GEO-005242,LWPOLYLINE,2465.4898555375694,16.25607062445746,0
GEO-005243,LWPOLYLINE,2413.144687148355,12.424887593587234,0
GEO-005244,LWPOLYLINE,2414.77451875914,12.1285770840115,0
GEO-005245,LWPOLYLINE,2417.547325392985,12.42489835951063,0
GEO-005246,LWPOLYLINE,2418.457498088568,12.42489835951063,0
GEO-005247,LWPOLYLINE,2419.4311682003295,12.42489835951063,0
GEO-005248,LWPOLYLINE,2423.4528327138123,13.08107062445746,0
GEO-005249,LWPOLYLINE,2424.172502394937,12.42489835951063,0
GEO-005250,LWPOLYLINE,2426.2891690616043,12.42489835951063,0
GEO-005251,LWPOLYLINE,2427.4110105770387,12.42489835951063,0
GEO-005252,LWPOLYLINE,2429.485334866996,12.594257100423174,0
GEO-005253,LWPOLYLINE,2429.485334866996,11.83223427666558,0
GEO-005254,LWPOLYLINE,2461.849186287081,26.246772172715925,0
GEO-005255,LWPOLYLINE,2463.1826750905207,26.246772172715925,0
GEO-005256,LWPOLYLINE,2464.643158726317,26.246761406792537,0
GEO-005257,LWPOLYLINE,2464.622014452771,26.03506028917101,0
GEO-005258,LWPOLYLINE,2469.553840895914,26.267916446261943,0
GEO-005259,LWPOLYLINE,2473.639013591497,26.267927212185334,0
GEO-005260,LWPOLYLINE,2474.6126621714125,25.675241597493496,0
GEO-005261,LWPOLYLINE,2461.849186287081,39.158408694797096,0
GEO-005262,LWPOLYLINE,2464.4526664777827,39.15841946072049,0
GEO-005263,LWPOLYLINE,2466.2941776743423,39.15843022664389,0
GEO-005264,LWPOLYLINE,2461.849186287081,35.877568901909726,0
GEO-005265,LWPOLYLINE,2463.1826750905207,35.877568901909726,0
GEO-005266,LWPOLYLINE,2464.622014452771,35.64476657443576,0
GEO-005267,LWPOLYLINE,2482.6772000674628,17.54724934895833,0
GEO-005268,LWPOLYLINE,2463.2673383120914,29.548745473225914,0
GEO-005269,LWPOLYLINE,2464.66432453171,29.548745473225914,0
GEO-005270,LWPOLYLINE,2466.272990337103,29.210081821017795,0
GEO-005271,LWPOLYLINE,2467.45834003464,29.548767005072698,0
GEO-005272,LWPOLYLINE,2470.104173367972,29.548756239149306,0
GEO-005273,LWPOLYLINE,2469.9559911983765,29.5487562391493,0
GEO-005274,LWPOLYLINE,2471.374186287081,29.548745473225914,0
GEO-005275,LWPOLYLINE,2463.0979688052557,9.398080529106986,0
GEO-005276,LWPOLYLINE,2464.5373727630467,9.398080529106986,0
GEO-005277,LWPOLYLINE,2465.8284868920073,9.398080529106986,0
GEO-005278,LWPOLYLINE,2466.950317641519,9.398080529106986,0
GEO-005279,LWPOLYLINE,2467.839346063556,9.58856201171875,0
GEO-005280,LWPOLYLINE,2467.839346063556,8.784239874945747,0
GEO-005281,LWPOLYLINE,2412.911863289034,25.99273944430881,0
GEO-005282,LWPOLYLINE,2414.90149205965,25.992760976155605,0
GEO-005283,LWPOLYLINE,2415.83284132655,25.992760976155605,0
GEO-005284,LWPOLYLINE,2418.542204373832,25.992760976155605,0
GEO-005285,LWPOLYLINE,2418.5633486473785,26.67009904649523,0
GEO-005286,LWPOLYLINE,2435.708350800563,27.72843237982856,0
GEO-005287,LWPOLYLINE,2448.323666047145,13.97007751464843,0
GEO-005288,LWPOLYLINE,2472.093845202283,34.33241127861871,0
GEO-005289,LWPOLYLINE,2479.925494643473,34.33241127861871,0
GEO-005290,LWPOLYLINE,2472.6865092851276,37.59208526611328,0
GEO-005291,LWPOLYLINE,2472.6865092851276,34.33242204454211,0
GEO-005292,LWPOLYLINE,2472.6865092851276,31.03040568033854,0
GEO-005293,LWPOLYLINE,2472.6865092851276,27.77074245876737,0
GEO-005294,LWPOLYLINE,2472.6865092851276,18.79607493082682,0
GEO-005295,LWPOLYLINE,2419.515831421901,26.11974504258898,0
GEO-005296,LWPOLYLINE,2419.515831421901,25.6329099867079,0
GEO-005297,LWPOLYLINE,2462.738171645425,33.06240912543403,0
GEO-005298,LWPOLYLINE,2463.1826750905207,33.06240912543402,0
GEO-005299,LWPOLYLINE,2463.627178535616,33.06240912543403,0
GEO-005300,LWPOLYLINE,2464.4950196204145,33.06241989135742,0
GEO-005301,LWPOLYLINE,2464.2833615664867,33.06240912543402,0
GEO-005302,LWPOLYLINE,2466.717515314045,33.06241989135742,0
GEO-005303,LWPOLYLINE,2467.1620187591407,33.401083543565534,0
GEO-005304,LWPOLYLINE,2467.2678693179514,32.723745473225904,0
GEO-005305,LWPOLYLINE,2469.8289963660195,33.06241989135742,0
GEO-005306,LWPOLYLINE,2469.596194038546,33.06241989135742,0
GEO-005307,LWPOLYLINE,2482.613681119438,16.38306545681423,0
GEO-005308,LWPOLYLINE,2249.4839995957973,15.409416876898865,0
GEO-005309,LWPOLYLINE,2250.7751783202975,15.409416876898865,0
GEO-005310,LWPOLYLINE,2250.8810127302236,15.070742458767356,0
GEO-005311,LWPOLYLINE,2252.0875067013058,15.40941687689887,0
GEO-005312,LWPOLYLINE,2253.3786585109983,15.409438408745661,0
GEO-005313,LWPOLYLINE,2253.145829268716,15.40941687689887,0
GEO-005314,LWPOLYLINE,2254.6910030408926,15.409438408745661,0
GEO-005315,LWPOLYLINE,2255.9821709994694,15.409395345052076,0
GEO-005316,LWPOLYLINE,2257.2945101464015,16.0655999077691,0
GEO-005317,LWPOLYLINE,2257.294510146401,15.40941687689887,0
GEO-005318,LWPOLYLINE,2259.8979957200645,15.409395345052076,0
GEO-005319,LWPOLYLINE,2261.1891690616035,15.40941687689887,0
GEO-005320,LWPOLYLINE,2262.5014920596504,15.40941687689887,0
GEO-005321,LWPOLYLINE,2263.792681550075,15.40941687689887,0
GEO-005322,LWPOLYLINE,2265.1050153140454,15.40941687689887,0
GEO-005323,LWPOLYLINE,2264.8933357282704,15.38825107150607,0
GEO-005324,LWPOLYLINE,2266.4173383120915,15.409416876898865,0
GEO-005325,LWPOLYLINE,2266.5231673390554,15.070742458767356,0
GEO-005326,LWPOLYLINE,2252.0875067013058,15.40941687689887,0
GEO-005327,LWPOLYLINE,2261.1891690616035,15.40941687689887,0
GEO-005328,LWPOLYLINE,2262.5014920596504,15.40941687689887,0
GEO-005329,LWPOLYLINE,2289.594821086614,148.88642247517907,0
GEO-005330,LWPOLYLINE,2156.2236741215875,83.42257052967945,0
GEO-005331,LWPOLYLINE,2156.371837450818,83.2109070927898,0
GEO-005332,LWPOLYLINE,2157.387841864847,83.2109070927898,0
GEO-005333,LWPOLYLINE,2158.615504332803,83.2109070927898,0
GEO-005334,LWPOLYLINE,2156.2660030408924,92.48190127919118,0
GEO-005335,LWPOLYLINE,2156.414179827527,92.27023784230153,0
GEO-005336,LWPOLYLINE,2157.43016809267,92.27023784230153,0
GEO-005337,LWPOLYLINE,2158.6578413265497,92.27023784230153,0
GEO-005338,LWPOLYLINE,2179.528170568832,107.69608031378851,0
GEO-005339,SOLID,2122.843839819321,199.96157794528528,0
GEO-005340,SOLID,2122.843839819321,199.2207532246907,0
GEO-005341,SOLID,2122.843839819321,199.96157794528528,0
GEO-005342,SOLID,2122.843839819321,199.2207532246907,0
GEO-005343,LWPOLYLINE,2122.166507131943,199.5805826822916,0
GEO-005344,LWPOLYLINE,2112.472172614358,199.6017484876844,0
GEO-005345,LWPOLYLINE,2104.640504332803,199.58058268229166,0
GEO-005346,LWPOLYLINE,2104.4288382044324,199.6017484876844,0
GEO-005347,LWPOLYLINE,2105.8681721837215,199.58058268229166,0
GEO-005348,LWPOLYLINE,2105.974006593647,199.28425064086912,0
GEO-005349,LWPOLYLINE,2107.0958386888997,199.58058268229166,0
GEO-005350,LWPOLYLINE,2108.323505194077,199.58058268229166,0
GEO-005351,LWPOLYLINE,2123.3730064859874,199.9827545166015,0
GEO-005352,LWPOLYLINE,2125.5108389580473,199.9827545166015,0
GEO-005353,LWPOLYLINE,2127.9238403576173,199.9827545166015,0
GEO-005354,LWPOLYLINE,2130.3368417571874,199.9827545166015,0
GEO-005355,LWPOLYLINE,2132.7498404652765,199.9827545166015,0
GEO-005356,LWPOLYLINE,2135.2051707841515,199.9827545166015,0
GEO-005357,LWPOLYLINE,2137.618172183721,199.9827545166015,0
GEO-005358,LWPOLYLINE,2140.0311735832915,199.9827545166015,0
GEO-005359,LWPOLYLINE,2143.100333790404,199.9827545166015,0
GEO-005360,LWPOLYLINE,2146.1695047634403,199.9827545166015,0
GEO-005361,LWPOLYLINE,2148.58250616301,199.9827545166015,0
GEO-005362,LWPOLYLINE,2150.995504871099,199.9827545166015,0
GEO-005363,LWPOLYLINE,2153.535501103026,199.9827545166015,0
GEO-005364,LWPOLYLINE,2149.810168630966,87.86757268286414,0
GEO-005365,LWPOLYLINE,2149.810168630966,89.03172427723804,0
GEO-005366,LWPOLYLINE,2149.810168630966,90.17473159806595,0
GEO-005367,CIRCLE,2149.810117792825,93.45554985910653,0
GEO-005368,LWPOLYLINE,2149.344499380478,94.64089417368173,0
GEO-005369,LWPOLYLINE,2149.3656759517944,95.1912212627795,0
GEO-005370,LWPOLYLINE,2150.2970036868483,94.64089417368173,0
GEO-005371,LWPOLYLINE,2150.1488376661364,94.6832419333524,0
GEO-005372,CIRCLE,2149.810117792825,84.48089309708938,0
GEO-005373,LWPOLYLINE,2149.8313344363587,84.52323547379837,0
GEO-005374,LWPOLYLINE,2149.767837020181,85.68739783409569,0
GEO-005375,LWPOLYLINE,2149.767837020181,86.25889611154795,0
GEO-005376,LWPOLYLINE,2150.360501103026,85.68739783409569,0
GEO-005377,LWPOLYLINE,2148.5613376661368,83.42257052967945,0
GEO-005378,LWPOLYLINE,2148.709503686848,83.2109070927898,0
GEO-005379,LWPOLYLINE,2149.725502717915,83.2109070927898,0
GEO-005380,LWPOLYLINE,2150.9531705688332,83.21088556094301,0
GEO-005381,LWPOLYLINE,2148.603669276922,92.48190127919118,0
GEO-005382,LWPOLYLINE,2148.751835297633,92.27023784230153,0
GEO-005383,LWPOLYLINE,2149.767839711662,92.27023784230153,0
GEO-005384,LWPOLYLINE,2150.9955021796177,92.27022707637813,0
GEO-005385,LWPOLYLINE,2142.190171860744,87.86757268286414,0
GEO-005386,LWPOLYLINE,2142.190171860744,89.03172427723804,0
GEO-005387,LWPOLYLINE,2142.190171860744,90.17473159806595,0
GEO-005388,CIRCLE,2142.190121253054,93.45554985910653,0
GEO-005389,LWPOLYLINE,2141.724507993217,94.64089417368173,0
GEO-005390,LWPOLYLINE,2141.7456684156477,95.1912212627795,0
GEO-005391,LWPOLYLINE,2142.6770069166246,94.64089417368173,0
GEO-005392,LWPOLYLINE,2142.5288382044328,94.6832419333524,0
GEO-005393,CIRCLE,2142.190121253054,84.48089309708938,0
GEO-005394,LWPOLYLINE,2142.2113376661364,84.52323547379837,0
GEO-005395,LWPOLYLINE,2142.147840249958,85.68739783409569,0
GEO-005396,LWPOLYLINE,2142.1478375584766,86.25889611154795,0
GEO-005397,LWPOLYLINE,2142.740504332803,85.68739783409569,0
GEO-005398,LWPOLYLINE,2140.941335512952,83.42257052967945,0
GEO-005399,LWPOLYLINE,2141.089506916625,83.2109070927898,0
GEO-005400,LWPOLYLINE,2142.147837558477,83.2109070927898,0
GEO-005401,LWPOLYLINE,2143.058004871099,83.2109070927898,0
GEO-005402,LWPOLYLINE,2140.983672506699,92.48190127919118,0
GEO-005403,LWPOLYLINE,2141.13183852741,92.27023784230153,0
GEO-005404,LWPOLYLINE,2142.147837558477,92.27023784230153,0
GEO-005405,LWPOLYLINE,2143.1003391733657,92.27023784230153,0
GEO-005406,LWPOLYLINE,2165.134841541869,87.86757268286414,0
GEO-005407,LWPOLYLINE,2165.134841541869,89.03172427723804,0
GEO-005408,LWPOLYLINE,2165.134841541869,90.17473159806595,0
GEO-005409,CIRCLE,2165.134796086689,93.45554985910653,0
GEO-005410,LWPOLYLINE,2164.669172291381,94.64089417368173,0
GEO-005411,LWPOLYLINE,2164.690332713812,95.1912212627795,0
GEO-005412,LWPOLYLINE,2165.6216685233067,94.64089417368173,0
GEO-005413,LWPOLYLINE,2165.4735025025957,94.6832419333524,0
GEO-005414,CIRCLE,2165.134796086689,84.48089309708938,0
GEO-005415,LWPOLYLINE,2165.1560019643002,84.52323547379837,0
GEO-005416,LWPOLYLINE,2165.092504548121,85.68739783409569,0
GEO-005417,LWPOLYLINE,2165.0925045481217,86.25889611154795,0
GEO-005418,LWPOLYLINE,2165.685168630966,85.68739783409569,0
GEO-005419,LWPOLYLINE,2163.907168307989,83.42257052967945,0
GEO-005420,LWPOLYLINE,2164.034171214788,83.2109070927898,0
GEO-005421,LWPOLYLINE,2165.0925072396026,83.2109070927898,0
GEO-005422,LWPOLYLINE,2166.3201697075583,83.42257052967945,0
GEO-005423,LWPOLYLINE,2166.489501533663,83.2109070927898,0
GEO-005424,LWPOLYLINE,2163.9283368048627,92.48190127919118,0
GEO-005425,LWPOLYLINE,2164.076508208536,92.27023784230153,0
GEO-005426,LWPOLYLINE,2165.1348280844645,92.27023784230153,0
GEO-005427,LWPOLYLINE,2166.3625067013063,92.48190127919118,0
GEO-005428,LWPOLYLINE,2166.489501533663,92.27023784230153,0
GEO-005429,LWPOLYLINE,2172.881833144449,87.86757268286414,0
GEO-005430,LWPOLYLINE,2172.881833144449,89.03172427723804,0
GEO-005431,LWPOLYLINE,2172.881833144449,90.17473159806595,0
GEO-005432,CIRCLE,2172.839451470238,93.45554985910653,0
GEO-005433,LWPOLYLINE,2172.416174659884,94.64089417368173,0
GEO-005434,LWPOLYLINE,2172.437340465277,95.1912212627795,0
GEO-005435,LWPOLYLINE,2173.3686735832916,94.64089417368173,0
GEO-005436,LWPOLYLINE,2173.2205021796185,94.6832419333524,0
GEO-005437,CIRCLE,2172.839451470238,84.48089309708938,0
GEO-005438,LWPOLYLINE,2172.9030097157647,84.52323547379837,0
GEO-005439,LWPOLYLINE,2172.839501533663,85.68739783409569,0
GEO-005440,LWPOLYLINE,2172.839501533663,86.25889611154795,0
GEO-005441,LWPOLYLINE,2173.432165616508,85.68739783409569,0
GEO-005442,LWPOLYLINE,2171.63300756258,83.42257052967945,0
GEO-005443,LWPOLYLINE,2171.781168200329,83.2109070927898,0
GEO-005444,LWPOLYLINE,2172.797175305839,83.2109070927898,0
GEO-005445,LWPOLYLINE,2174.024835082315,83.2109070927898,0
GEO-005446,LWPOLYLINE,2171.675344556327,92.48190127919118,0
GEO-005447,LWPOLYLINE,2171.823499811115,92.27023784230153,0
GEO-005448,LWPOLYLINE,2172.839506916625,92.27023784230153,0
GEO-005449,LWPOLYLINE,2174.0671666931003,92.27023784230153,0
GEO-005450,LWPOLYLINE,2157.5148366972035,97.66773353593217,0
GEO-005451,LWPOLYLINE,2149.810168630966,97.66772277000877,0
GEO-005452,LWPOLYLINE,2165.1560019643002,97.66772277000877,0
GEO-005453,LWPOLYLINE,2172.839501533663,97.66772277000877,0
GEO-005454,LWPOLYLINE,2168.013501426003,142.4094168768988,0
GEO-005455,LWPOLYLINE,2172.0563344363595,194.5640930175781,0
GEO-005456,LWPOLYLINE,2281.255173475632,274.7010835435655,0
GEO-005457,CIRCLE,2208.945102854159,247.9802923761963,0
GEO-005458,LWPOLYLINE,2208.415986360038,249.08093578846845,0
GEO-005459,LWPOLYLINE,2209.5166405382342,249.08093578846845,0
GEO-005460,LWPOLYLINE,2221.147931435279,228.70218082196115,0
GEO-005461,LWPOLYLINE,2218.819595948761,244.61952319867015,0
GEO-005462,LWPOLYLINE,2218.819595948761,243.4553608383728,0
GEO-005463,LWPOLYLINE,2218.819595948761,242.31235351754495,0
GEO-005464,CIRCLE,2218.777224958178,238.9680163084792,0
GEO-005465,LWPOLYLINE,2218.184589489207,240.17453181140883,0
GEO-005466,LWPOLYLINE,2219.327618341882,240.17453181140883,0
GEO-005467,LWPOLYLINE,2219.306441770566,240.7036984780755,0
GEO-005468,CIRCLE,2218.777224931353,247.8580206148485,0
GEO-005469,LWPOLYLINE,2218.777264337976,247.90036299155759,0
GEO-005470,LWPOLYLINE,2218.819595948761,234.79819115724763,0
GEO-005471,LWPOLYLINE,2218.777264337976,228.72335739327735,0
GEO-005472,LWPOLYLINE,2233.02243272719,237.50753267268277,0
GEO-005473,LWPOLYLINE,2233.0012669217967,235.51786083837285,0
GEO-005474,SOLID,2237.4251140355127,234.71352793567644,0
GEO-005475,SOLID,2237.4251140355127,234.0996980474386,0
GEO-005476,LWPOLYLINE,2236.578438756107,234.3536984780755,0
GEO-005477,LWPOLYLINE,2233.043598532583,229.95102793567645,0
GEO-005478,LWPOLYLINE,2231.688933157827,235.28502621312867,0
GEO-005479,CIRCLE,2228.302224931353,237.867372896207,0
GEO-005480,LWPOLYLINE,2233.0224219612664,236.04702750503955,0
GEO-005481,LWPOLYLINE,2233.02243272719,236.76669718616472,0
GEO-005482,LWPOLYLINE,2227.0957811328162,239.13736428346834,0
GEO-005483,LWPOLYLINE,2228.196424545088,239.13734275162153,0
GEO-005484,LWPOLYLINE,2229.318266060523,239.13736428346834,0
GEO-005485,LWPOLYLINE,2220.6399305740056,229.0196894346999,0
GEO-005486,LWPOLYLINE,2220.0472664911604,229.0196894346999,0
GEO-005487,LWPOLYLINE,2220.343598532583,228.8080206148485,0
GEO-005488,LWPOLYLINE,2220.343598532583,230.39552061484855,0
GEO-005489,LWPOLYLINE,2218.7984301433685,230.7130292275873,0
GEO-005490,LWPOLYLINE,2218.7984301433685,232.91435911582516,0
GEO-005491,LWPOLYLINE,2218.7984301433685,231.83485997709897,0
GEO-005492,LWPOLYLINE,2218.777264337976,247.9003522256341,0
GEO-005493,LWPOLYLINE,2218.4174348803745,249.21269675552782,0
GEO-005494,LWPOLYLINE,2219.454591642392,249.8053608383728,0
GEO-005495,LWPOLYLINE,2219.454613174238,249.21269675552782,0
GEO-005496,LWPOLYLINE,2219.454591642392,248.6200326726828,0
GEO-005497,LWPOLYLINE,2203.330414158541,224.74391662374245,0
GEO-005498,SOLID,2208.8246846425727,259.8413719106137,0
GEO-005499,SOLID,2208.8246846425727,259.2487078277687,0
GEO-005500,SOLID,2243.3444489062167,227.60151587784225,0
GEO-005501,SOLID,2243.3444489062167,227.00885179499716,0
GEO-005502,SOLID,2201.484101547041,227.60151587784225,0
GEO-005503,SOLID,2201.484101547041,227.0088517949972,0
GEO-005504,LWPOLYLINE,2220.343598532583,231.70785437881887,0
GEO-005505,LWPOLYLINE,2185.5395069166243,194.5640930175781,0
GEO-005506,LWPOLYLINE,2257.5684514900386,227.3263496418125,0
GEO-005507,LWPOLYLINE,2345.051513591497,227.3051838364197,0
GEO-005508,LWPOLYLINE,2293.4635600928655,86.36008182101779,0
GEO-005509,LWPOLYLINE,2295.8342271901693,86.36008182101779,0
GEO-005510,LWPOLYLINE,2295.43898613684,86.36008182101779,0
GEO-005511,LWPOLYLINE,2288.3424461185077,86.36008182101779,0
GEO-005512,LWPOLYLINE,2288.21545128615,87.50308914184569,0
GEO-005513,LWPOLYLINE,2288.2154620520732,88.05343237982855,0
GEO-005514,LWPOLYLINE,2289.146811318974,87.50308914184569,0
GEO-005515,LWPOLYLINE,2289.019805720694,87.5454099867079,0
GEO-005516,CIRCLE,2298.777498296757,86.31777174207897,0
GEO-005517,LWPOLYLINE,2298.798724924811,86.36007105509438,0
GEO-005518,LWPOLYLINE,2298.777559119417,87.50309990776908,0
GEO-005519,LWPOLYLINE,2298.756393314025,88.05343237982855,0
GEO-005520,LWPOLYLINE,2299.327891591477,87.50309990776908,0
GEO-005521,LWPOLYLINE,2225.671515744682,44.111444007025824,0
GEO-005522,LWPOLYLINE,2225.671515744682,37.48626700507269,0
GEO-005523,LWPOLYLINE,2225.6715049787585,35.66592161390516,0
GEO-005524,LWPOLYLINE,2218.6018299146717,66.4634280734592,0
GEO-005525,LWPOLYLINE,2217.204838312092,59.92291429307726,0
GEO-005526,LWPOLYLINE,2206.9601740139287,45.5084086947971,0
GEO-005527,LWPOLYLINE,2216.6756716454247,53.022592586941194,0
GEO-005528,LWPOLYLINE,2219.406168200329,47.857920752631294,0
GEO-005529,LWPOLYLINE,2219.406168200329,42.75675710042317,0
GEO-005530,LWPOLYLINE,2219.406168200329,37.655582682291666,0
GEO-005531,LWPOLYLINE,2216.6968374508174,32.49092161390517,0
GEO-005532,LWPOLYLINE,2212.0825088544907,29.25241343180339,0
GEO-005533,LWPOLYLINE,2206.981339819321,29.25241343180339,0
GEO-005534,LWPOLYLINE,2201.8801707841512,29.25241343180339,0
GEO-005535,LWPOLYLINE,2197.2446709994692,32.49092161390517,0
GEO-005536,LWPOLYLINE,2194.514179827527,37.655582682291666,0
GEO-005537,LWPOLYLINE,2194.514179827527,42.75675710042317,0
GEO-005538,LWPOLYLINE,2194.514179827527,47.857920752631294,0
GEO-005539,LWPOLYLINE,2197.2235105770387,53.022592586941194,0
GEO-005540,LWPOLYLINE,2201.880176167113,56.30343237982856,0
GEO-005541,LWPOLYLINE,2206.9813452022827,56.30343237982856,0
GEO-005542,LWPOLYLINE,2212.0825088544907,56.30343237982856,0
GEO-005543,LWPOLYLINE,2207.0025110076754,32.08876054551866,0
GEO-005544,SOLID,2208.060838958047,59.097415584988056,0
GEO-005545,SOLID,2208.060838958047,58.31423772176107,0
GEO-005546,LWPOLYLINE,2222.8986714301072,69.06691903008355,0
GEO-005547,LWPOLYLINE,2249.251170353514,83.52848676712739,0
GEO-005548,LWPOLYLINE,2246.190528907214,103.10002052799175,0
GEO-005549,SOLID,2280.314727565664,94.59326727378242,0
GEO-005550,SOLID,2280.314727565664,93.83126598187161,0
GEO-005551,LWPOLYLINE,2243.2609998111157,59.13973642985026,0
GEO-005552,LWPOLYLINE,2259.1783368048627,45.46608784993489,0
GEO-005553,LWPOLYLINE,2259.9826643245974,59.13973642985026,0
GEO-005554,LWPOLYLINE,2321.916351661837,45.46608784993489,0
GEO-005555,LWPOLYLINE,2381.1406759517945,45.46608784993489,0
GEO-005556,LWPOLYLINE,2323.673167339056,58.71639879014757,0
GEO-005557,LWPOLYLINE,2382.8975239267834,58.71639879014757,0
GEO-005558,LWPOLYLINE,2247.9388419725055,58.27190611097548,0
GEO-005559,LWPOLYLINE,2251.4948372354993,58.27190611097548,0
GEO-005560,LWPOLYLINE,2227.319444620912,129.2437583923339,0
GEO-005561,SOLID,2258.3105011030257,45.74124332004123,0
GEO-005562,SOLID,2258.3105011030257,45.16975580851236,0
GEO-005563,SOLID,2383.299674229246,45.74124332004123,0
GEO-005564,SOLID,2383.299674229246,45.16975580851236,0
GEO-005565,SOLID,2282.3981673390554,58.44124332004123,0
GEO-005566,SOLID,2282.3981673390554,59.033907402886285,0
GEO-005567,LWPOLYLINE,2183.867338312092,137.56225903828937,0
GEO-005568,SOLID,2405.8210278025163,275.12442118326817,0
GEO-005569,SOLID,2405.8210278025163,274.3835856967502,0
GEO-005570,SOLID,2405.8210278025163,275.12442118326817,0
GEO-005571,SOLID,2405.8210278025163,274.3835856967502,0
GEO-005572,LWPOLYLINE,2405.164855537569,274.7645917256673,0
GEO-005573,LWPOLYLINE,2395.3858658728554,274.7857575310602,0
GEO-005574,LWPOLYLINE,2405.8210278025163,274.7434151543511,0
GEO-005575,SOLID,2383.4266905934505,275.01858139038086,0
GEO-005576,SOLID,2383.4266905934505,274.42591730753577,0
GEO-005577,LWPOLYLINE,2393.0786854258076,274.72224934895837,0
GEO-005578,LWPOLYLINE,2394.4968266848946,274.72224934895837,0
GEO-005579,LWPOLYLINE,2394.2851578650434,274.7010835435655,0
GEO-005580,LWPOLYLINE,2395.7245079932172,274.72224934895837,0
GEO-005581,LWPOLYLINE,2396.95218930154,275.3360792371962,0
GEO-005582,LWPOLYLINE,2396.952200067463,274.72224934895837,0
GEO-005583,LWPOLYLINE,2387.088482585638,274.76458095974397,0
GEO-005584,LWPOLYLINE,2385.7338279768046,273.2194233364529,0
GEO-005585,LWPOLYLINE,2385.7338710404993,274.3624198913574,0
GEO-005586,LWPOLYLINE,2385.7338495086524,275.42076399061415,0
GEO-005587,LWPOLYLINE,2385.7338279768046,276.5214181688097,0
GEO-005588,SOLID,2380.8443331444487,262.1704099867079,0
GEO-005589,SOLID,2380.8443331444487,261.069745042589,0
GEO-005590,SOLID,2378.579495074109,262.1704099867079,0
GEO-005591,SOLID,2378.579495074109,261.069745042589,0
GEO-005592,LWPOLYLINE,2369.753020481688,261.6200775146485,0
GEO-005593,LWPOLYLINE,2372.441185425807,261.6200775146485,0
GEO-005594,LWPOLYLINE,2375.5950196204144,261.6200775146485,0
GEO-005595,LWPOLYLINE,2378.8123512312,261.6200775146485,0
GEO-005596,LWPOLYLINE,2382.008517036593,261.6200775146485,0
GEO-005597,LWPOLYLINE,2385.1623512312,261.6200775146485,0
GEO-005598,LWPOLYLINE,2387.871681980711,261.6200775146485,0
GEO-005599,LWPOLYLINE,2379.722523926784,271.5260727776421,0
GEO-005600,LWPOLYLINE,2379.722523926784,265.17607277764216,0
GEO-005601,LWPOLYLINE,2379.722523926784,258.7837411668566,0
GEO-005602,LWPOLYLINE,2368.2078305606274,264.2235900031196,0
GEO-005603,LWPOLYLINE,2369.8165071319436,264.2235900031196,0
GEO-005604,LWPOLYLINE,2369.541340895914,264.2024134318034,0
GEO-005605,LWPOLYLINE,2371.446371040499,264.2235900031196,0
GEO-005606,LWPOLYLINE,2373.055015314045,264.2235900031196,0
GEO-005607,LWPOLYLINE,2373.2031759517945,263.8002523634169,0
GEO-005608,LWPOLYLINE,2374.684825392984,264.2235900031196,0
GEO-005609,LWPOLYLINE,2374.409659156954,264.2024134318034,0
GEO-005610,LWPOLYLINE,2376.293491198376,264.2235900031196,0
GEO-005611,LWPOLYLINE,2376.293491198376,264.2235900031196,0
GEO-005612,LWPOLYLINE,2382.897502394937,265.13375193278,0
GEO-005613,LWPOLYLINE,2382.897502394937,264.3082532246908,0
GEO-005614,LWPOLYLINE,2383.95583572827,264.3082532246908,0
GEO-005615,LWPOLYLINE,2384.4850023949366,264.3294082641602,0
GEO-005616,LWPOLYLINE,2385.014169061603,264.3082532246908,0
GEO-005617,LWPOLYLINE,2386.114844771646,264.3082532246908,0
GEO-005618,LWPOLYLINE,2385.8396893015397,264.3294297960069,0
GEO-005619,LWPOLYLINE,2387.7446871483553,264.3082532246908,0
GEO-005620,LWPOLYLINE,2387.8716819807123,263.9060921563042,0
GEO-005621,LWPOLYLINE,2389.332165616508,264.3082532246908,0
GEO-005622,LWPOLYLINE,2391.004350369926,264.3082532246908,0
GEO-005623,LWPOLYLINE,2391.004350369926,264.0330869886611,0
GEO-005624,LWPOLYLINE,2392.613016175319,264.3082532246908,0
GEO-005625,LWPOLYLINE,2392.613016175319,264.3082532246908,0
GEO-005626,LWPOLYLINE,2379.722523926784,281.2627523634169,0
GEO-005627,LWPOLYLINE,2379.722523926784,274.91275236341687,0
GEO-005628,LWPOLYLINE,2379.722523926784,268.5204207526313,0
GEO-005629,LWPOLYLINE,2110.694156142496,199.55941687689887,0
GEO-005630,LWPOLYLINE,2111.540852953748,199.55941687689887,0
GEO-005631,LWPOLYLINE,2111.1175045481223,199.6017484876844,0
GEO-005632,LWPOLYLINE,2112.408672506699,199.55941687689887,0
GEO-005633,LWPOLYLINE,2112.239337989114,199.6017484876844,0
GEO-005634,LWPOLYLINE,2112.408672506699,198.9244211832682,0
GEO-005635,LWPOLYLINE,2113.445835997418,199.4747536553276,0
GEO-005636,LWPOLYLINE,2114.6735038483366,199.55941687689887,0
GEO-005637,LWPOLYLINE,2115.858840088469,199.55941687689887,0
GEO-005638,LWPOLYLINE,2117.0864998649445,199.55941687689887,0
GEO-005639,SOLID,2122.843839819321,278.9132510715061,0
GEO-005640,SOLID,2122.843839819321,278.17241558498813,0
GEO-005641,SOLID,2122.843839819321,278.9132510715061,0
GEO-005642,SOLID,2122.843839819321,278.17241558498813,0
GEO-005643,LWPOLYLINE,2122.166507131943,278.5322558085124,0
GEO-005644,LWPOLYLINE,2112.472172614358,278.55342161390524,0
GEO-005645,LWPOLYLINE,2104.640504332803,278.53225580851233,0
GEO-005646,LWPOLYLINE,2104.4288382044324,278.5534108479818,0
GEO-005647,LWPOLYLINE,2105.8681721837215,278.53225580851233,0
GEO-005648,LWPOLYLINE,2105.974006593647,278.23591300116647,0
GEO-005649,LWPOLYLINE,2107.0958386888997,278.53225580851233,0
GEO-005650,LWPOLYLINE,2108.323505194077,278.53225580851233,0
GEO-005651,LWPOLYLINE,2111.1175058938616,278.5110792371962,0
GEO-005652,LWPOLYLINE,2111.964171753085,278.51109000311953,0
GEO-005653,LWPOLYLINE,2112.874340411447,278.51109000311953,0
GEO-005654,LWPOLYLINE,2115.1391744445655,278.426416015625,0
GEO-005655,LWPOLYLINE,2124.1773393886842,278.5534108479818,0
GEO-005656,LWPOLYLINE,2126.4845036868473,278.5534108479818,0
GEO-005657,LWPOLYLINE,2128.8975077778987,278.5534108479818,0
GEO-005658,LWPOLYLINE,2131.310506485988,278.5534108479818,0
GEO-005659,LWPOLYLINE,2133.723505194077,278.5534108479818,0
GEO-005660,LWPOLYLINE,2136.136506593647,278.5534108479818,0
GEO-005661,LWPOLYLINE,2138.549507993217,278.5534108479818,0
GEO-005662,LWPOLYLINE,2141.0048383120916,278.5534108479818,0
GEO-005663,LWPOLYLINE,2143.4178370201807,278.5534108479818,0
GEO-005664,LWPOLYLINE,2145.8308384197508,278.5534108479818,0
GEO-005665,LWPOLYLINE,2148.243839819321,278.5534108479818,0
GEO-005666,LWPOLYLINE,2150.65683852741,278.5534108479818,0
GEO-005667,LWPOLYLINE,2153.0698372354996,278.5534108479818,0
GEO-005668,LWPOLYLINE,2155.5040044404623,278.5534108479818,0
GEO-005669,LWPOLYLINE,2157.938174336906,278.5534108479818,0
GEO-005670,LWPOLYLINE,2160.351170353514,278.5534108479818,0
GEO-005671,LWPOLYLINE,2162.764171753084,278.5534108479818,0
GEO-005672,LWPOLYLINE,2165.177170461173,278.5534108479818,0
GEO-005673,LWPOLYLINE,2167.590174552224,278.5534108479818,0
GEO-005674,LWPOLYLINE,2170.024339065706,278.5534108479818,0
GEO-005675,LWPOLYLINE,2172.458506270669,278.5534108479818,0
GEO-005676,LWPOLYLINE,2174.87151036172,278.5534108479818,0
GEO-005677,LWPOLYLINE,2177.2845036868475,278.5534108479818,0
GEO-005678,LWPOLYLINE,2179.697507777899,278.5534108479818,0
GEO-005679,LWPOLYLINE,2182.1105011030254,278.5534108479818,0
GEO-005680,LWPOLYLINE,2184.5446763824316,278.5534108479818,0
GEO-005681,LWPOLYLINE,2186.9788408959134,278.5534108479818,0
GEO-005682,LWPOLYLINE,2189.3918396040026,278.5534108479818,0
GEO-005683,LWPOLYLINE,2191.804838312092,278.5534108479818,0
GEO-005684,LWPOLYLINE,2194.217842403143,278.5534108479818,0
GEO-005685,LWPOLYLINE,2196.63083572827,278.5534108479818,0
GEO-005686,LWPOLYLINE,2199.065005624714,278.5534108479818,0
GEO-005687,LWPOLYLINE,2201.4991755211577,278.5534108479818,0
GEO-005688,LWPOLYLINE,2203.9121634633234,278.5534108479818,0
GEO-005689,LWPOLYLINE,2206.3251729373364,278.5534108479818,0
GEO-005690,LWPOLYLINE,2208.7381716454256,278.5534108479818,0
GEO-005691,LWPOLYLINE,2211.151175736476,278.5534108479818,0
GEO-005692,LWPOLYLINE,2213.5641690616035,278.5534108479818,0
GEO-005693,LWPOLYLINE,2216.0195047634397,278.5534108479818,0
GEO-005694,LWPOLYLINE,2218.4325088544906,278.5534108479818,0
GEO-005695,LWPOLYLINE,2220.8454967966572,278.5534108479818,0
GEO-005696,LWPOLYLINE,2223.258506270669,278.5534108479818,0
GEO-005697,LWPOLYLINE,2225.6715049787585,278.5534108479818,0
GEO-005698,LWPOLYLINE,2228.084509069809,278.5534108479818,0
GEO-005699,LWPOLYLINE,2230.539839388684,278.5534108479818,0
GEO-005700,LWPOLYLINE,2232.952838096773,278.5534108479818,0
GEO-005701,LWPOLYLINE,2235.3658421878245,278.5534108479818,0
GEO-005702,LWPOLYLINE,2237.7788301299897,278.5534108479818,0
GEO-005703,LWPOLYLINE,2240.191839604003,278.5534108479818,0
GEO-005704,LWPOLYLINE,2242.6048383120915,278.5534108479818,0
GEO-005705,LWPOLYLINE,2245.0390028255733,278.5534108479818,0
GEO-005706,LWPOLYLINE,2247.473172722017,278.5534108479818,0
GEO-005707,LWPOLYLINE,2249.8861714301065,278.5534108479818,0
GEO-005708,LWPOLYLINE,2252.2991755211574,278.5534108479818,0
GEO-005709,LWPOLYLINE,2254.7121634633236,278.5534108479818,0
GEO-005710,LWPOLYLINE,2257.1251729373353,278.5534108479818,0
GEO-005711,LWPOLYLINE,2259.559342833779,278.5534108479818,0
GEO-005712,LWPOLYLINE,2261.9935019642994,278.5534108479818,0
GEO-005713,LWPOLYLINE,2264.4065114383125,278.5534108479818,0
GEO-005714,LWPOLYLINE,2266.819499380478,278.5534108479818,0
GEO-005715,LWPOLYLINE,2269.2325088544912,278.5534108479818,0
GEO-005716,LWPOLYLINE,2271.6454967966565,278.5534108479818,0
GEO-005717,LWPOLYLINE,2274.079672076062,278.5534108479818,0
GEO-005718,LWPOLYLINE,2276.5138473554675,278.5534108479818,0
GEO-005719,LWPOLYLINE,2278.9268352976333,278.5534108479818,0
GEO-005720,LWPOLYLINE,2281.3398447716454,278.5534108479818,0
GEO-005721,LWPOLYLINE,2283.7528327138116,278.5534108479818,0
GEO-005722,LWPOLYLINE,2286.1658421878246,278.5534108479818,0
GEO-005723,LWPOLYLINE,2288.599995935383,278.5534108479818,0
GEO-005724,LWPOLYLINE,2291.0341712147874,278.5534108479818,0
GEO-005725,LWPOLYLINE,2293.4471806888005,278.5534108479818,0
GEO-005726,LWPOLYLINE,2295.8601686309667,278.5534108479818,0
GEO-005727,LWPOLYLINE,2298.2731781049797,278.5534108479818,0
GEO-005728,LWPOLYLINE,2300.6861660471454,278.5534108479818,0
GEO-005729,LWPOLYLINE,2303.0991755211576,278.5534108479818,0
GEO-005730,LWPOLYLINE,2305.554505840032,278.5534108479818,0
GEO-005731,LWPOLYLINE,2307.9675045481217,278.5534108479818,0
GEO-005732,LWPOLYLINE,2310.380514022134,278.5534108479818,0
GEO-005733,LWPOLYLINE,2312.793512730223,278.5534108479818,0
GEO-005734,LWPOLYLINE,2315.206511438312,278.5534108479818,0
GEO-005735,LWPOLYLINE,2317.6194993804784,278.5534108479818,0
GEO-005736,LWPOLYLINE,2320.0748512312002,278.5534108479818,0
GEO-005737,LWPOLYLINE,2322.4878391733655,278.5534108479818,0
GEO-005738,LWPOLYLINE,2324.900837881454,278.5534108479818,0
GEO-005739,LWPOLYLINE,2327.3138473554673,278.5534108479818,0
GEO-005740,LWPOLYLINE,2329.7268460635564,278.5534108479818,0
GEO-005741,LWPOLYLINE,2332.139844771646,278.5534108479818,0
GEO-005742,LWPOLYLINE,2334.5739985192045,278.5534108479818,0
GEO-005743,LWPOLYLINE,2336.881178966253,277.5162433200412,0
GEO-005744,LWPOLYLINE,2337.558517036593,272.11875839233403,0
GEO-005745,LWPOLYLINE,2337.516185425807,269.7269254896376,0
GEO-005746,LWPOLYLINE,2337.516185425807,267.2927609761556,0
GEO-005747,LWPOLYLINE,2337.516185425807,264.879751502143,0
GEO-005748,LWPOLYLINE,2337.516185425807,262.4667635599772,0
GEO-005749,LWPOLYLINE,2337.516185425807,260.05375408596467,0
GEO-005750,LWPOLYLINE,2337.516185425807,257.6407661437988,0
GEO-005751,LWPOLYLINE,2337.516185425807,254.59275021023217,0
GEO-005752,LWPOLYLINE,2337.516185425807,251.54475580851235,0
GEO-005753,LWPOLYLINE,2337.516185425807,249.13175710042321,0
GEO-005754,LWPOLYLINE,2337.516185425807,246.718758392334,0
GEO-005755,LWPOLYLINE,2337.516185425807,244.3057489183214,0
GEO-005756,LWPOLYLINE,2337.516185425807,241.8927609761556,0
GEO-005757,LWPOLYLINE,2337.516185425807,239.43741989135742,0
GEO-005758,LWPOLYLINE,2337.516185425807,237.0244211832682,0
GEO-005759,LWPOLYLINE,2337.516185425807,234.61142247517898,0
GEO-005760,LWPOLYLINE,2337.516185425807,232.19842376708982,0
GEO-005761,LWPOLYLINE,2337.516185425807,229.7854250590006,0
GEO-005762,LWPOLYLINE,2337.516185425807,223.74094246198501,0
GEO-005763,LWPOLYLINE,2337.516185425807,218.0167527940538,0
GEO-005764,LWPOLYLINE,2337.516185425807,215.60375408596462,0
GEO-005765,LWPOLYLINE,2337.516185425807,213.1695895724826,0
GEO-005766,LWPOLYLINE,2337.516185425807,210.7354250590006,0
GEO-005767,LWPOLYLINE,2337.516185425807,208.3224155849881,0
GEO-005768,LWPOLYLINE,2337.516185425807,205.90942764282227,0
GEO-005769,LWPOLYLINE,2337.516185425807,203.49641816880967,0
GEO-005770,LWPOLYLINE,2337.516185425807,201.08343022664388,0
GEO-005771,LWPOLYLINE,2337.516185425807,198.64925494723843,0
GEO-005772,LWPOLYLINE,2337.516185425807,196.2150904337565,0
GEO-005773,LWPOLYLINE,2337.516185425807,193.8020917256673,0
GEO-005774,LWPOLYLINE,2337.473853815021,191.3890930175781,0
GEO-005775,LWPOLYLINE,2337.473853815021,188.9760943094889,0
GEO-005776,LWPOLYLINE,2337.473832283174,186.33025021023215,0
GEO-005777,LWPOLYLINE,2337.473832283174,183.6844276428222,0
GEO-005778,LWPOLYLINE,2337.473832283174,181.25025774637857,0
GEO-005779,LWPOLYLINE,2337.473832283174,178.81609861585832,0
GEO-005780,LWPOLYLINE,2337.473832283174,176.40308914184573,0
GEO-005781,LWPOLYLINE,2337.473832283174,173.9900904337565,0
GEO-005782,LWPOLYLINE,2337.473832283174,171.5770917256673,0
GEO-005783,LWPOLYLINE,2337.473832283174,169.16409301757812,0
GEO-005784,LWPOLYLINE,2337.473832283174,166.7510943094889,0
GEO-005785,LWPOLYLINE,2337.473832283174,164.2957639906141,0
GEO-005786,LWPOLYLINE,2337.473832283174,161.8827652825249,0
GEO-005787,LWPOLYLINE,2337.473832283174,159.46975580851228,0
GEO-005788,LWPOLYLINE,2337.473832283174,157.0567678663465,0
GEO-005789,LWPOLYLINE,2337.473832283174,154.6437583923339,0
GEO-005790,LWPOLYLINE,2337.473832283174,152.23075968424473,0
GEO-005791,LWPOLYLINE,2337.473832283174,149.7965951707628,0
GEO-005792,LWPOLYLINE,2337.473832283174,147.3624252743191,0
GEO-005793,LWPOLYLINE,2337.473832283174,144.9494319491916,0
GEO-005794,LWPOLYLINE,2337.473832283174,142.536422475179,0
GEO-005795,LWPOLYLINE,2337.473832283174,140.1234291500515,0
GEO-005796,LWPOLYLINE,2337.473832283174,137.7104250590006,0
GEO-005797,LWPOLYLINE,2337.473832283174,135.27625516255694,0
GEO-005798,LWPOLYLINE,2337.473832283174,132.84209603203664,0
GEO-005799,LWPOLYLINE,2337.473832283174,130.42909194098576,0
GEO-005800,LWPOLYLINE,2337.473832283174,128.01609861585825,0
GEO-005801,LWPOLYLINE,2337.473832283174,125.6030891418457,0
GEO-005802,LWPOLYLINE,2337.473832283174,123.1900958167182,0
GEO-005803,LWPOLYLINE,2337.473832283174,120.7770917256673,0
GEO-005804,LWPOLYLINE,2337.473832283174,118.3217560238308,0
GEO-005805,LWPOLYLINE,2337.473832283174,115.9087626987033,0
GEO-005806,LWPOLYLINE,2337.431500672389,113.49576399061411,0
GEO-005807,LWPOLYLINE,2337.431500672389,111.0827652825249,0
GEO-005808,LWPOLYLINE,2337.431500672389,108.6697665744357,0
GEO-005809,LWPOLYLINE,2337.431500672389,106.2567571004231,0
GEO-005810,LWPOLYLINE,2337.431500672389,103.82259258694114,0
GEO-005811,LWPOLYLINE,2337.431500672389,101.38842807345915,0
GEO-005812,LWPOLYLINE,2337.431500672389,98.97542936536999,0
GEO-005813,LWPOLYLINE,2337.431500672389,96.56243065728081,0
GEO-005814,LWPOLYLINE,2337.431522204236,94.50925064086913,0
GEO-005815,LWPOLYLINE,2322.466673367973,79.205738152398,0
GEO-005816,LWPOLYLINE,2332.2245079932172,79.205738152398,0
GEO-005817,LWPOLYLINE,2346.5543288380786,79.205738152398,0
GEO-005818,LWPOLYLINE,2337.4103456329203,81.83040568033852,0
GEO-005819,LWPOLYLINE,2337.410334866996,79.22691472371419,0
GEO-005820,LWPOLYLINE,2337.452677243705,80.26407148573134,0
GEO-005821,LWPOLYLINE,2338.595663032686,80.41226442125108,0
GEO-005822,CIRCLE,2341.876298364765,82.55008612738715,0
GEO-005823,LWPOLYLINE,2340.500682411349,83.58726442125106,0
GEO-005824,LWPOLYLINE,2341.685999811116,83.58725365532769,0
GEO-005825,LWPOLYLINE,2343.125328407442,83.58726442125106,0
GEO-005826,LWPOLYLINE,2341.897668630966,79.205738152398,0
GEO-005827,LWPOLYLINE,2342.8290071319434,79.205738152398,0
GEO-005828,LWPOLYLINE,2343.760334866996,79.205738152398,0
GEO-005829,LWPOLYLINE,2344.7128284074424,79.205738152398,0
GEO-005830,CIRCLE,2337.431461265767,91.14374762641057,0
GEO-005831,LWPOLYLINE,2337.431522204236,85.28057191636825,0
GEO-005832,LWPOLYLINE,2342.278696191731,91.14374762641057,0
GEO-005833,LWPOLYLINE,2341.6225239267833,91.18606847127276,0
GEO-005834,LWPOLYLINE,2341.918855968206,91.18606847127276,0
GEO-005835,LWPOLYLINE,2337.410356398843,83.52374547322592,0
GEO-005836,LWPOLYLINE,2337.410356398843,83.82006674872503,0
GEO-005837,LWPOLYLINE,2337.410356398843,86.14840223524304,0
GEO-005838,LWPOLYLINE,2337.410356398843,86.40240266587998,0
GEO-005839,LWPOLYLINE,2344.0989985192045,92.07509689331053,0
GEO-005840,LWPOLYLINE,2344.0989985192045,91.90573815239799,0
GEO-005841,LWPOLYLINE,2344.882165616508,91.58825107150605,0
GEO-005842,LWPOLYLINE,2345.6865092851276,92.07508612738714,0
GEO-005843,LWPOLYLINE,2346.490831421901,91.58825107150605,0
GEO-005844,LWPOLYLINE,2336.5636595875912,92.11740697224934,0
GEO-005845,LWPOLYLINE,2337.579672076062,92.11740697224934,0
GEO-005846,LWPOLYLINE,2337.9606673390563,92.41374977959526,0
GEO-005847,LWPOLYLINE,2340.669998088568,81.30124977959525,0
GEO-005848,LWPOLYLINE,2341.7918396040022,81.30123901367188,0
GEO-005849,LWPOLYLINE,2342.617338312092,81.30124977959525,0
GEO-005850,LWPOLYLINE,2342.723167339055,80.68740912543402,0
GEO-005851,LWPOLYLINE,2336.6483551069323,90.06425925360784,0
GEO-005852,LWPOLYLINE,2337.770185856444,90.06424848768445,0
GEO-005853,LWPOLYLINE,2338.5956845645333,90.06425925360784,0
GEO-005854,LWPOLYLINE,2338.701513591497,89.4504185994466,0
GEO-005855,LWPOLYLINE,2333.325172937336,84.28574676513671,0
GEO-005856,LWPOLYLINE,2333.3675045481214,83.1004185994466,0
GEO-005857,LWPOLYLINE,2333.325172937336,81.91509043375649,0
GEO-005858,LWPOLYLINE,2333.3251729373355,80.3910770840115,0
GEO-005859,LWPOLYLINE,2333.3463495086517,79.03642247517902,0
GEO-005860,LWPOLYLINE,2333.325172937336,77.80875193277993,0
GEO-005861,LWPOLYLINE,2333.3675045481214,76.66575537787543,0
GEO-005862,LWPOLYLINE,2333.8120187591403,75.88258828057182,0
GEO-005863,LWPOLYLINE,2334.8491755211576,75.43808483547633,0
GEO-005864,LWPOLYLINE,2336.246183272622,75.41691903008353,0
GEO-005865,LWPOLYLINE,2337.8124959353827,75.39575322469074,0
GEO-005866,LWPOLYLINE,2339.2518460635565,75.50158225165472,0
GEO-005867,LWPOLYLINE,2340.4795166059557,75.43808483547633,0
GEO-005868,LWPOLYLINE,2342.0458292687163,75.41689749823675,0
GEO-005869,LWPOLYLINE,2343.612174229246,75.48040568033852,0
GEO-005870,LWPOLYLINE,2344.988016175318,75.50158225165471,0
GEO-005871,LWPOLYLINE,2345.8346699228778,76.24242850409613,0
GEO-005872,LWPOLYLINE,2345.813514883408,77.47008828057182,0
GEO-005873,LWPOLYLINE,2345.9193223785255,79.03640094333224,0
GEO-005874,LWPOLYLINE,2345.8134933515616,80.43343022664385,0
GEO-005875,LWPOLYLINE,2345.9193223785255,81.87274805704752,0
GEO-005876,LWPOLYLINE,2345.9193223785255,83.65074030558267,0
GEO-005877,LWPOLYLINE,2345.8346699228778,85.17475365532768,0
GEO-005878,LWPOLYLINE,2345.241995074109,86.12724719577363,0
GEO-005879,LWPOLYLINE,2343.9508378814553,86.65643539428709,0
GEO-005880,LWPOLYLINE,2342.426846063557,86.57175064086914,0
GEO-005881,LWPOLYLINE,2341.199186287081,86.59292721218532,0
GEO-005882,LWPOLYLINE,2339.929173367973,86.57175064086914,0
GEO-005883,LWPOLYLINE,2338.3628499392885,86.6776011996799,0
GEO-005884,LWPOLYLINE,2336.8388581213912,86.59292721218532,0
GEO-005885,LWPOLYLINE,2335.314823239799,86.63524805704752,0
GEO-005886,LWPOLYLINE,2333.960168630967,86.52941903008355,0
GEO-005887,LWPOLYLINE,2333.304007131943,85.68274375067816,0
GEO-005888,LWPOLYLINE,2295.034659156954,79.205738152398,0
GEO-005889,LWPOLYLINE,2302.9933249623473,79.205738152398,0
GEO-005890,LWPOLYLINE,2312.327821947888,79.205738152398,0
GEO-005891,LWPOLYLINE,2369.0968266848945,79.205738152398,0
GEO-005892,SOLID,2405.6516690616036,79.58675494723849,0
GEO-005893,SOLID,2405.6516690616036,78.84590869479709,0
GEO-005894,SOLID,2405.6516690616036,79.58675494723849,0
GEO-005895,SOLID,2405.6516690616036,78.84590869479709,0
GEO-005896,LWPOLYLINE,2404.99550756258,79.22692548963758,0
GEO-005897,LWPOLYLINE,2395.2376621714125,79.29043367173935,0
GEO-005898,LWPOLYLINE,2389.078154419948,79.22690395779078,0
GEO-005899,LWPOLYLINE,2389.0146677696926,79.88306545681422,0
GEO-005900,LWPOLYLINE,2390.221194038546,79.22690395779078,0
GEO-005901,LWPOLYLINE,2405.6516690616036,79.205738152398,0
GEO-005902,SOLID,2405.6516690616036,45.84709387885199,0
GEO-005903,SOLID,2405.6516690616036,45.10624762641058,0
GEO-005904,SOLID,2405.6516690616036,45.84709387885199,0
GEO-005905,SOLID,2405.6516690616036,45.10624762641058,0
GEO-005906,LWPOLYLINE,2404.99550756258,45.48725365532769,0
GEO-005907,LWPOLYLINE,2395.2376621714125,45.55076183742946,0
GEO-005908,LWPOLYLINE,2389.078154419948,45.48724288940429,0
GEO-005909,LWPOLYLINE,2389.0146677696926,46.14341515435113,0
GEO-005910,LWPOLYLINE,2390.221194038546,45.48725365532769,0
GEO-005911,LWPOLYLINE,2405.6516690616036,45.46608784993489,0
GEO-005912,SOLID,2384.8236768130682,58.335414293077264,0
GEO-005913,SOLID,2384.8236768130682,59.07623901367188,0
GEO-005914,SOLID,2384.8236768130682,58.335414293077264,0
GEO-005915,SOLID,2384.8236768130682,59.07623901367188,0
GEO-005916,LWPOLYLINE,2385.479838312091,58.695254516601565,0
GEO-005917,LWPOLYLINE,2395.237640639565,58.631767866346564,0
GEO-005918,LWPOLYLINE,2384.8236768130682,58.71639879014757,0
GEO-005919,LWPOLYLINE,2392.5283421878244,79.20574891832138,0
GEO-005920,LWPOLYLINE,2393.544322378525,79.12109646267359,0
GEO-005921,LWPOLYLINE,2394.750837881455,79.20575968424478,0
GEO-005922,LWPOLYLINE,2395.9785299557007,79.20575968424478,0
GEO-005923,LWPOLYLINE,2397.163836589544,79.20575968424478,0
GEO-005924,LWPOLYLINE,2390.7079967966565,58.71642032199436,0
GEO-005925,LWPOLYLINE,2390.559836158907,58.75875193277995,0
GEO-005926,LWPOLYLINE,2391.8298598439387,58.71642032199436,0
GEO-005927,LWPOLYLINE,2392.0414963660196,58.42008828057183,0
GEO-005928,LWPOLYLINE,2393.1633271155315,58.71642032199436,0
GEO-005929,LWPOLYLINE,2394.4756824113483,58.71642032199436,0
GEO-005930,LWPOLYLINE,2397.1003284074422,58.71642032199436,0
GEO-005931,LWPOLYLINE,2398.1163624277606,58.63175710042317,0
GEO-005932,LWPOLYLINE,2399.3228671647666,58.71642032199436,0
GEO-005933,LWPOLYLINE,2400.550494643471,58.71642032199436,0
GEO-005934,LWPOLYLINE,2401.7358228091616,58.71642032199436,0
GEO-005935,LWPOLYLINE,2392.5283421878244,45.46608784993489,0
GEO-005936,LWPOLYLINE,2393.544322378525,45.38142462836371,0
GEO-005937,LWPOLYLINE,2394.750837881455,45.46610938178168,0
GEO-005938,LWPOLYLINE,2395.9785299557007,45.46610938178168,0
GEO-005939,LWPOLYLINE,2397.163836589544,45.46610938178168,0
GEO-005940,SOLID,2315.3758378814546,79.48090438842772,0
GEO-005941,SOLID,2315.3758378814546,78.90940611097548,0
GEO-005942,SOLID,2383.299674229246,79.48090438842772,0
GEO-005943,SOLID,2383.299674229246,78.90940611097548,0
GEO-005944,LWPOLYLINE,2140.835506485988,225.0336525714648,0
GEO-005945,LWPOLYLINE,2142.462621317655,229.1062713121274,0
GEO-005946,LWPOLYLINE,2142.6531216406324,226.1852825086877,0
GEO-005947,LWPOLYLINE,2142.0604548663064,226.1852825086877,0
GEO-005948,LWPOLYLINE,2142.335623793817,225.9736244547597,0
GEO-005949,LWPOLYLINE,2142.335623793817,227.60344529962197,0
GEO-005950,LWPOLYLINE,2140.77454574506,228.19631363401533,0
GEO-005951,LWPOLYLINE,2140.77454574506,230.418809327646,0
GEO-005952,LWPOLYLINE,2140.77454574506,229.31816591537387,0
GEO-005953,LWPOLYLINE,2140.769286907729,232.34476872830575,0
GEO-005954,LWPOLYLINE,2208.987473871567,243.7681140823324,0
GEO-005955,LWPOLYLINE,2209.034788005264,235.64176410462477,0
GEO-005956,LWPOLYLINE,2210.511476455389,239.36544353993327,0
GEO-005957,LWPOLYLINE,2208.966308066175,239.682952152672,0
GEO-005958,LWPOLYLINE,2208.966308066175,241.88428204090985,0
GEO-005959,LWPOLYLINE,2208.9663080661744,240.80478290218377,0
GEO-005960,LWPOLYLINE,2210.511476455389,240.67777730390355,0
GEO-005961,LWPOLYLINE,2139.5839560505583,235.921951328539,0
GEO-005962,LWPOLYLINE,2139.753285185181,235.71028250868767,0
GEO-005963,LWPOLYLINE,2140.76928959921,235.71027174276423,0
GEO-005964,LWPOLYLINE,2141.721788522618,235.71028250868767,0
GEO-005965,LWPOLYLINE,2149.111675521157,228.6847601148817,0
GEO-005966,LWPOLYLINE,2149.259830775945,228.47308052910694,0
GEO-005967,LWPOLYLINE,2150.2758405729355,228.47308052910694,0
GEO-005968,LWPOLYLINE,2151.228336804863,228.47308052910694,0
GEO-005969,LWPOLYLINE,2158.7848415418684,227.58409517076274,0
GEO-005970,LWPOLYLINE,2158.954167985011,227.3724263509114,0
GEO-005971,LWPOLYLINE,2159.9701723990393,227.372415584988,0
GEO-005972,LWPOLYLINE,2160.9015082085352,227.3724263509114,0
GEO-005973,LWPOLYLINE,2172.500837881454,228.7270917256673,0
GEO-005974,LWPOLYLINE,2172.670169707559,228.51542290581597,0
GEO-005975,LWPOLYLINE,2173.686166047145,228.51541213989253,0
GEO-005976,LWPOLYLINE,2174.617504548121,228.51542290581597,0
GEO-005977,LWPOLYLINE,2148.8153327138107,237.0244211832682,0
GEO-005978,LWPOLYLINE,2148.963509500446,236.81275236341685,0
GEO-005979,LWPOLYLINE,2149.979508531513,236.81275236341685,0
GEO-005980,LWPOLYLINE,2150.932010146402,236.81275236341685,0
GEO-005981,LWPOLYLINE,2207.1671500122457,246.92194827693956,0
GEO-005982,LWPOLYLINE,2207.336476455389,246.7102794570882,0
GEO-005983,LWPOLYLINE,2208.3524781779365,246.7102794570882,0
GEO-005984,LWPOLYLINE,2209.5801379544127,246.7102794570882,0
GEO-005985,LWPOLYLINE,2217.528427990183,238.5870318114089,0
GEO-005986,LWPOLYLINE,2217.676599393857,238.3753629915575,0
GEO-005987,LWPOLYLINE,2218.692601116404,238.37537375748093,0
GEO-005988,LWPOLYLINE,2219.920282424727,238.3753629915575,0
GEO-005989,LWPOLYLINE,2227.053427990183,237.48635610136654,0
GEO-005990,LWPOLYLINE,2227.201599393856,237.2746872815152,0
GEO-005991,LWPOLYLINE,2228.2176011164047,237.2746765155918,0
GEO-005992,LWPOLYLINE,2229.4452824247264,237.27469804743868,0
GEO-005993,LWPOLYLINE,2217.613091211755,247.09603008886114,0
GEO-005994,LWPOLYLINE,2217.761262615428,246.8843612690098,0
GEO-005995,LWPOLYLINE,2218.777264337976,246.88437203493316,0
GEO-005996,LWPOLYLINE,2220.004924114451,246.8843612690098,0
GEO-005997,LWPOLYLINE,2297.5287173886636,85.25941687689885,0
GEO-005998,LWPOLYLINE,2297.676883409375,85.0477588229709,0
GEO-005999,LWPOLYLINE,2298.692879748961,85.0477588229709,0
GEO-006000,LWPOLYLINE,2299.878229446498,85.0477588229709,0
GEO-006001,LWPOLYLINE,2287.4323057206934,85.21708526611326,0
GEO-006002,LWPOLYLINE,2287.580477124366,85.00541644626192,0
GEO-006003,LWPOLYLINE,2288.5964788469137,85.00542721218531,0
GEO-006004,LWPOLYLINE,2289.802962052074,85.00542721218531,0
GEO-006005,LWPOLYLINE,2219.335517806123,12.615401373969181,0
GEO-006006,LWPOLYLINE,2220.944183611516,12.615390608045786,0
GEO-006007,LWPOLYLINE,2222.3623410194878,12.594246334499779,0
GEO-006008,LWPOLYLINE,2224.56368167365,12.784749348958329,0
GEO-006009,LWPOLYLINE,2224.56368167365,11.959239874945744,0
GEO-006010,LWPOLYLINE,2167.5478294840345,222.2500968933105,0
GEO-006011,LWPOLYLINE,2168.436841757187,222.25007536146376,0
GEO-006012,LWPOLYLINE,2168.436841757187,222.1230912950304,0
GEO-006013,LWPOLYLINE,2169.3258432644166,222.25007536146376,0
GEO-006014,LWPOLYLINE,2169.177677243705,222.2500861273871,0
GEO-006015,LWPOLYLINE,2170.193673583291,222.25007536146376,0
GEO-006016,LWPOLYLINE,2170.045502179618,222.2500861273871,0
GEO-006017,LWPOLYLINE,2172.0986660471444,222.25007536146376,0
GEO-006018,LWPOLYLINE,2173.1570101464013,222.25007536146376,0
GEO-006019,LWPOLYLINE,2173.030004548121,222.2500861273871,0
GEO-006020,LWPOLYLINE,2174.0460062706697,222.25007536146376,0
GEO-006021,LWPOLYLINE,2174.9350023949364,222.6734022352431,0
GEO-006022,LWPOLYLINE,2174.956173583291,222.25007536146376,0
GEO-006023,LWPOLYLINE,2235.8587690749814,232.38518168323503,0
GEO-006024,LWPOLYLINE,2236.7477651992494,232.3851924491584,0
GEO-006025,LWPOLYLINE,2236.7477651992494,232.2370318114089,0
GEO-006026,LWPOLYLINE,2237.6367720894405,232.3851924491584,0
GEO-006027,LWPOLYLINE,2237.4674348803746,232.3640266437656,0
GEO-006028,LWPOLYLINE,2238.525768213708,232.3851924491584,0
GEO-006029,LWPOLYLINE,2238.3564417705657,232.3640266437656,0
GEO-006030,LWPOLYLINE,2240.4307660605236,232.3851924491584,0
GEO-006031,LWPOLYLINE,2241.4679443543873,232.3851924491584,0
GEO-006032,LWPOLYLINE,2241.340938756108,232.3640266437656,0
GEO-006033,LWPOLYLINE,2242.3569297127315,232.3851924491584,0
GEO-006034,LWPOLYLINE,2243.2459366029225,232.8296958942539,0
GEO-006035,LWPOLYLINE,2243.288278979632,232.3851924491584,0
GEO-006036,LWPOLYLINE,2157.47251316086,158.30558268229166,0
GEO-006037,SOLID,2157.7688398193213,158.11507966783307,0
GEO-006038,SOLID,2157.853503040892,158.34791429307722,0
GEO-006039,SOLID,2157.747674013928,158.11507966783307,0
GEO-006040,SOLID,2157.7688344363596,158.51724073621955,0
GEO-006041,SOLID,2157.68417659775,158.22090869479706,0
GEO-006042,SOLID,2157.578342187824,158.60191472371417,0
GEO-006043,SOLID,2157.578342187824,158.2844061109754,0
GEO-006044,SOLID,2157.3455075625798,158.60191472371417,0
GEO-006045,SOLID,2157.3455075625798,158.2844061109754,0
GEO-006046,SOLID,2157.1338360512473,158.51724073621955,0
GEO-006047,SOLID,2157.239673152654,158.22090869479706,0
GEO-006048,SOLID,2157.049170138196,158.34791429307722,0
GEO-006049,SOLID,2157.176175736476,158.11507966783307,0
GEO-006050,SOLID,2157.1550099310834,158.11507966783307,0
GEO-006051,SOLID,2157.1550099310834,157.88224504258895,0
GEO-006052,SOLID,2157.176175736476,157.88224504258895,0
GEO-006053,SOLID,2157.049170138196,157.670586988661,0
GEO-006054,SOLID,2157.239673152654,157.77641601562496,0
GEO-006055,SOLID,2157.1338360512473,157.50126054551868,0
GEO-006056,SOLID,2157.3455075625798,157.7129185994466,0
GEO-006057,SOLID,2157.3455075625798,157.395426135593,0
GEO-006058,SOLID,2157.578342187824,157.7129185994466,0
GEO-006059,SOLID,2157.578342187824,157.395426135593,0
GEO-006060,SOLID,2157.68417659775,157.77641601562496,0
GEO-006061,SOLID,2157.7688344363596,157.50126054551868,0
GEO-006062,SOLID,2157.747674013928,157.88224504258895,0
GEO-006063,SOLID,2157.853503040892,157.670586988661,0
GEO-006064,SOLID,2157.7688398193213,157.88224504258895,0
GEO-006065,LWPOLYLINE,2157.47251316086,157.6494211832682,0
GEO-006066,LWPOLYLINE,2157.47251316086,184.9332532246907,0
GEO-006067,SOLID,2157.7688398193213,184.74276097615552,0
GEO-006068,SOLID,2157.853503040892,184.97559560139968,0
GEO-006069,SOLID,2157.747674013928,184.74276097615552,0
GEO-006070,SOLID,2157.7688344363596,185.14492204454206,0
GEO-006071,SOLID,2157.68417659775,184.84859000311954,0
GEO-006072,SOLID,2157.578342187824,185.2295852661132,0
GEO-006073,SOLID,2157.578342187824,184.9120874192979,0
GEO-006074,SOLID,2157.3455075625798,185.2295852661132,0
GEO-006075,SOLID,2157.3455075625798,184.9120874192979,0
GEO-006076,SOLID,2157.1338360512473,185.14492204454206,0
GEO-006077,SOLID,2157.239673152654,184.84859000311954,0
GEO-006078,SOLID,2157.049170138196,184.97559560139968,0
GEO-006079,SOLID,2157.176175736476,184.74276097615552,0
GEO-006080,SOLID,2157.1550099310834,184.74276097615552,0
GEO-006081,SOLID,2157.1550099310834,184.5099263509114,0
GEO-006082,SOLID,2157.176175736476,184.5099263509114,0
GEO-006083,SOLID,2157.049170138196,184.29825753106007,0
GEO-006084,SOLID,2157.239673152654,184.40408655802406,0
GEO-006085,SOLID,2157.1338360512473,184.12892032199431,0
GEO-006086,SOLID,2157.3455075625798,184.34058914184564,0
GEO-006087,SOLID,2157.3455075625798,184.0230912950303,0
GEO-006088,SOLID,2157.578342187824,184.34058914184564,0
GEO-006089,SOLID,2157.578342187824,184.0230912950303,0
GEO-006090,SOLID,2157.68417659775,184.40408655802406,0
GEO-006091,SOLID,2157.7688344363596,184.12892032199431,0
GEO-006092,SOLID,2157.747674013928,184.5099263509114,0
GEO-006093,SOLID,2157.853503040892,184.29825753106007,0
GEO-006094,SOLID,2157.7688398193213,184.5099263509114,0
GEO-006095,LWPOLYLINE,2157.47251316086,184.27708095974384,0
GEO-006096,LWPOLYLINE,2157.47251316086,192.04525451660152,0
GEO-006097,SOLID,2157.7688398193213,191.85474073621955,0
GEO-006098,SOLID,2157.853503040892,192.0875753614637,0
GEO-006099,SOLID,2157.747674013928,191.85474073621955,0
GEO-006100,SOLID,2157.7688344363596,192.25692333645287,0
GEO-006101,SOLID,2157.68417659775,191.96058052910695,0
GEO-006102,SOLID,2157.578342187824,192.3415973239474,0
GEO-006103,SOLID,2157.578342187824,192.02408871120872,0
GEO-006104,SOLID,2157.3455075625798,192.3415973239474,0
GEO-006105,SOLID,2157.3455075625798,192.02408871120872,0
GEO-006106,SOLID,2157.1338360512473,192.25692333645287,0
GEO-006107,SOLID,2157.239673152654,191.96058052910695,0
GEO-006108,SOLID,2157.049170138196,192.0875753614637,0
GEO-006109,SOLID,2157.176175736476,191.85474073621955,0
GEO-006110,SOLID,2157.1550099310834,191.85474073621955,0
GEO-006111,SOLID,2157.1550099310834,191.62191687689887,0
GEO-006112,SOLID,2157.176175736476,191.62191687689887,0
GEO-006113,SOLID,2157.049170138196,191.4102588229709,0
GEO-006114,SOLID,2157.239673152654,191.51608784993485,0
GEO-006115,SOLID,2157.1338360512473,191.2409323798285,0
GEO-006116,SOLID,2157.3455075625798,191.45259043375643,0
GEO-006117,SOLID,2157.3455075625798,191.13509258694114,0
GEO-006118,SOLID,2157.578342187824,191.45259043375643,0
GEO-006119,SOLID,2157.578342187824,191.13509258694114,0
GEO-006120,SOLID,2157.68417659775,191.51608784993485,0
GEO-006121,SOLID,2157.7688344363596,191.2409323798285,0
GEO-006122,SOLID,2157.747674013928,191.62191687689887,0
GEO-006123,SOLID,2157.853503040892,191.4102588229709,0
GEO-006124,SOLID,2157.7688398193213,191.62191687689887,0
GEO-006125,LWPOLYLINE,2157.47251316086,191.3890822516547,0
GEO-006126,LWPOLYLINE,2157.47251316086,150.5585910797119,0
GEO-006127,SOLID,2157.7688398193213,150.36809344821506,0
GEO-006128,SOLID,2157.853503040892,150.60092807345922,0
GEO-006129,SOLID,2157.747674013928,150.36809344821506,0
GEO-006130,SOLID,2157.7688344363596,150.77025451660154,0
GEO-006131,SOLID,2157.68417659775,150.47392247517905,0
GEO-006132,SOLID,2157.578342187824,150.8549231211344,0
GEO-006133,SOLID,2157.578342187824,150.5374198913574,0
GEO-006134,SOLID,2157.3455075625798,150.8549231211344,0
GEO-006135,SOLID,2157.3455075625798,150.5374198913574,0
GEO-006136,SOLID,2157.1338360512473,150.77025451660154,0
GEO-006137,SOLID,2157.239673152654,150.47392247517905,0
GEO-006138,SOLID,2157.049170138196,150.60092807345922,0
GEO-006139,SOLID,2157.176175736476,150.36809344821506,0
GEO-006140,SOLID,2157.1550099310834,150.36809344821506,0
GEO-006141,SOLID,2157.1550099310834,150.1352588229709,0
GEO-006142,SOLID,2157.176175736476,150.1352588229709,0
GEO-006143,SOLID,2157.049170138196,149.92359538608125,0
GEO-006144,SOLID,2157.239673152654,150.02942441304526,0
GEO-006145,SOLID,2157.1338360512473,149.75425817701552,0
GEO-006146,SOLID,2157.3455075625798,149.96592161390515,0
GEO-006147,SOLID,2157.3455075625798,149.6484183841281,0
GEO-006148,SOLID,2157.578342187824,149.96592161390515,0
GEO-006149,SOLID,2157.578342187824,149.6484183841281,0
GEO-006150,SOLID,2157.68417659775,150.02942441304526,0
GEO-006151,SOLID,2157.7688344363596,149.75425817701552,0
GEO-006152,SOLID,2157.747674013928,150.1352588229709,0
GEO-006153,SOLID,2157.853503040892,149.92359538608125,0
GEO-006154,SOLID,2157.7688398193213,150.1352588229709,0
GEO-006155,LWPOLYLINE,2157.47251316086,149.90241881476504,0
GEO-006156,LWPOLYLINE,2225.6715049787585,41.02107493082682,0
GEO-006157,LWPOLYLINE,2223.935844341009,40.978764851888016,0
GEO-006158,LWPOLYLINE,2224.7825034715297,40.999919891357415,0
GEO-006159,LWPOLYLINE,2227.322502394937,40.80420792962961,0
GEO-006160,LWPOLYLINE,2227.2166733679733,37.88319759434316,0
GEO-006161,LWPOLYLINE,2227.2166733679733,39.25902877449181,0
GEO-006162,LWPOLYLINE,2217.204838312092,62.82275882297091,0
GEO-006163,LWPOLYLINE,2215.469177674342,62.78040568033853,0
GEO-006164,LWPOLYLINE,2216.3158368048626,62.80158225165473,0
GEO-006165,LWPOLYLINE,2218.85583572827,63.88109215630425,0
GEO-006166,LWPOLYLINE,2218.750006701306,60.96009258694118,0
GEO-006167,LWPOLYLINE,2218.750006701306,62.335913001166446,0
GEO-006168,LWPOLYLINE,2238.837174229247,86.14842376708984,0
GEO-006169,LWPOLYLINE,2237.101513591497,86.10609215630424,0
GEO-006170,LWPOLYLINE,2237.9481727220177,86.12724719577363,0
GEO-006171,LWPOLYLINE,2240.488171645425,87.20674633449977,0
GEO-006172,LWPOLYLINE,2240.382348001423,84.28574676513671,0
GEO-006173,LWPOLYLINE,2240.382348001423,85.66157794528536,0
GEO-006174,LWPOLYLINE,2249.251175736476,81.12021858701627,0
GEO-006175,LWPOLYLINE,2247.515498949841,81.07788697623069,0
GEO-006176,LWPOLYLINE,2248.362174229246,81.09905278162347,0
GEO-006177,LWPOLYLINE,2250.902167769693,81.91376840857993,0
GEO-006178,LWPOLYLINE,2250.796338742729,78.99275807329347,0
GEO-006179,LWPOLYLINE,2250.796338742729,80.36860001936552,0
GEO-006180,LWPOLYLINE,2193.0936216503,202.64482706153916,0
GEO-006181,LWPOLYLINE,2194.7869614431875,202.6236666391082,0
GEO-006182,LWPOLYLINE,2192.8396319855865,202.6236666391082,0
GEO-006183,LWPOLYLINE,2205.0283657471336,202.7506722373881,0
GEO-006184,LWPOLYLINE,2203.9065349976217,202.7506722373881,0
GEO-006185,LWPOLYLINE,2199.4208285392797,202.51619954059305,0
GEO-006186,LWPOLYLINE,2198.955170054715,203.70152770628317,0
GEO-006187,LWPOLYLINE,2198.955170054715,204.2518601783426,0
GEO-006188,LWPOLYLINE,2199.88650317273,203.70152770628317,0
GEO-006189,LWPOLYLINE,2199.7595029574113,203.7438593170688,0
GEO-006190,CIRCLE,2208.287979046398,202.7718488087043,0
GEO-006191,LWPOLYLINE,2208.330365962452,202.75067223738813,0
GEO-006192,LWPOLYLINE,2208.330349813568,203.91484536360883,0
GEO-006193,LWPOLYLINE,2208.3091947740977,204.4651778356683,0
GEO-006194,LWPOLYLINE,2208.88069305155,203.91484536360883,0
GEO-006195,LWPOLYLINE,2220.9081172719834,185.77140147938348,0
GEO-006196,LWPOLYLINE,2221.056277909733,185.55973265953213,0
GEO-006197,LWPOLYLINE,2222.114627391952,185.55973265953213,0
GEO-006198,LWPOLYLINE,2223.2787789863255,185.55972189360875,0
GEO-006199,LWPOLYLINE,2212.0174865034614,185.7713907134607,0
GEO-006200,LWPOLYLINE,2212.165657907134,185.55972189360935,0
GEO-006201,LWPOLYLINE,2213.18165424672,185.55972189360935,0
GEO-006202,LWPOLYLINE,2214.366982412411,185.55973265953276,0
GEO-006203,LWPOLYLINE,2198.5363327517052,186.9355746056046,0
GEO-006204,LWPOLYLINE,2198.282321555145,189.66686644414023,0
GEO-006205,LWPOLYLINE,2198.2823215551452,186.9144141831736,0
GEO-006206,LWPOLYLINE,2218.854310934536,186.9144088002115,0
GEO-006207,LWPOLYLINE,2217.7324801850245,186.9144088002115,0
GEO-006208,LWPOLYLINE,2213.6473236383263,186.91440880021165,0
GEO-006209,LWPOLYLINE,2212.842996118592,188.05739997215485,0
GEO-006210,LWPOLYLINE,2212.8429961185916,188.6077270612526,0
GEO-006211,LWPOLYLINE,2213.7743238536445,188.05739997215485,0
GEO-006212,LWPOLYLINE,2213.6473182553646,188.0997369659022,0
GEO-006213,CIRCLE,2222.156903697468,186.956740410997,0
GEO-006214,LWPOLYLINE,2222.1560044903586,186.93556922264256,0
GEO-006215,LWPOLYLINE,2222.199296137603,188.05740535511597,0
GEO-006216,LWPOLYLINE,2222.1781141833244,188.6077378271754,0
GEO-006217,LWPOLYLINE,2222.749617843739,188.05740535511597,0
GEO-006218,LWPOLYLINE,2207.2720164802345,201.4334285801986,0
GEO-006219,LWPOLYLINE,2207.441342923377,201.22175976034725,0
GEO-006220,LWPOLYLINE,2208.1821784098947,201.22175976034725,0
GEO-006221,LWPOLYLINE,2209.431009374725,201.22176514330894,0
GEO-006222,LWPOLYLINE,2198.3836610113394,201.26244253365854,0
GEO-006223,LWPOLYLINE,2198.531821649089,201.05077909676885,0
GEO-006224,LWPOLYLINE,2199.3149887463924,201.05077909676885,0
GEO-006225,LWPOLYLINE,2200.5214988663606,201.05077909676885,0
GEO-006226,LWPOLYLINE,2251.981661525457,94.5727480570475,0
GEO-006227,LWPOLYLINE,2252.002843479735,95.92742419772676,0
GEO-006228,LWPOLYLINE,2252.002843479735,94.31875839233398,0
GEO-006229,LWPOLYLINE,2252.002843479735,105.4100818210178,0
GEO-006230,LWPOLYLINE,2252.002843479735,104.288251071506,0
GEO-006231,LWPOLYLINE,2252.002843479735,100.20309990776906,0
GEO-006232,LWPOLYLINE,2251.537174229247,101.00742204454205,0
GEO-006233,LWPOLYLINE,2251.537174229247,101.5577545166015,0
GEO-006234,LWPOLYLINE,2252.4685019643002,101.00742204454205,0
GEO-006235,LWPOLYLINE,2252.3415017489815,101.0497321234809,0
GEO-006236,CIRCLE,2251.960461812212,108.7544297960069,0
GEO-006237,LWPOLYLINE,2252.002843479735,108.73325322469074,0
GEO-006238,LWPOLYLINE,2252.002843479735,109.89741558498804,0
GEO-006239,LWPOLYLINE,2251.981666908419,110.4477372911241,0
GEO-006240,LWPOLYLINE,2252.553165185871,109.89741558498804,0
GEO-006241,LWPOLYLINE,2250.732852092474,107.6114117092556,0
GEO-006242,LWPOLYLINE,2250.902167769693,107.39975365532766,0
GEO-006243,LWPOLYLINE,2251.6430086391724,107.39975365532766,0
GEO-006244,LWPOLYLINE,2252.8918449869643,107.39975365532766,0
GEO-006245,LWPOLYLINE,2250.7540125149053,98.76374977959526,0
GEO-006246,LWPOLYLINE,2250.902167769693,98.55208095974393,0
GEO-006247,LWPOLYLINE,2251.6641690616034,98.55208095974393,0
GEO-006248,LWPOLYLINE,2252.8918449869643,98.55208095974393,0
GEO-006249,LWPOLYLINE,2239.6373896140967,123.607601785964,0
GEO-006250,LWPOLYLINE,2240.7380437922925,123.607601785964,0
GEO-006251,LWPOLYLINE,2244.8443876762303,123.64993877971125,0
GEO-006252,LWPOLYLINE,2244.738553266305,124.79295148350084,0
GEO-006253,LWPOLYLINE,2244.717387460912,125.3432839555603,0
GEO-006254,LWPOLYLINE,2245.6275493905723,124.79295148350084,0
GEO-006255,LWPOLYLINE,2245.500554558216,124.8352830942865,0
GEO-006256,LWPOLYLINE,2250.241888752823,120.87710523105949,0
GEO-006257,CIRCLE,2236.314157407621,123.6499556530294,0
GEO-006258,LWPOLYLINE,2236.3353840158165,123.64995492859634,0
GEO-006259,LWPOLYLINE,2236.271886599638,124.79295148350084,0
GEO-006260,LWPOLYLINE,2236.250720794245,125.3432839555603,0
GEO-006261,LWPOLYLINE,2236.822229837621,124.79295148350084,0
GEO-006262,LWPOLYLINE,2243.701374972441,122.5492846015157,0
GEO-006263,LWPOLYLINE,2243.849535610191,122.33761039870265,0
GEO-006264,LWPOLYLINE,2244.590387245594,122.33761039870265,0
GEO-006265,LWPOLYLINE,2245.8815605871323,122.5492846015157,0
GEO-006266,LWPOLYLINE,2246.00855541949,122.33761039870265,0
GEO-006267,LWPOLYLINE,2235.277050682483,122.76094803840539,0
GEO-006268,LWPOLYLINE,2235.425222086156,122.54928460151575,0
GEO-006269,LWPOLYLINE,2236.166046806751,122.54928460151575,0
GEO-006270,LWPOLYLINE,2237.4360543428966,122.76094803840539,0
GEO-006271,LWPOLYLINE,2237.584209597685,122.54928460151575,0
GEO-006272,LWPOLYLINE,2252.379715841921,118.5276039391487,0
GEO-006273,LWPOLYLINE,2302.9933249623473,79.205738152398,0
GEO-006274,LWPOLYLINE,2300.643823670436,79.65024159749348,0
GEO-006275,LWPOLYLINE,2300.643823670436,77.66056976318359,0
GEO-006276,LWPOLYLINE,2301.024829699353,79.1845723470052,0
GEO-006277,LWPOLYLINE,2298.400162171413,79.65024159749348,0
GEO-006278,LWPOLYLINE,2298.400162171413,77.66056976318359,0
GEO-006279,LWPOLYLINE,2299.500837881455,79.1845723470052,0
GEO-006280,LWPOLYLINE,2299.522014452771,76.20007536146375,0
GEO-006281,LWPOLYLINE,2299.522014452771,79.9677502102322,0
GEO-006282,LWPOLYLINE,2299.1409976579307,74.93009474012587,0
GEO-006283,LWPOLYLINE,2299.0140028255737,75.01475796169703,0
GEO-006284,LWPOLYLINE,2299.987683703259,74.71841515435112,0
GEO-006285,LWPOLYLINE,2295.055846494194,79.205738152398,0
GEO-006286,LWPOLYLINE,2291.2670058400317,72.85574891832138,0
GEO-006287,LWPOLYLINE,2292.198344341009,72.94042290581596,0
GEO-006288,LWPOLYLINE,2292.896837450818,72.94040137396917,0
GEO-006289,LWPOLYLINE,2293.7011703535145,72.94040137396917,0
GEO-006290,LWPOLYLINE,2294.8018460635567,72.94040137396917,0
GEO-006291,LWPOLYLINE,2294.653674659883,72.94042290581596,0
GEO-006292,LWPOLYLINE,2294.801835297633,72.34775882297092,0
GEO-006293,LWPOLYLINE,2295.987174229247,73.02508612738714,0
GEO-006294,LWPOLYLINE,2295.987174229247,72.68643324110242,0
GEO-006295,LWPOLYLINE,2298.2308357282704,72.94040137396917,0
GEO-006296,LWPOLYLINE,2299.289169061603,72.94040137396917,0
GEO-006297,LWPOLYLINE,2301.511675521158,72.94040137396917,0
GEO-006298,LWPOLYLINE,2302.464179827527,73.46956804063583,0
GEO-006299,LWPOLYLINE,2302.464169061604,72.7287433200412,0
GEO-006300,LWPOLYLINE,2303.162672937336,72.72875408596461,0
GEO-006301,LWPOLYLINE,2303.818845202283,72.7287433200412,0
GEO-006302,LWPOLYLINE,2304.0305140221344,72.94042290581595,0
GEO-006303,LWPOLYLINE,2304.9195209123254,72.72875408596461,0
GEO-006304,LWPOLYLINE,2305.596837450818,72.7287433200412,0
GEO-006305,LWPOLYLINE,2305.8931694922403,72.7287433200412,0
GEO-006306,LWPOLYLINE,2306.9515028255737,72.72875408596461,0
GEO-006307,LWPOLYLINE,2307.7346806888004,72.85574891832138,0
GEO-006308,LWPOLYLINE,2291.436343049098,77.512409125434,0
GEO-006309,LWPOLYLINE,2307.0150002417527,77.512409125434,0
GEO-006310,LWPOLYLINE,2288.430680258164,77.34308268229165,0
GEO-006311,LWPOLYLINE,2288.430680258164,77.95691257052951,0
GEO-006312,LWPOLYLINE,2288.240188009629,77.66059129503037,0
GEO-006313,LWPOLYLINE,2289.870008854491,77.66059129503037,0
GEO-006314,LWPOLYLINE,2304.0093266848944,77.34308268229165,0
GEO-006315,LWPOLYLINE,2304.0093266848944,77.95691257052951,0
GEO-006316,LWPOLYLINE,2303.818845202283,77.66059129503037,0
GEO-006317,LWPOLYLINE,2305.4486768130682,77.66059129503037,0
GEO-006318,LWPOLYLINE,2291.4998296993526,79.18458311292859,0
GEO-006319,LWPOLYLINE,2289.2561682003297,79.18458311292859,0
GEO-006320,LWPOLYLINE,2290.3568546762954,79.205738152398,0
GEO-006321,LWPOLYLINE,2307.8404989498413,79.18458311292859,0
GEO-006322,LWPOLYLINE,2305.5756716454252,79.18458311292859,0
GEO-006323,LWPOLYLINE,2306.697523926784,79.205738152398,0
GEO-006324,LWPOLYLINE,2301.173001103026,75.14175279405382,0
GEO-006325,LWPOLYLINE,2301.321194038546,74.93009474012587,0
GEO-006326,LWPOLYLINE,2302.379484308186,74.93009474012587,0
GEO-006327,LWPOLYLINE,2303.5648447716458,74.93009474012587,0
GEO-006328,LWPOLYLINE,2261.8441164341575,225.6330206148486,0
GEO-006329,LWPOLYLINE,2258.8384428772997,225.46368340578277,0
GEO-006330,LWPOLYLINE,2258.8384428772997,226.0775132940206,0
GEO-006331,LWPOLYLINE,2258.647972160611,225.7811812525981,0
GEO-006332,LWPOLYLINE,2260.2777930054735,225.7811812525981,0
GEO-006333,LWPOLYLINE,2262.66962590817,227.3051838364197,0
GEO-006334,LWPOLYLINE,2260.4047878378306,227.3051838364197,0
GEO-006335,LWPOLYLINE,2261.526607821419,227.3263496418125,0
GEO-006336,SOLID,2383.299674229246,36.68192333645291,0
GEO-006337,SOLID,2383.299674229246,36.110414293077255,0
GEO-006338,SOLID,2405.6516690616036,36.78775236341688,0
GEO-006339,SOLID,2405.6516690616036,36.04691687689888,0
GEO-006340,SOLID,2405.6516690616036,36.78775236341688,0
GEO-006341,SOLID,2405.6516690616036,36.04691687689888,0
GEO-006342,LWPOLYLINE,2404.99550756258,36.42791213989257,0
GEO-006343,LWPOLYLINE,2395.2376621714125,36.49140955607096,0
GEO-006344,LWPOLYLINE,2389.078154419948,36.427922905815976,0
GEO-006345,LWPOLYLINE,2389.0146677696926,37.08408440483941,0
GEO-006346,LWPOLYLINE,2390.221194038546,36.427922905815976,0
GEO-006347,LWPOLYLINE,2405.6516690616036,36.40675710042318,0
GEO-006348,LWPOLYLINE,2392.04149636602,37.42275882297092,0
GEO-006349,LWPOLYLINE,2392.888171645425,37.42275882297092,0
GEO-006350,LWPOLYLINE,2392.4648340057224,37.46509043375651,0
GEO-006351,LWPOLYLINE,2393.756012730223,37.42275882297092,0
GEO-006352,LWPOLYLINE,2393.586675521158,37.46509043375651,0
GEO-006353,LWPOLYLINE,2393.756012730223,36.78776312934028,0
GEO-006354,LWPOLYLINE,2394.793169492241,37.33807406955295,0
GEO-006355,LWPOLYLINE,2395.7456845645333,37.42275882297092,0
GEO-006356,LWPOLYLINE,2396.9944886145545,37.42275882297092,0
GEO-006357,LWPOLYLINE,2398.179859843938,37.42275882297092,0
GEO-006358,LWPOLYLINE,2400.6986768130687,37.42274805704753,0
GEO-006359,LWPOLYLINE,2400.2753499392893,37.08409517076281,0
GEO-006360,LWPOLYLINE,2400.7621742292467,37.27459818522135,0
GEO-006361,LWPOLYLINE,2392.041517897867,35.30609215630426,0
GEO-006362,LWPOLYLINE,2392.888171645425,35.30609215630426,0
GEO-006363,LWPOLYLINE,2392.464844771646,35.34842376708984,0
GEO-006364,LWPOLYLINE,2393.756012730223,35.30609215630426,0
GEO-006365,LWPOLYLINE,2393.586675521158,35.34842376708984,0
GEO-006366,LWPOLYLINE,2393.756012730223,34.67109646267361,0
GEO-006367,LWPOLYLINE,2394.793169492241,35.22140740288629,0
GEO-006368,LWPOLYLINE,2396.0208615664865,35.306102922227645,0
GEO-006369,LWPOLYLINE,2397.20616820033,35.30609215630426,0
GEO-006370,LWPOLYLINE,2398.433849508652,35.30609215630426,0
GEO-006371,SOLID,2384.8236768130682,67.47941903008355,0
GEO-006372,SOLID,2384.8236768130682,68.22025451660156,0
GEO-006373,SOLID,2384.8236768130682,67.47941903008355,0
GEO-006374,SOLID,2384.8236768130682,68.22025451660156,0
GEO-006375,LWPOLYLINE,2385.479838312091,67.83925925360785,0
GEO-006376,LWPOLYLINE,2395.237640639565,67.77576183742946,0
GEO-006377,LWPOLYLINE,2384.8236768130682,67.86041429307726,0
GEO-006378,LWPOLYLINE,2390.7079967966565,68.74942118326823,0
GEO-006379,LWPOLYLINE,2390.559836158907,68.7917527940538,0
GEO-006380,LWPOLYLINE,2391.8298598439387,68.74939965142143,0
GEO-006381,LWPOLYLINE,2392.0414963660196,68.4530783759223,0
GEO-006382,LWPOLYLINE,2393.1633271155315,68.74944271511501,0
GEO-006383,LWPOLYLINE,2394.4756824113483,68.74942118326823,0
GEO-006384,LWPOLYLINE,2396.613482585638,68.74942118326823,0
GEO-006385,LWPOLYLINE,2397.460157865043,68.74942118326823,0
GEO-006386,LWPOLYLINE,2397.0368202253403,68.7917527940538,0
GEO-006387,LWPOLYLINE,2398.3279989498415,68.74942118326823,0
GEO-006388,LWPOLYLINE,2398.1798598439386,68.7917527940538,0
GEO-006389,LWPOLYLINE,2398.3279989498415,68.11440395779078,0
GEO-006390,LWPOLYLINE,2399.386353815021,68.66475796169703,0
GEO-006391,LWPOLYLINE,2400.3176707841512,68.74942118326823,0
GEO-006392,LWPOLYLINE,2401.56649636602,68.74944271511501,0
GEO-006393,LWPOLYLINE,2402.7941561424955,68.74944271511501,0
GEO-006394,LWPOLYLINE,2405.2706845645334,68.74941041734482,0
GEO-006395,LWPOLYLINE,2404.8685127302233,68.4319125705295,0
GEO-006396,LWPOLYLINE,2405.355326254258,68.60123901367186,0
GEO-006397,LWPOLYLINE,2390.30583572827,66.63275451660155,0
GEO-006398,LWPOLYLINE,2391.152532539523,66.63275451660155,0
GEO-006399,LWPOLYLINE,2390.7291841338965,66.67508612738715,0
GEO-006400,LWPOLYLINE,2392.041517897867,66.63275451660155,0
GEO-006401,LWPOLYLINE,2391.893346494194,66.67508612738715,0
GEO-006402,LWPOLYLINE,2392.041517897867,65.99773729112412,0
GEO-006403,LWPOLYLINE,2394.369842618461,66.63274375067816,0
GEO-006404,LWPOLYLINE,2395.5975239267837,66.63277604844833,0
GEO-006405,LWPOLYLINE,2396.782852092474,66.63277604844833,0
GEO-006406,LWPOLYLINE,2382.8975239267834,67.86041429307726,0
GEO-006407,LWPOLYLINE,2375.2986768130686,63.28840654161242,0
GEO-006408,LWPOLYLINE,2372.356522204236,40.93642247517903,0
GEO-006409,LWPOLYLINE,2381.204173367973,36.40675710042318,0
GEO-006410,LWPOLYLINE,2373.6053585520276,36.40675710042318,0
GEO-006411,SOLID,2373.2031867177184,67.58524805704752,0
GEO-006412,SOLID,2373.2031867177184,68.17791213989257,0
GEO-006413,SOLID,2373.2031867177184,58.44124332004123,0
GEO-006414,SOLID,2373.2031867177184,59.033907402886285,0
GEO-006415,LWPOLYLINE,2470.612174229246,16.21376054551866,0
GEO-006416,LWPOLYLINE,2337.600837881455,225.50600425064493,0
GEO-006417,LWPOLYLINE,2337.600837881455,229.1043418903476,0
GEO-006418,LWPOLYLINE,2179.57050756258,115.8240887112087,0
GEO-006419,LWPOLYLINE,2180.247834866996,115.8664203219943,0
GEO-006420,LWPOLYLINE,2179.5705021796184,114.63876054551861,0
GEO-006421,LWPOLYLINE,2179.401175736476,112.47976226806635,0
GEO-006422,LWPOLYLINE,2179.4011703535143,111.1462519327799,0
GEO-006423,LWPOLYLINE,2179.189501533663,111.1250753614637,0
GEO-006424,LWPOLYLINE,2179.401164970553,109.83390740288621,0
GEO-006425,LWPOLYLINE,2179.4011703535143,108.62741343180335,0
GEO-006426,LWPOLYLINE,2179.4435019643,108.77559560139974,0
GEO-006427,LWPOLYLINE,2178.766174659884,108.62741343180335,0
GEO-006428,LWPOLYLINE,2179.401164970553,106.29911024305551,0
GEO-006429,LWPOLYLINE,2179.3165017489814,104.14010119967985,0
GEO-006430,LWPOLYLINE,2179.4011703535143,103.01825968424475,0
GEO-006431,LWPOLYLINE,2179.189501533663,103.03941472371415,0
GEO-006432,LWPOLYLINE,2179.3165017489814,101.98110292222759,0
GEO-006433,LWPOLYLINE,2379.9341819807114,67.86042505900065,0
GEO-006434,LWPOLYLINE,2379.8918396040026,69.5960964626736,0
GEO-006435,LWPOLYLINE,2379.9130161753183,68.74942118326823,0
GEO-006436,LWPOLYLINE,2380.9925045481214,66.20943840874565,0
GEO-006437,LWPOLYLINE,2378.0715049787577,66.31524590386283,0
GEO-006438,LWPOLYLINE,2379.447346924831,66.31524590386283,0
GEO-006439,LWPOLYLINE,2379.9341819807114,58.71642032199436,0
GEO-006440,LWPOLYLINE,2379.8918396040026,60.45208095974391,0
GEO-006441,LWPOLYLINE,2379.9130161753183,59.60541644626193,0
GEO-006442,LWPOLYLINE,2380.9925045481214,57.06542290581597,0
GEO-006443,LWPOLYLINE,2378.0715049787577,57.17125193277995,0
GEO-006444,LWPOLYLINE,2379.447346924831,57.17125193277995,0
GEO-006445,LWPOLYLINE,2376.4205183285035,45.466087849934894,0
GEO-006446,LWPOLYLINE,2376.378186717718,47.20174848768445,0
GEO-006447,LWPOLYLINE,2376.3993309912635,46.355083974202465,0
GEO-006448,LWPOLYLINE,2377.4788408959134,43.8150904337565,0
GEO-006449,LWPOLYLINE,2374.5578413265503,43.920919460720484,0
GEO-006450,LWPOLYLINE,2375.9336617407753,43.920919460720484,0
GEO-006451,LWPOLYLINE,2376.54751316086,36.40675710042318,0
GEO-006452,LWPOLYLINE,2376.5051815500747,38.14241773817274,0
GEO-006453,LWPOLYLINE,2376.5263258236205,37.295753224690756,0
GEO-006454,LWPOLYLINE,2377.60583572827,34.755738152398,0
GEO-006455,LWPOLYLINE,2374.6848361589073,34.861577945285376,0
GEO-006456,LWPOLYLINE,2376.0606565731323,34.861577945285376,0
GEO-006457,LWPOLYLINE,2124.960506485987,245.9144039577908,0
GEO-006458,LWPOLYLINE,2124.9816722913806,243.1204099867079,0
GEO-006459,LWPOLYLINE,2124.960506485987,239.3104142930772,0
GEO-006460,LWPOLYLINE,2124.9816722913806,235.5003970675998,0
GEO-006461,LWPOLYLINE,2124.960506485987,231.69041213989254,0
GEO-006462,LWPOLYLINE,2124.9816722913806,227.8804056803385,0
GEO-006463,LWPOLYLINE,2124.960506485987,224.0704099867079,0
GEO-006464,LWPOLYLINE,2124.9816722913806,220.2604142930772,0
GEO-006465,LWPOLYLINE,2124.960506485987,216.4504078335232,0
GEO-006466,LWPOLYLINE,2124.9816722913806,212.6404229058159,0
GEO-006467,LWPOLYLINE,2124.960506485987,208.83040568033852,0
GEO-006468,LWPOLYLINE,2124.9816722913806,205.0204099867079,0
GEO-006469,LWPOLYLINE,2124.960506485987,201.21040352715386,0
GEO-006470,LWPOLYLINE,2124.9816722913806,197.4003970675998,0
GEO-006471,LWPOLYLINE,2124.960506485987,193.59041213989255,0
GEO-006472,LWPOLYLINE,2124.9816722913806,189.7804056803385,0
GEO-006473,LWPOLYLINE,2124.960506485987,185.97039922078446,0
GEO-006474,LWPOLYLINE,2124.9816722913806,182.1604142930772,0
GEO-006475,LWPOLYLINE,2124.960506485987,178.35040783352315,0
GEO-006476,LWPOLYLINE,2124.9816722913806,174.5404013739692,0
GEO-006477,LWPOLYLINE,2124.960506485987,171.72525774637853,0
GEO-006478,LWPOLYLINE,2124.960506485987,176.14908871120872,0
GEO-006479,SOLID,2123.817507239602,239.88191257052955,0
GEO-006480,SOLID,2123.817507239602,238.7389106326633,0
GEO-006481,SOLID,2126.0823399269802,239.88191257052955,0
GEO-006482,SOLID,2126.0823399269802,238.7389106326633,0
GEO-006483,LWPOLYLINE,2126.103503040892,239.3104142930773,0
GEO-006484,LWPOLYLINE,2114.821668523307,239.3527459038629,0
GEO-006485,LWPOLYLINE,2117.5521691154327,239.3527459038629,0
GEO-006486,LWPOLYLINE,2120.7906692230927,239.3527459038629,0
GEO-006487,LWPOLYLINE,2123.986835028485,239.3527459038629,0
GEO-006488,LWPOLYLINE,2127.225333790404,239.3527459038629,0
GEO-006489,LWPOLYLINE,2130.4426707841512,239.3527459038629,0
GEO-006490,LWPOLYLINE,2133.2155016413217,239.3527459038629,0
GEO-006491,LWPOLYLINE,2126.653838204432,242.40074568854436,0
GEO-006492,LWPOLYLINE,2128.368343802713,242.40074568854436,0
GEO-006493,LWPOLYLINE,2131.691509823424,242.40075645446774,0
GEO-006494,LWPOLYLINE,2133.003843587394,242.40075107150605,0
GEO-006495,LWPOLYLINE,2134.6971726143584,242.40074568854436,0
GEO-006496,LWPOLYLINE,2117.340507024283,242.40075107150605,0
GEO-006497,LWPOLYLINE,2118.610505140247,242.40075107150605,0
GEO-006498,ELLIPSE,2120.50917992007,242.4007537669404,0
GEO-006499,LWPOLYLINE,2121.743174875202,241.596412785848,0
GEO-006500,SOLID,2123.107718793482,59.7502688340693,0
GEO-006501,SOLID,2123.107718793482,59.009444113474686,0
GEO-006502,SOLID,2123.107718793482,59.7502688340693,0
GEO-006503,SOLID,2123.107718793482,59.009444113474686,0
GEO-006504,LWPOLYLINE,2122.430386106104,59.369273571075595,0
GEO-006505,LWPOLYLINE,2112.7360515885193,59.390450142391785,0
GEO-006506,LWPOLYLINE,2104.904383306964,59.369273571075595,0
GEO-006507,LWPOLYLINE,2104.6927171785937,59.3904393764684,0
GEO-006508,LWPOLYLINE,2106.132051157883,59.369273571075595,0
GEO-006509,LWPOLYLINE,2106.2378855678085,59.07294152965308,0
GEO-006510,LWPOLYLINE,2107.35971766306,59.369273571075595,0
GEO-006511,LWPOLYLINE,2108.587384168238,59.369273571075595,0
GEO-006512,LWPOLYLINE,2111.381384868024,59.348107765682805,0
GEO-006513,LWPOLYLINE,2111.5930496506535,59.05177572426028,0
GEO-006514,LWPOLYLINE,2112.5243841144093,59.26344454411162,0
GEO-006515,LWPOLYLINE,2113.709714971579,59.348107765682805,0
GEO-006516,LWPOLYLINE,2114.9373855139784,59.348107765682805,0
GEO-006517,LWPOLYLINE,2116.1227190626305,59.348107765682805,0
GEO-006518,LWPOLYLINE,2133.910389246421,59.3904393764684,0
GEO-006519,LWPOLYLINE,2192.249341757187,132.69391924540196,0
GEO-006520,LWPOLYLINE,2192.228175951795,133.11725688510467,0
GEO-006521,LWPOLYLINE,2192.228175951795,135.14924956427674,0
GEO-006522,SOLID,2192.2070047634406,133.7734183841281,0
GEO-006523,SOLID,2192.2493309912643,128.1430880652533,0
GEO-006524,LWPOLYLINE,2126.209337450818,203.09425710042314,0
GEO-006525,LWPOLYLINE,2126.188171645425,202.2687476264106,0
GEO-006526,LWPOLYLINE,2126.188174336906,201.42209387885197,0
GEO-006527,LWPOLYLINE,2126.950170245855,203.24240697224934,0
GEO-006528,LWPOLYLINE,2127.45817649009,203.24240697224934,0
GEO-006529,LWPOLYLINE,2130.082838635069,202.26875839233395,0
GEO-006530,LWPOLYLINE,2131.7761730449947,202.26875839233395,0
GEO-006531,LWPOLYLINE,2135.0781732603136,202.26874762641054,0
GEO-006532,LWPOLYLINE,2136.390504332803,202.26874762641054,0
GEO-006533,LWPOLYLINE,2138.0838414342097,202.26875839233395,0
GEO-006534,LWPOLYLINE,2128.2836725066995,201.90891816880963,0
GEO-006535,LWPOLYLINE,2167.1880000264337,141.57859570054103,0
GEO-006536,LWPOLYLINE,2167.166834221041,140.7530969924519,0
GEO-006537,LWPOLYLINE,2167.1668422954835,139.92759290140094,0
GEO-006538,LWPOLYLINE,2167.9288382044324,141.72675633829064,0
GEO-006539,LWPOLYLINE,2168.436839065706,141.72675633829064,0
GEO-006540,LWPOLYLINE,2171.082669707559,140.75310237541356,0
GEO-006541,LWPOLYLINE,2172.7971699228774,140.75310237541356,0
GEO-006542,LWPOLYLINE,2176.0991701381954,140.75310237541356,0
GEO-006543,LWPOLYLINE,2177.4114985192045,140.75310237541356,0
GEO-006544,LWPOLYLINE,2179.1048383120915,140.75310237541356,0
GEO-006545,LWPOLYLINE,2169.283506270669,140.41443872320545,0
GEO-006546,LWPOLYLINE,2184.0790071319434,148.3572450425889,0
GEO-006547,LWPOLYLINE,2183.867338312092,147.679912355211,0
GEO-006548,LWPOLYLINE,2182.533838742729,148.35723965962725,0
GEO-006549,LWPOLYLINE,2185.433672506699,147.67991773817272,0
GEO-006550,LWPOLYLINE,2183.676835297633,146.5157607608371,0
GEO-006551,LWPOLYLINE,2183.973167339055,146.5157553778754,0
GEO-006552,LWPOLYLINE,2184.269499380478,146.5157607608371,0
GEO-006553,LWPOLYLINE,2173.4956737986095,147.9974048190646,0
GEO-006554,LWPOLYLINE,2178.215836804862,251.650574069553,0
GEO-006555,LWPOLYLINE,2202.2378997809537,259.5662164405074,0
GEO-006556,LWPOLYLINE,2337.5585062706687,273.00775451660155,0
GEO-006557,LWPOLYLINE,2337.5585062706687,276.60609215630427,0
GEO-006558,LWPOLYLINE,2212.696333359767,133.15958849589026,0
GEO-006559,LWPOLYLINE,2212.717509931083,132.3340844048394,0
GEO-006560,LWPOLYLINE,2212.717509931083,131.4874252743191,0
GEO-006561,LWPOLYLINE,2213.479511222994,133.3077545166015,0
GEO-006562,LWPOLYLINE,2213.9875013183446,133.3077545166015,0
GEO-006563,LWPOLYLINE,2216.019510146402,132.3340951707628,0
GEO-006564,LWPOLYLINE,2217.2895015336626,132.3340951707628,0
GEO-006565,ELLIPSE,2219.1881862912905,132.33407633435783,0
GEO-006566,LWPOLYLINE,2220.422175305839,131.5297568851047,0
GEO-006567,LWPOLYLINE,2214.7918342210405,131.97424956427676,0
GEO-006568,LWPOLYLINE,2238.116290421652,230.79769244915843,0
GEO-006569,LWPOLYLINE,2238.1163011875756,229.9509956379062,0
GEO-006570,LWPOLYLINE,2238.1162796557282,229.12550769574045,0
GEO-006571,LWPOLYLINE,2238.878291713563,230.92467651559176,0
GEO-006572,LWPOLYLINE,2239.386292574837,230.92467651559176,0
GEO-006573,LWPOLYLINE,2242.0109601027775,229.95100640382964,0
GEO-006574,LWPOLYLINE,2243.7042891297406,229.95100640382964,0
GEO-006575,LWPOLYLINE,2247.0062839620978,229.9510279356764,0
GEO-006576,LWPOLYLINE,2248.3186177260686,229.95101716975304,0
GEO-006577,LWPOLYLINE,2250.0119359871087,229.95100640382964,0
GEO-006578,LWPOLYLINE,2240.2117912829262,229.6335193229377,0
GEO-006579,LWPOLYLINE,2307.214440773396,84.63812793669413,0
GEO-006580,LWPOLYLINE,2307.2144300074724,83.81260769675815,0
GEO-006581,LWPOLYLINE,2307.214440773396,82.98713052051573,0
GEO-006582,LWPOLYLINE,2307.9976294025464,84.78628857444369,0
GEO-006583,LWPOLYLINE,2308.5056087319736,84.78628857444369,0
GEO-006584,LWPOLYLINE,2311.1302762599144,83.81261846268154,0
GEO-006585,LWPOLYLINE,2312.823605286878,83.81261846268154,0
GEO-006586,LWPOLYLINE,2316.125621651082,83.81263999452831,0
GEO-006587,LWPOLYLINE,2317.437944649128,83.81262922860492,0
GEO-006588,LWPOLYLINE,2319.1312736760924,83.81261846268154,0
GEO-006589,LWPOLYLINE,2309.3099308687465,83.4527890050806,0
GEO-006590,LWPOLYLINE,2258.458677889661,62.208918168809674,0
GEO-006591,LWPOLYLINE,2258.4586671237375,61.38341946072048,0
GEO-006592,LWPOLYLINE,2258.4586671237375,60.74842376708984,0
GEO-006593,LWPOLYLINE,2258.606854676296,60.55792075263128,0
GEO-006594,LWPOLYLINE,2259.2418449869638,62.357078806559244,0
GEO-006595,LWPOLYLINE,2259.7498350823153,62.357078806559244,0
GEO-006596,LWPOLYLINE,2262.3745187591403,61.3834086947971,0
GEO-006597,LWPOLYLINE,2264.0678477861047,61.3834086947971,0
GEO-006598,LWPOLYLINE,2267.369842618461,61.3834086947971,0
GEO-006599,LWPOLYLINE,2268.682176382432,61.3834086947971,0
GEO-006600,LWPOLYLINE,2270.375516175319,61.3834086947971,0
GEO-006601,LWPOLYLINE,2260.5118471401483,61.02359000311958,0
GEO-006602,LWPOLYLINE,2257.866003040893,48.95858569675022,0
GEO-006603,LWPOLYLINE,2257.866003040893,48.13306545681424,0
GEO-006604,LWPOLYLINE,2257.866003040893,47.498069763183594,0
GEO-006605,LWPOLYLINE,2258.014169061604,47.28641170925564,0
GEO-006606,LWPOLYLINE,2258.6915017489814,49.106767866346566,0
GEO-006607,LWPOLYLINE,2259.199491844332,49.106767866346566,0
GEO-006608,LWPOLYLINE,2261.824186287081,48.13307622273763,0
GEO-006609,LWPOLYLINE,2263.5175153140453,48.13307622273763,0
GEO-006610,LWPOLYLINE,2266.8195316782485,48.13309775458441,0
GEO-006611,LWPOLYLINE,2268.1318439103716,48.13308698866102,0
GEO-006612,LWPOLYLINE,2269.8251621714126,48.13307622273763,0
GEO-006613,LWPOLYLINE,2259.9403380967733,47.77324676513672,0
GEO-006614,LWPOLYLINE,2126.3043459467326,222.9660488246194,0
GEO-006615,LWPOLYLINE,2126.304356712656,222.1405608824536,0
GEO-006616,LWPOLYLINE,2126.304356712656,221.52672022829233,0
GEO-006617,LWPOLYLINE,2126.452511967444,221.31505140844104,0
GEO-006618,LWPOLYLINE,2127.129847346302,223.11422022829234,0
GEO-006619,LWPOLYLINE,2127.6378482075766,223.11422022829234,0
GEO-006620,LWPOLYLINE,2130.262515735517,222.1405285846834,0
GEO-006621,LWPOLYLINE,2131.955844762481,222.1405285846834,0
GEO-006622,LWPOLYLINE,2135.257850360761,222.1405501165302,0
GEO-006623,LWPOLYLINE,2136.5701787417693,222.1405501165302,0
GEO-006624,LWPOLYLINE,2138.2635077687337,222.1405285846834,0
GEO-006625,LWPOLYLINE,2128.378683694094,221.8230522697149,0
GEO-006626,LWPOLYLINE,2208.330360579491,202.7718272768575,0
GEO-006627,LWPOLYLINE,2222.1563057668927,186.9144088002115,0
GEO-006628,LWPOLYLINE,2142.190179935186,84.5232354737984,0
GEO-006629,LWPOLYLINE,2149.810174013928,84.5232354737984,0
GEO-006630,LWPOLYLINE,2157.47251316086,84.5232354737984,0
GEO-006631,LWPOLYLINE,2165.1348469248296,84.5232354737984,0
GEO-006632,LWPOLYLINE,2172.881843910372,84.5232354737984,0
GEO-006633,LWPOLYLINE,2236.314218210424,123.6076233178108,0
GEO-006634,LWPOLYLINE,2298.7775591194177,86.36010335286457,0
GEO-006635,LWPOLYLINE,2252.0028488626967,108.7544297960069,0
GEO-006636,SOLID,2188.5663462788752,194.8815908643934,0
GEO-006637,LWPOLYLINE,2187.2963441256907,134.70475688510464,0
GEO-006638,LWPOLYLINE,2187.2963441256907,133.22309667799203,0
GEO-006639,LWPOLYLINE,2187.2963441256907,131.69909409417045,0
GEO-006640,LWPOLYLINE,2187.2963441256907,130.217412355211,0
GEO-006641,LWPOLYLINE,2187.2963441256907,128.69340977138938,0
GEO-006642,LWPOLYLINE,2187.2963441256907,127.21176033020015,0
GEO-006643,LWPOLYLINE,2188.058334651678,126.21691364712186,0
GEO-006644,LWPOLYLINE,2189.4341658318267,126.00525559319385,0
GEO-006645,LWPOLYLINE,2190.9158368048625,126.04757643805604,0
GEO-006646,LWPOLYLINE,2192.4398393886845,126.04757643805604,0
GEO-006647,LWPOLYLINE,2193.9638419725056,126.08992958068845,0
GEO-006648,LWPOLYLINE,2195.4455021796184,126.08992958068845,0
GEO-006649,LWPOLYLINE,2196.9694939975166,126.13225042555065,0
GEO-006650,LWPOLYLINE,2197.9431694922405,126.93659409417046,0
GEO-006651,LWPOLYLINE,2198.0913355129524,128.3547461191813,0
GEO-006652,LWPOLYLINE,2198.0913355129524,129.87874870300288,0
GEO-006653,LWPOLYLINE,2198.0913355129524,131.36041967603893,0
GEO-006654,LWPOLYLINE,2198.0913355129524,132.88442225986051,0
GEO-006655,LWPOLYLINE,2198.0913355129524,134.40842484368216,0
GEO-006656,LWPOLYLINE,2198.0913355129524,135.8900742848714,0
GEO-006657,LWPOLYLINE,2197.392842403143,136.9272525787353,0
GEO-006658,LWPOLYLINE,2196.1228402499573,137.26591623094345,0
GEO-006659,LWPOLYLINE,2194.6411800428455,137.26591623094345,0
GEO-006660,LWPOLYLINE,2193.1171774590234,137.22357385423447,0
GEO-006661,LWPOLYLINE,2191.593174875202,137.22357385423447,0
GEO-006662,LWPOLYLINE,2190.111503902166,137.18125300937226,0
GEO-006663,LWPOLYLINE,2188.4181748752017,137.20242419772674,0
GEO-006664,LWPOLYLINE,2187.2963441256907,136.22875946892628,0
GEO-006665,LWPOLYLINE,2226.479212863098,12.49269924349603,0
GEO-006666,LWPOLYLINE,2227.9185522253483,12.49269924349603,0
GEO-006667,LWPOLYLINE,2230.754899339063,12.492666945725844,0
GEO-006668,LWPOLYLINE,2231.8978851280444,12.492688477572635,0
GEO-006669,LWPOLYLINE,2233.3372352562183,12.49269924349603,0
GEO-006670,LWPOLYLINE,2169.304672076062,134.09092699686684,0
GEO-006671,LWPOLYLINE,2179.485844341009,122.2587626987033,0
GEO-006672,LWPOLYLINE,2159.123510577038,139.61542828877765,0
GEO-006673,LWPOLYLINE,2159.123510577038,141.77443194919158,0
GEO-006674,LWPOLYLINE,2159.123510577038,144.18742527431908,0
GEO-006675,LWPOLYLINE,2159.123510577038,146.60042936537002,0
GEO-006676,LWPOLYLINE,2159.123510577038,149.01342807345918,0
GEO-006677,LWPOLYLINE,2159.123510577038,151.42642678154834,0
GEO-006678,LWPOLYLINE,2159.123510577038,153.8394254896375,0
GEO-006679,LWPOLYLINE,2159.123510577038,156.29475580851232,0
GEO-006680,LWPOLYLINE,2159.123510577038,158.70776528252492,0
GEO-006681,LWPOLYLINE,2159.123510577038,161.12076399061408,0
GEO-006682,LWPOLYLINE,2159.123510577038,163.5337626987033,0
GEO-006683,LWPOLYLINE,2159.123510577038,165.94676140679252,0
GEO-006684,LWPOLYLINE,2159.123510577038,168.35976011488168,0
GEO-006685,LWPOLYLINE,2159.123499811115,170.51875300937223,0
GEO-006686,LWPOLYLINE,2183.1689531795164,111.68724013353915,0
GEO-006687,LWPOLYLINE,2184.417784144346,111.68725089946255,0
GEO-006688,LWPOLYLINE,2184.417786835827,111.4755820796113,0
GEO-006689,LWPOLYLINE,2185.751283713709,111.68725089946255,0
GEO-006690,LWPOLYLINE,2187.148286082212,111.68724013353915,0
GEO-006691,LWPOLYLINE,2188.354785436257,111.68725089946255,0
GEO-006692,LWPOLYLINE,2189.010957701204,111.68725089946255,0
GEO-006693,LWPOLYLINE,2189.9422854362574,111.68725089946255,0
GEO-006694,LWPOLYLINE,2191.2757876971004,111.68725089946255,0
GEO-006695,LWPOLYLINE,2183.0897183260568,109.64004829877925,0
GEO-006696,LWPOLYLINE,2184.4232178954207,109.64006983062606,0
GEO-006697,LWPOLYLINE,2185.291042831333,109.64005906470265,0
GEO-006698,LWPOLYLINE,2186.1800443385628,109.64005906470265,0
GEO-006699,LWPOLYLINE,2187.53471509628,109.64005906470265,0
GEO-006700,LWPOLYLINE,2187.5135546738493,110.2750655242567,0
GEO-006701,SOLID,2122.843839819321,265.027922905816,0
GEO-006702,SOLID,2122.843839819321,264.28708741929796,0
GEO-006703,SOLID,2122.843839819321,265.027922905816,0
GEO-006704,SOLID,2122.843839819321,264.28708741929796,0
GEO-006705,LWPOLYLINE,2122.166507131943,264.6469276428223,0
GEO-006706,LWPOLYLINE,2112.472172614358,264.66809344821513,0
GEO-006707,LWPOLYLINE,2104.640504332803,264.64691687689896,0
GEO-006708,LWPOLYLINE,2104.4288382044324,264.6680826822917,0
GEO-006709,LWPOLYLINE,2105.8681721837215,264.64691687689896,0
GEO-006710,LWPOLYLINE,2105.974006593647,264.3505848354764,0
GEO-006711,LWPOLYLINE,2107.0958386888997,264.64691687689896,0
GEO-006712,LWPOLYLINE,2108.323505194077,264.64691687689896,0
GEO-006713,LWPOLYLINE,2111.1175058938616,264.6257510715061,0
GEO-006714,LWPOLYLINE,2112.3875053555657,264.6257510715061,0
GEO-006715,LWPOLYLINE,2112.5991728296767,264.3294190300836,0
GEO-006716,LWPOLYLINE,2113.6998377737955,264.6257510715061,0
GEO-006717,LWPOLYLINE,2149.1125081375058,264.6680826822917,0
GEO-006718,LWPOLYLINE,2174.830843983631,264.6257403055826,0
GEO-006719,LWPOLYLINE,2125.870671107129,268.45691257052954,0
GEO-006720,LWPOLYLINE,2125.8706737986104,267.6314246283638,0
GEO-006721,LWPOLYLINE,2125.8706737986104,266.9964289347331,0
GEO-006722,LWPOLYLINE,2126.018839819321,266.80592592027455,0
GEO-006723,LWPOLYLINE,2126.696169815218,268.60508397420244,0
GEO-006724,LWPOLYLINE,2127.204170676492,268.60508397420244,0
GEO-006725,LWPOLYLINE,2129.828838204433,267.63142462836373,0
GEO-006726,LWPOLYLINE,2131.522167231396,267.63142462836373,0
GEO-006727,LWPOLYLINE,2134.824172829677,267.6314353942871,0
GEO-006728,LWPOLYLINE,2136.1365039021666,267.63142462836373,0
GEO-006729,LWPOLYLINE,2137.829835620611,267.63142462836373,0
GEO-006730,LWPOLYLINE,2128.1990039021657,267.48325322469077,0
GEO-006731,LWPOLYLINE,2179.485844341009,130.51374977959526,0
GEO-006732,LWPOLYLINE,2179.4858443410085,127.42342915005149,0
GEO-006733,LWPOLYLINE,2177.750162171412,127.38109215630425,0
GEO-006734,LWPOLYLINE,2178.5968320678558,127.4022525787353,0
GEO-006735,LWPOLYLINE,2181.136841757187,128.4817463344998,0
GEO-006736,LWPOLYLINE,2181.0310073472615,125.5607521480984,0
GEO-006737,LWPOLYLINE,2181.0310073472615,126.93658332824705,0
GEO-006738,LWPOLYLINE,2310.8038408959137,74.23158009847005,0
GEO-006739,SOLID,2286.1446763824315,70.35808698866103,0
GEO-006740,SOLID,2313.1744972272936,78.10508397420247,0
GEO-006741,LWPOLYLINE,2295.0346699228776,69.2997321234809,0
GEO-006742,LWPOLYLINE,2302.99333572827,69.2997321234809,0
GEO-006743,LWPOLYLINE,2302.9933249623473,69.2997321234809,0
GEO-006744,LWPOLYLINE,2300.643823670436,69.74423556857639,0
GEO-006745,LWPOLYLINE,2300.643823670436,67.75456373426648,0
GEO-006746,LWPOLYLINE,2301.024829699353,69.27856631808811,0
GEO-006747,LWPOLYLINE,2298.400162171413,69.74423556857639,0
GEO-006748,LWPOLYLINE,2298.400162171413,67.75456373426648,0
GEO-006749,LWPOLYLINE,2299.500837881455,69.2785878499349,0
GEO-006750,LWPOLYLINE,2299.522014452771,66.29408009847005,0
GEO-006751,LWPOLYLINE,2299.522014452771,70.06175494723848,0
GEO-006752,LWPOLYLINE,2299.1409976579307,65.02407794528537,0
GEO-006753,LWPOLYLINE,2299.0140028255737,65.10875193277994,0
GEO-006754,LWPOLYLINE,2299.987683703259,64.81240912543402,0
GEO-006755,LWPOLYLINE,2295.055846494194,69.2997321234809,0
GEO-006756,LWPOLYLINE,2291.2670058400317,62.94975365532768,0
GEO-006757,LWPOLYLINE,2292.198344341009,63.03441687689886,0
GEO-006758,LWPOLYLINE,2292.896837450818,63.03441687689886,0
GEO-006759,LWPOLYLINE,2293.7011703535145,63.03441687689886,0
GEO-006760,LWPOLYLINE,2294.8018460635567,63.03441687689886,0
GEO-006761,LWPOLYLINE,2294.653674659883,63.03443840874566,0
GEO-006762,LWPOLYLINE,2294.801835297633,62.44177432590061,0
GEO-006763,LWPOLYLINE,2295.987174229247,63.11910163031683,0
GEO-006764,LWPOLYLINE,2295.987174229247,62.78044874403211,0
GEO-006765,LWPOLYLINE,2298.2308357282704,63.03441687689886,0
GEO-006766,LWPOLYLINE,2299.289169061603,63.03441687689886,0
GEO-006767,LWPOLYLINE,2301.511675521158,63.03441687689886,0
GEO-006768,LWPOLYLINE,2302.464179827527,63.56358354356553,0
GEO-006769,LWPOLYLINE,2302.464169061604,62.82274805704752,0
GEO-006770,LWPOLYLINE,2303.162672937336,62.82276958889432,0
GEO-006771,LWPOLYLINE,2303.818845202283,62.82274805704752,0
GEO-006772,LWPOLYLINE,2304.0305140221344,63.034416876898874,0
GEO-006773,LWPOLYLINE,2304.9195209123254,62.82274805704752,0
GEO-006774,LWPOLYLINE,2305.596837450818,62.82274805704752,0
GEO-006775,LWPOLYLINE,2305.8931694922403,62.82274805704752,0
GEO-006776,LWPOLYLINE,2306.9515028255737,62.82276958889432,0
GEO-006777,LWPOLYLINE,2307.7346806888004,62.94975365532768,0
GEO-006778,LWPOLYLINE,2291.436343049098,67.60642462836368,0
GEO-006779,LWPOLYLINE,2307.0150002417527,67.60642462836368,0
GEO-006780,LWPOLYLINE,2288.430680258164,67.43708741929794,0
GEO-006781,LWPOLYLINE,2288.430680258164,68.0509173075358,0
GEO-006782,LWPOLYLINE,2288.240188009629,67.75458526611328,0
GEO-006783,LWPOLYLINE,2289.870008854491,67.75458526611328,0
GEO-006784,LWPOLYLINE,2304.0093266848944,67.43708741929794,0
GEO-006785,LWPOLYLINE,2304.0093266848944,68.0509173075358,0
GEO-006786,LWPOLYLINE,2303.818845202283,67.75458526611328,0
GEO-006787,LWPOLYLINE,2305.4486768130682,67.75458526611328,0
GEO-006788,LWPOLYLINE,2291.4998296993526,69.27857708401149,0
GEO-006789,LWPOLYLINE,2289.2561682003297,69.27857708401149,0
GEO-006790,LWPOLYLINE,2290.3568546762954,69.2574220445421,0
GEO-006791,LWPOLYLINE,2307.8404989498413,69.27857708401149,0
GEO-006792,LWPOLYLINE,2305.5756716454252,69.27857708401149,0
GEO-006793,LWPOLYLINE,2306.697523926784,69.2574220445421,0
GEO-006794,LWPOLYLINE,2301.173001103026,65.23574676513671,0
GEO-006795,LWPOLYLINE,2301.321194038546,65.02407794528537,0
GEO-006796,LWPOLYLINE,2302.379484308186,65.02408871120876,0
GEO-006797,LWPOLYLINE,2303.6071656165077,65.23574676513671,0
GEO-006798,LWPOLYLINE,2303.734160448865,65.02407794528537,0
GEO-006799,LWPOLYLINE,2808.975521498228,26.9240066970154,0
GEO-006800,LWPOLYLINE,2810.266684073843,26.924028228862184,0
GEO-006801,LWPOLYLINE,2810.266684073843,26.69118283769465,0
GEO-006802,LWPOLYLINE,2811.579012454851,26.92404976070898,0
GEO-006803,LWPOLYLINE,2814.182508794438,26.924028228862184,0
GEO-006804,LWPOLYLINE,2815.2620079331637,27.58018972788562,0
GEO-006805,LWPOLYLINE,2815.283173738557,26.924028228862184,0
GEO-006806,LWPOLYLINE,2815.2620079331637,26.26786672983875,0
GEO-006807,LWPOLYLINE,2816.3626728772824,26.924017462938792,0
GEO-006808,LWPOLYLINE,2817.653846218822,26.924028228862184,0
GEO-006809,LWPOLYLINE,2818.754521928864,27.58018972788562,0
GEO-006810,LWPOLYLINE,2818.754527311826,26.924028228862184,0
GEO-006811,LWPOLYLINE,2818.754521928864,26.26786672983875,0
GEO-006812,LWPOLYLINE,2819.8340156846284,26.924028228862184,0
GEO-006813,LWPOLYLINE,2819.601181059385,26.924028228862184,0
GEO-006814,LWPOLYLINE,2822.437512024215,26.92404976070898,0
GEO-006815,LWPOLYLINE,2823.7286799827925,26.924028228862184,0
GEO-006816,LWPOLYLINE,2823.5170057799787,26.94517250240819,0
GEO-006817,LWPOLYLINE,2825.0410137467625,26.924028228862184,0
GEO-006818,LWPOLYLINE,2826.3321870883015,26.924028228862184,0
GEO-006819,LWPOLYLINE,2826.12051826845,26.94517250240819,0
GEO-006820,LWPOLYLINE,2827.644520852272,26.924028228862184,0
GEO-006821,LWPOLYLINE,2827.7503552621974,26.60651961612347,0
GEO-006822,LWPOLYLINE,2828.9356888108496,26.924028228862184,0
GEO-006823,LWPOLYLINE,2828.9356888108496,26.69118283769465,0
GEO-006824,LWPOLYLINE,2830.248011808896,27.58018972788562,0
GEO-006825,LWPOLYLINE,2830.226856769427,26.924028228862184,0
GEO-006826,LWPOLYLINE,2831.5603455728665,26.924028228862184,0
GEO-006827,LWPOLYLINE,2832.851508148482,26.924028228862184,0
GEO-006828,LWPOLYLINE,2832.9573479413693,26.60651961612347,0
GEO-006829,LWPOLYLINE,2852.1131831739335,22.81304154001405,0
GEO-006830,LWPOLYLINE,2853.7218489793268,22.812998476320473,0
GEO-006831,LWPOLYLINE,2855.140001004338,22.812998476320473,0
GEO-006832,LWPOLYLINE,2857.3836732692844,22.982357217233016,0
GEO-006833,LWPOLYLINE,2857.3836732692844,22.178035080460013,0
GEO-006834,LWPOLYLINE,2860.0083515631477,22.813009242243872,0
GEO-006835,LWPOLYLINE,2861.3418188347414,22.813009242243872,0
GEO-006836,LWPOLYLINE,2862.696516507267,22.813052305937447,0
GEO-006837,LWPOLYLINE,2863.712496697968,22.81302000816726,0
GEO-006838,LWPOLYLINE,2865.0460070332547,22.81304154001405,0
GEO-006839,LWPOLYLINE,2853.7218489793268,22.812998476320473,0
GEO-006840,LWPOLYLINE,2857.3836732692844,22.982357217233016,0
GEO-006841,LWPOLYLINE,2857.3836732692844,22.178035080460013,0
GEO-006842,LWPOLYLINE,3002.713982056312,153.50078336927623,0
GEO-006843,LWPOLYLINE,2879.820349490708,153.50078336927623,0
GEO-006844,LWPOLYLINE,2881.026849517623,153.50078336927623,0
GEO-006845,LWPOLYLINE,3077.8345044494326,152.35777604844833,0
GEO-006846,LWPOLYLINE,3077.8345044494326,298.5771132575141,0
GEO-006847,LWPOLYLINE,2680.578499093386,301.9637820773655,0
GEO-006848,LWPOLYLINE,2880.984504449433,5.037784661187065,0
GEO-006849,LWPOLYLINE,3039.6710070332547,9.567460801866318,0
GEO-006850,LWPOLYLINE,3076.628032010197,19.769777340359155,0
GEO-006851,LWPOLYLINE,3076.628032010197,27.008751932779944,0
GEO-006852,LWPOLYLINE,3047.6296943704947,9.567417738172741,0
GEO-006853,LWPOLYLINE,3039.6710285651016,51.30808698866101,0
GEO-006854,LWPOLYLINE,3039.6710285651016,54.39842376708984,0
GEO-006855,LWPOLYLINE,3039.6710285651016,45.50841946072048,0
GEO-006856,LWPOLYLINE,3003.814668532278,49.93228810628254,0
GEO-006857,LWPOLYLINE,3004.026326586206,49.61477949354382,0
GEO-006858,LWPOLYLINE,3005.127002296248,49.93228810628254,0
GEO-006859,LWPOLYLINE,3004.9576650871822,49.95343237982854,0
GEO-006860,LWPOLYLINE,3006.460501865611,49.93228810628254,0
GEO-006861,LWPOLYLINE,3007.624664225909,56.13410593668619,0
GEO-006862,LWPOLYLINE,3061.091641832788,56.13410593668619,0
GEO-006863,LWPOLYLINE,3071.251659058266,56.13410593668619,0
GEO-006864,LWPOLYLINE,3063.4834855014074,49.93228810628254,0
GEO-006865,LWPOLYLINE,3064.901680590112,49.93228810628254,0
GEO-006866,LWPOLYLINE,3064.922846395505,49.69944271511501,0
GEO-006867,LWPOLYLINE,3066.298688341577,49.93228810628254,0
GEO-006868,LWPOLYLINE,3066.2563351989447,50.58844960530598,0
GEO-006869,LWPOLYLINE,3067.420519091089,49.93228810628254,0
GEO-006870,LWPOLYLINE,3067.230005310707,49.95343237982854,0
GEO-006871,LWPOLYLINE,3029.7438136670976,49.805271742078986,0
GEO-006872,LWPOLYLINE,3031.0985005737,49.80528250800238,0
GEO-006873,LWPOLYLINE,3030.929152598711,49.82643754747178,0
GEO-006874,LWPOLYLINE,3032.3685027268857,49.805271742078986,0
GEO-006875,LWPOLYLINE,3033.7019915303254,49.80528250800238,0
GEO-006876,LWPOLYLINE,3035.0143575920656,49.805271742078986,0
GEO-006877,LWPOLYLINE,3035.2683687886256,49.487773895263665,0
GEO-006878,LWPOLYLINE,3035.945631497501,49.80528250800238,0
GEO-006879,LWPOLYLINE,3036.9193231411105,49.805271742078986,0
GEO-006880,LWPOLYLINE,3038.27399928179,49.80528250800238,0
GEO-006881,LWPOLYLINE,3038.2951866190297,50.46145477294921,0
GEO-006882,LWPOLYLINE,3039.036011339624,49.80528250800238,0
GEO-006883,LWPOLYLINE,3040.051991530325,49.80529327392577,0
GEO-006884,LWPOLYLINE,3041.4278119445503,49.80528250800238,0
GEO-006885,LWPOLYLINE,3072.2888050543597,49.93226657443575,0
GEO-006886,LWPOLYLINE,3073.114336060218,49.93228810628254,0
GEO-006887,LWPOLYLINE,3074.1303162509193,49.93227734035915,0
GEO-006888,LWPOLYLINE,3075.4638481180527,49.93228810628254,0
GEO-006889,LWPOLYLINE,3039.6710070332547,57.53111368815104,0
GEO-006890,LWPOLYLINE,3039.6710070332547,60.70611368815104,0
GEO-006891,LWPOLYLINE,3054.3395130621716,20.84926571316189,0
GEO-006892,LWPOLYLINE,3055.165044068031,20.84926571316189,0
GEO-006893,LWPOLYLINE,3056.053964830835,20.84926571316189,0
GEO-006894,LWPOLYLINE,3055.609504449433,20.87043151855469,0
GEO-006895,LWPOLYLINE,3056.964159058266,20.84926571316189,0
GEO-006896,LWPOLYLINE,3056.815998420516,20.87043151855469,0
GEO-006897,LWPOLYLINE,3058.2130277038277,20.84926571316189,0
GEO-006898,LWPOLYLINE,3058.0436797288385,20.87043151855469,0
GEO-006899,LWPOLYLINE,3058.2130277038277,20.19308268229166,0
GEO-006900,LWPOLYLINE,3059.398377401364,20.84926571316189,0
GEO-006901,LWPOLYLINE,3059.4194786112166,21.50544874403212,0
GEO-006902,LWPOLYLINE,3064.0761711160994,20.84928724500868,0
GEO-006903,LWPOLYLINE,3065.3673498406,20.84926571316189,0
GEO-006904,LWPOLYLINE,3065.2191892028504,20.87043151855469,0
GEO-006905,LWPOLYLINE,3004.4920173685414,17.039248487684453,0
GEO-006906,LWPOLYLINE,3005.8890251200055,17.039291551378035,0
GEO-006907,LWPOLYLINE,3006.100650876164,16.74293797810872,0
GEO-006908,LWPOLYLINE,3007.3494872239553,17.039259253607852,0
GEO-006909,LWPOLYLINE,3007.3283429504095,16.84879930284288,0
GEO-006910,LWPOLYLINE,3008.8735221055476,17.039259253607852,0
GEO-006911,LWPOLYLINE,3009.783684035208,17.039259253607852,0
GEO-006912,LWPOLYLINE,3010.7573326151232,17.039259253607852,0
GEO-006913,LWPOLYLINE,3012.239003588159,17.039259253607852,0
GEO-006914,LWPOLYLINE,3014.821361037161,17.039259253607852,0
GEO-006915,LWPOLYLINE,3014.779029426375,17.69543151855468,0
GEO-006916,LWPOLYLINE,3015.498688341577,17.039259253607852,0
GEO-006917,LWPOLYLINE,3016.514668532278,17.039259253607852,0
GEO-006918,LWPOLYLINE,3016.472358453339,17.69543151855468,0
GEO-006919,LWPOLYLINE,3017.6153442423206,17.039259253607852,0
GEO-006920,LWPOLYLINE,3018.7583407972243,17.039259253607852,0
GEO-006921,LWPOLYLINE,3018.589003588159,17.10278896755642,0
GEO-006922,LWPOLYLINE,3020.8538524244223,17.208617994520395,0
GEO-006923,LWPOLYLINE,3020.8538524244223,16.446595170762798,0
GEO-006924,LWPOLYLINE,3053.1965165072675,30.882266574435768,0
GEO-006925,LWPOLYLINE,3054.5300053107067,30.882266574435768,0
GEO-006926,LWPOLYLINE,3054.783973443574,30.543624454074433,0
GEO-006927,LWPOLYLINE,3055.990532010197,30.88227734035916,0
GEO-006928,LWPOLYLINE,3055.9481573357175,30.64942118326823,0
GEO-006929,LWPOLYLINE,3057.5568446729567,30.88228810628255,0
GEO-006930,LWPOLYLINE,3058.466995836694,30.88227734035916,0
GEO-006931,LWPOLYLINE,3059.4406659484557,30.88227734035916,0
GEO-006932,LWPOLYLINE,3060.9011711160992,30.88227734035916,0
GEO-006933,LWPOLYLINE,3063.4835070332547,30.88227734035916,0
GEO-006934,LWPOLYLINE,3064.986343811683,30.88228810628255,0
GEO-006935,LWPOLYLINE,3065.938848118052,30.289602491590713,0
GEO-006936,LWPOLYLINE,3053.1965165072675,43.772769588894306,0
GEO-006937,LWPOLYLINE,3054.5088395053144,43.772769588894306,0
GEO-006938,LWPOLYLINE,3054.339513062172,43.81511196560329,0
GEO-006939,LWPOLYLINE,3055.7788739562684,43.7727803548177,0
GEO-006940,LWPOLYLINE,3056.64669350922,43.772769588894306,0
GEO-006941,LWPOLYLINE,3057.6415078945283,43.77279112074109,0
GEO-006942,LWPOLYLINE,3059.0173283087533,43.772769588894306,0
GEO-006943,LWPOLYLINE,3053.1965165072675,40.513106367323125,0
GEO-006944,LWPOLYLINE,3054.5300053107067,40.513106367323125,0
GEO-006945,LWPOLYLINE,3054.783973443574,40.174442715115006,0
GEO-006946,LWPOLYLINE,3055.990532010197,40.513117133246524,0
GEO-006947,LWPOLYLINE,3055.9481573357175,40.25912746853298,0
GEO-006948,LWPOLYLINE,3057.5568446729567,40.513127899169916,0
GEO-006949,LWPOLYLINE,3058.932686619029,40.513117133246524,0
GEO-006950,LWPOLYLINE,3072.669832615123,22.161610243055556,0
GEO-006951,LWPOLYLINE,3072.9026564744436,21.84410163031684,0
GEO-006952,LWPOLYLINE,3074.024487223955,22.161610243055556,0
GEO-006953,LWPOLYLINE,3073.8974923915985,22.18275451660156,0
GEO-006954,LWPOLYLINE,3075.336810222003,22.161610243055556,0
GEO-006955,LWPOLYLINE,3053.2811797288387,34.16311713324653,0
GEO-006956,LWPOLYLINE,3053.3023240023845,33.90912746853298,0
GEO-006957,LWPOLYLINE,3054.6146685322783,34.16310636732314,0
GEO-006958,LWPOLYLINE,3056.0116547518965,34.16310636732314,0
GEO-006959,LWPOLYLINE,3057.4086840352084,34.16311713324653,0
GEO-006960,LWPOLYLINE,3057.599176283743,33.82444271511501,0
GEO-006961,LWPOLYLINE,3058.7845044494334,34.16312789916992,0
GEO-006962,LWPOLYLINE,3060.2238653435306,34.16311713324653,0
GEO-006963,LWPOLYLINE,3061.430337782766,34.16311713324653,0
GEO-006964,LWPOLYLINE,3061.2821771450162,34.16311713324652,0
GEO-006965,LWPOLYLINE,3062.7215165072676,34.16310636732314,0
GEO-006966,LWPOLYLINE,3053.1330190910885,14.01243065728081,0
GEO-006967,LWPOLYLINE,3054.4453420891355,14.033607228596999,0
GEO-006968,LWPOLYLINE,3055.8846599195394,14.033617994520394,0
GEO-006969,LWPOLYLINE,3055.884681451386,13.84308268229166,0
GEO-006970,LWPOLYLINE,3057.175860175887,14.033617994520394,0
GEO-006971,LWPOLYLINE,3058.2976478617056,14.033617994520394,0
GEO-006972,LWPOLYLINE,3058.1494872239555,14.09711541069878,0
GEO-006973,LWPOLYLINE,3059.2078420891357,14.20292290581597,0
GEO-006974,LWPOLYLINE,3059.2078420891357,13.440953911675344,0
GEO-006975,LWPOLYLINE,3004.2379846401336,30.607100338406035,0
GEO-006976,LWPOLYLINE,3005.5291633646348,30.607121870252826,0
GEO-006977,LWPOLYLINE,3006.22767800629,30.607121870252826,0
GEO-006978,LWPOLYLINE,3007.18018231266,30.607121870252826,0
GEO-006979,LWPOLYLINE,3007.0320216749105,30.64942118326823,0
GEO-006980,LWPOLYLINE,3008.4501736999214,30.607121870252826,0
GEO-006981,LWPOLYLINE,3009.868325724932,30.607121870252826,0
GEO-006982,LWPOLYLINE,3009.889491530325,31.28445994059245,0
GEO-006983,LWPOLYLINE,3051.397315389646,27.537961663140184,0
GEO-006984,LWPOLYLINE,3027.0556487229787,32.34279327392578,0
GEO-006985,LWPOLYLINE,3039.6710070332547,18.58443840874565,0
GEO-006986,LWPOLYLINE,3063.462298164168,38.946772172715924,0
GEO-006987,LWPOLYLINE,3071.251615994572,38.946772172715924,0
GEO-006988,LWPOLYLINE,3071.272781799965,9.56743927001953,0
GEO-006989,LWPOLYLINE,3064.012630636228,42.2064461602105,0
GEO-006990,LWPOLYLINE,3064.012630636228,38.94678293863933,0
GEO-006991,LWPOLYLINE,3064.012630636228,35.68709818522135,0
GEO-006992,LWPOLYLINE,3064.012630636228,32.38510335286458,0
GEO-006993,LWPOLYLINE,3039.6709532036375,48.38709818522135,0
GEO-006994,LWPOLYLINE,3039.6709532036375,9.56743927001953,0
GEO-006995,LWPOLYLINE,3064.012630636228,23.41043582492404,0
GEO-006996,LWPOLYLINE,3071.251615994572,20.997437116834845,0
GEO-006997,LWPOLYLINE,3064.012652168074,14.07593883938259,0
GEO-006998,LWPOLYLINE,3010.884284383787,30.7341059366862,0
GEO-006999,LWPOLYLINE,3010.884284383787,30.247270880805125,0
GEO-007000,LWPOLYLINE,3053.1964734435733,37.67679155137803,0
GEO-007001,LWPOLYLINE,3054.064336060219,37.69794659084744,0
GEO-007002,LWPOLYLINE,3054.5088395053144,37.67677001953124,0
GEO-007003,LWPOLYLINE,3054.95334295041,37.69794659084744,0
GEO-007004,LWPOLYLINE,3055.821162503361,37.69794659084744,0
GEO-007005,LWPOLYLINE,3055.609504449433,37.67677001953124,0
GEO-007006,LWPOLYLINE,3057.1758171121937,37.67679155137803,0
GEO-007007,LWPOLYLINE,3058.043679728838,37.69794659084744,0
GEO-007008,LWPOLYLINE,3058.488161642087,38.01544443766275,0
GEO-007009,LWPOLYLINE,3058.593990669051,37.35927217271592,0
GEO-007010,LWPOLYLINE,3059.842837782766,37.67678078545464,0
GEO-007011,LWPOLYLINE,3059.631179728838,37.67677001953124,0
GEO-007012,LWPOLYLINE,3061.15518231266,37.69794659084744,0
GEO-007013,LWPOLYLINE,3060.922315389646,37.69794659084744,0
GEO-007014,LWPOLYLINE,3073.9398455342316,20.99742635091146,0
GEO-007015,LWPOLYLINE,3076.670320557289,25.823434533013234,0
GEO-007016,LWPOLYLINE,3076.670320557289,18.563283369276256,0
GEO-007017,LWPOLYLINE,3039.6921513068005,45.50844099256727,0
GEO-007018,LWPOLYLINE,3054.3606788675643,20.84926571316189,0
GEO-007019,LWPOLYLINE,3055.207332615123,20.84926571316189,0
GEO-007020,LWPOLYLINE,3057.0064906690513,20.84926571316189,0
GEO-007021,LWPOLYLINE,3056.8583084994543,20.87043151855469,0
GEO-007022,LWPOLYLINE,3059.440665948456,20.84926571316189,0
GEO-007023,LWPOLYLINE,3064.0973369214926,20.84928724500868,0
GEO-007024,LWPOLYLINE,3004.5131616420867,17.039248487684453,0
GEO-007025,LWPOLYLINE,3006.143014784719,16.74293797810872,0
GEO-007026,LWPOLYLINE,3008.9158429504096,17.039259253607852,0
GEO-007027,LWPOLYLINE,3009.825994114147,17.039259253607852,0
GEO-007028,LWPOLYLINE,3010.7996857577555,17.039259253607852,0
GEO-007029,LWPOLYLINE,3014.8213179734676,17.69543151855468,0
GEO-007030,LWPOLYLINE,3015.540976888669,17.039259253607852,0
GEO-007031,LWPOLYLINE,3017.6576650871825,17.039259253607852,0
GEO-007032,LWPOLYLINE,3018.779495836694,17.039259253607852,0
GEO-007033,LWPOLYLINE,3020.8538524244223,17.208617994520395,0
GEO-007034,LWPOLYLINE,3020.8538524244223,16.446595170762798,0
GEO-007035,LWPOLYLINE,3053.21768231266,30.861133066813146,0
GEO-007036,LWPOLYLINE,3054.5512141797935,30.861133066813146,0
GEO-007037,LWPOLYLINE,3056.0116762837433,30.861122300889754,0
GEO-007038,LWPOLYLINE,3055.99051047835,30.64942118326823,0
GEO-007039,LWPOLYLINE,3060.922336921492,30.88227734035916,0
GEO-007040,LWPOLYLINE,3065.007509617076,30.88228810628255,0
GEO-007041,LWPOLYLINE,3065.9811797288385,30.289602491590713,0
GEO-007042,LWPOLYLINE,3053.21768231266,43.772769588894306,0
GEO-007043,LWPOLYLINE,3055.821162503361,43.7727803548177,0
GEO-007044,LWPOLYLINE,3057.6626306362277,43.77279112074109,0
GEO-007045,LWPOLYLINE,3053.21768231266,40.491929796006936,0
GEO-007046,LWPOLYLINE,3054.5512141797935,40.491929796006936,0
GEO-007047,LWPOLYLINE,3055.99051047835,40.25912746853298,0
GEO-007048,LWPOLYLINE,3072.7121642259085,22.161610243055556,0
GEO-007049,LWPOLYLINE,3072.945009617076,21.84410163031684,0
GEO-007050,LWPOLYLINE,3074.045674561195,22.161610243055556,0
GEO-007051,LWPOLYLINE,3054.6358343376705,34.16310636732314,0
GEO-007052,LWPOLYLINE,3056.0328636209824,34.16310636732314,0
GEO-007053,LWPOLYLINE,3057.641486362682,33.82444271511501,0
GEO-007054,LWPOLYLINE,3058.8268360602187,34.16312789916992,0
GEO-007055,LWPOLYLINE,3061.472647861705,34.16311713324653,0
GEO-007056,LWPOLYLINE,3061.3244872239557,34.16311713324652,0
GEO-007057,LWPOLYLINE,3062.74268231266,34.16310636732314,0
GEO-007058,LWPOLYLINE,3054.466507894528,14.012441423204205,0
GEO-007059,LWPOLYLINE,3055.9058257249317,14.012441423204205,0
GEO-007060,LWPOLYLINE,3057.197004449433,14.012441423204205,0
GEO-007061,LWPOLYLINE,3058.3188351989447,14.012441423204205,0
GEO-007062,LWPOLYLINE,3059.2078420891357,14.20292290581597,0
GEO-007063,LWPOLYLINE,3059.2078420891357,13.398600769042964,0
GEO-007064,LWPOLYLINE,3004.28031625092,30.607100338406035,0
GEO-007065,LWPOLYLINE,3006.270009617076,30.607121870252826,0
GEO-007066,LWPOLYLINE,3007.201348118053,30.607121870252826,0
GEO-007067,LWPOLYLINE,3009.910678867564,30.607121870252826,0
GEO-007068,LWPOLYLINE,3009.9318339070337,31.28445994059245,0
GEO-007069,LWPOLYLINE,3027.0768360602187,32.34279327392578,0
GEO-007070,LWPOLYLINE,3039.6921513068005,18.58443840874565,0
GEO-007071,LWPOLYLINE,3063.462298164168,38.946772172715924,0
GEO-007072,LWPOLYLINE,3071.293947605357,38.946772172715924,0
GEO-007073,LWPOLYLINE,3064.0549622470144,42.2064461602105,0
GEO-007074,LWPOLYLINE,3064.0549622470144,38.94678293863933,0
GEO-007075,LWPOLYLINE,3064.0549622470144,35.64476657443576,0
GEO-007076,LWPOLYLINE,3064.0549622470144,32.38510335286458,0
GEO-007077,LWPOLYLINE,3064.0549622470144,23.41043582492404,0
GEO-007078,LWPOLYLINE,3071.293947605357,20.997437116834845,0
GEO-007079,LWPOLYLINE,3010.884284383787,30.7341059366862,0
GEO-007080,LWPOLYLINE,3010.884284383787,30.247270880805125,0
GEO-007081,LWPOLYLINE,3054.106624607311,37.67677001953125,0
GEO-007082,LWPOLYLINE,3054.5511280524065,37.67677001953124,0
GEO-007083,LWPOLYLINE,3054.995631497502,37.67677001953125,0
GEO-007084,LWPOLYLINE,3055.863515645993,37.67678078545464,0
GEO-007085,LWPOLYLINE,3055.6518575920654,37.67677001953124,0
GEO-007086,LWPOLYLINE,3058.086011339624,37.67678078545464,0
GEO-007087,LWPOLYLINE,3058.5304932528725,38.01544443766275,0
GEO-007088,LWPOLYLINE,3058.6363222798363,37.33810636732312,0
GEO-007089,LWPOLYLINE,3061.197513923446,37.67678078545464,0
GEO-007090,LWPOLYLINE,3060.964690064125,37.67678078545464,0
GEO-007091,LWPOLYLINE,3073.982177145017,20.99742635091146,0
GEO-007092,LWPOLYLINE,2880.984504449433,153.5007833692763,0
GEO-007093,LWPOLYLINE,2867.818845964868,252.0739547729492,0
GEO-007094,LWPOLYLINE,2891.6313459648686,246.5071111043294,0
GEO-007095,LWPOLYLINE,2911.7608451035944,251.2907876756456,0
GEO-007096,SOLID,2866.083174561195,247.54427863226994,0
GEO-007097,SOLID,2918.767017368541,246.86694056193028,0
GEO-007098,SOLID,2918.767017368541,246.1049500359429,0
GEO-007099,LWPOLYLINE,2902.0030104783505,246.46479025946718,0
GEO-007100,LWPOLYLINE,2901.9606788675646,248.2004401312934,0
GEO-007101,LWPOLYLINE,2901.981855438881,247.35377561781138,0
GEO-007102,LWPOLYLINE,2903.061354577607,244.8137820773654,0
GEO-007103,SOLID,3001.1688244330207,256.4766253153483,0
GEO-007104,SOLID,3001.1688244330207,255.71462402343744,0
GEO-007105,SOLID,3001.1688244330207,256.4766253153483,0
GEO-007106,SOLID,3001.1688244330207,255.71462402343744,0
GEO-007107,LWPOLYLINE,3000.512652168074,256.07445348103835,0
GEO-007108,LWPOLYLINE,2990.8394807644017,256.1168066236708,0
GEO-007109,LWPOLYLINE,2982.690355008243,256.09561928643114,0
GEO-007110,LWPOLYLINE,2981.2933472567793,254.55044013129339,0
GEO-007111,LWPOLYLINE,2981.2933472567793,255.67229241265187,0
GEO-007112,LWPOLYLINE,2981.2933257249324,256.75179155137806,0
GEO-007113,LWPOLYLINE,2981.2933472567793,257.83127992418076,0
GEO-007114,SOLID,2976.319146139157,281.53794013129345,0
GEO-007115,SOLID,2976.319146139157,280.41610938178167,0
GEO-007116,SOLID,2974.054340366588,281.53794013129345,0
GEO-007117,SOLID,2974.054340366588,280.41610938178167,0
GEO-007118,LWPOLYLINE,2965.227833476397,280.9664418538412,0
GEO-007119,LWPOLYLINE,2967.894832615123,280.9664418538412,0
GEO-007120,LWPOLYLINE,2971.0698326151232,280.9664418538412,0
GEO-007121,LWPOLYLINE,2974.287164225909,280.9664418538412,0
GEO-007122,LWPOLYLINE,2977.483330031301,280.9664418538412,0
GEO-007123,LWPOLYLINE,2980.637164225909,280.9664418538412,0
GEO-007124,LWPOLYLINE,2983.34649497542,280.9664418538412,0
GEO-007125,LWPOLYLINE,2975.197336921492,289.2214397006564,0
GEO-007126,LWPOLYLINE,2975.197336921492,282.8291080898709,0
GEO-007127,LWPOLYLINE,2975.197336921492,276.4791080898708,0
GEO-007128,LWPOLYLINE,2975.197336921492,270.12910808987084,0
GEO-007129,LWPOLYLINE,2975.197336921492,263.7367764790853,0
GEO-007130,LWPOLYLINE,2975.197336921492,257.3444448682997,0
GEO-007131,LWPOLYLINE,2975.197336921492,250.9732790629069,0
GEO-007132,LWPOLYLINE,2975.197336921492,244.6232790629069,0
GEO-007133,LWPOLYLINE,2975.197336921492,238.2521132575141,0
GEO-007134,LWPOLYLINE,2975.197336921492,231.8597816467285,0
GEO-007135,LWPOLYLINE,2975.197336921492,225.48861584133567,0
GEO-007136,LWPOLYLINE,2881.788837352129,256.116785091824,0
GEO-007137,LWPOLYLINE,2881.852324002384,256.116785091824,0
GEO-007138,LWPOLYLINE,2880.2225031575217,256.116785091824,0
GEO-007139,LWPOLYLINE,2880.286011339624,256.116785091824,0
GEO-007140,LWPOLYLINE,2880.624685757755,256.41311713324654,0
GEO-007141,LWPOLYLINE,2880.666995836694,256.41311713324654,0
GEO-007142,LWPOLYLINE,2880.56116680973,255.8416188557942,0
GEO-007143,LWPOLYLINE,2880.56116680973,255.7781214396158,0
GEO-007144,LWPOLYLINE,2880.624685757755,255.75694486829966,0
GEO-007145,LWPOLYLINE,2880.624685757755,255.8416188557942,0
GEO-007146,LWPOLYLINE,2881.0056917866723,256.1167743259006,0
GEO-007147,LWPOLYLINE,2881.4290078945287,256.4554487440321,0
GEO-007148,LWPOLYLINE,2881.4290078945287,256.4131171332466,0
GEO-007149,LWPOLYLINE,2881.450173699921,255.862784661187,0
GEO-007150,LWPOLYLINE,2881.450173699921,255.7992872450086,0
GEO-007151,LWPOLYLINE,2881.513671116099,255.8204530504014,0
GEO-007152,LWPOLYLINE,2880.264824002384,256.11677432590056,0
GEO-007153,LWPOLYLINE,2878.7196771450162,256.15912746853303,0
GEO-007154,LWPOLYLINE,2879.1430147847195,256.45544874403214,0
GEO-007155,LWPOLYLINE,2879.016019952362,255.8416188557942,0
GEO-007156,LWPOLYLINE,2879.016019952362,255.75695563422306,0
GEO-007157,LWPOLYLINE,2879.058351563148,255.75695563422306,0
GEO-007158,LWPOLYLINE,2879.058351563148,255.8416188557942,0
GEO-007159,LWPOLYLINE,2879.4816676710043,256.1167743259006,0
GEO-007160,LWPOLYLINE,2879.8414971286047,256.4554487440321,0
GEO-007161,LWPOLYLINE,2879.8414971286047,256.4131171332466,0
GEO-007162,LWPOLYLINE,2879.905005310707,256.41311713324654,0
GEO-007163,LWPOLYLINE,2879.862652168074,255.8416188557942,0
GEO-007164,LWPOLYLINE,2879.862652168074,255.75694486829966,0
GEO-007165,LWPOLYLINE,2879.9261818820232,255.7781214396158,0
GEO-007166,LWPOLYLINE,2879.9261818820232,255.8416188557942,0
GEO-007167,LWPOLYLINE,2878.2963502712373,254.381113688151,0
GEO-007168,LWPOLYLINE,2878.169344672958,254.4234452989366,0
GEO-007169,LWPOLYLINE,2879.3546836045707,254.3387820773654,0
GEO-007170,LWPOLYLINE,2876.581833907034,256.1167958577474,0
GEO-007171,LWPOLYLINE,2987.135324863658,256.1591167026096,0
GEO-007172,LWPOLYLINE,2988.7016805901126,256.1591167026096,0
GEO-007173,LWPOLYLINE,2988.4688351989453,256.1591059366862,0
GEO-007174,LWPOLYLINE,2990.0563459648683,256.1591167026096,0
GEO-007175,LWPOLYLINE,2991.4109898077777,256.8364547729492,0
GEO-007176,LWPOLYLINE,2991.410989807777,256.1591167026096,0
GEO-007177,LWPOLYLINE,2866.061987223956,249.2799608018663,0
GEO-007178,LWPOLYLINE,2866.061987223956,248.07345606486,0
GEO-007179,LWPOLYLINE,2963.6826650871826,283.56995434231226,0
GEO-007180,LWPOLYLINE,2965.291320126652,283.56995434231226,0
GEO-007181,LWPOLYLINE,2965.0161538906223,283.5487777709961,0
GEO-007182,LWPOLYLINE,2966.9211840352073,283.56995434231226,0
GEO-007183,LWPOLYLINE,2968.529849840601,283.56995434231226,0
GEO-007184,LWPOLYLINE,2968.656855438881,283.14661670260955,0
GEO-007185,LWPOLYLINE,2970.1596599195395,283.56995434231226,0
GEO-007186,LWPOLYLINE,2969.8844936835094,283.5487777709961,0
GEO-007187,LWPOLYLINE,2971.768325724932,283.56995434231226,0
GEO-007188,LWPOLYLINE,2971.768325724932,283.56995434231226,0
GEO-007189,LWPOLYLINE,2978.372336921492,284.4801162719727,0
GEO-007190,LWPOLYLINE,2978.372336921492,283.6546175638835,0
GEO-007191,LWPOLYLINE,2979.388317112194,283.6546175638835,0
GEO-007192,LWPOLYLINE,2979.938660350176,283.6757726033529,0
GEO-007193,LWPOLYLINE,2980.489003588159,283.6546175638835,0
GEO-007194,LWPOLYLINE,2981.5896685322778,283.6546175638835,0
GEO-007195,LWPOLYLINE,2981.314491530325,283.6757941351997,0
GEO-007196,LWPOLYLINE,2983.2195216749096,283.6546175638835,0
GEO-007197,LWPOLYLINE,2983.3465165072666,283.252456495497,0
GEO-007198,LWPOLYLINE,2984.8070109089867,283.6546175638835,0
GEO-007199,LWPOLYLINE,2986.4368102220024,283.6546175638835,0
GEO-007200,LWPOLYLINE,2986.4368102220024,283.3794513278538,0
GEO-007201,LWPOLYLINE,2988.045476027395,283.6546175638835,0
GEO-007202,LWPOLYLINE,2988.045476027395,283.6546175638835,0
GEO-007203,LWPOLYLINE,2872.3484790418543,254.4657769097222,0
GEO-007204,LWPOLYLINE,2914.3643252942948,254.4657769097222,0
GEO-007205,LWPOLYLINE,2869.3851801594756,254.27528466118707,0
GEO-007206,LWPOLYLINE,2869.3851801594756,254.8679487440321,0
GEO-007207,LWPOLYLINE,2869.194677145016,254.59279327392574,0
GEO-007208,LWPOLYLINE,2870.824497989879,254.59279327392574,0
GEO-007209,LWPOLYLINE,2911.401026411917,254.25411885579427,0
GEO-007210,LWPOLYLINE,2911.401026411917,254.8467829386393,0
GEO-007211,LWPOLYLINE,2911.231678436927,254.55046166314014,0
GEO-007212,LWPOLYLINE,2912.8191784369283,254.55046166314014,0
GEO-007213,LWPOLYLINE,2900.1191784369275,244.9196218702528,0
GEO-007214,LWPOLYLINE,2901.516196954316,244.9196218702528,0
GEO-007215,LWPOLYLINE,2808.8485059566624,206.22694702148436,0
GEO-007216,LWPOLYLINE,2830.5866709007814,190.881113688151,0
GEO-007217,LWPOLYLINE,2808.848495190739,202.45928293863926,0
GEO-007218,LWPOLYLINE,2803.916674130558,217.23362876044376,0
GEO-007219,LWPOLYLINE,2804.4881724080105,216.6409646775987,0
GEO-007220,LWPOLYLINE,2805.4406713314174,216.47162746853294,0
GEO-007221,LWPOLYLINE,2806.5836678863225,216.47162746853294,0
GEO-007222,LWPOLYLINE,2807.6843435963647,216.47162746853294,0
GEO-007223,LWPOLYLINE,2808.827340151269,216.47162746853294,0
GEO-007224,LWPOLYLINE,2809.9280050953885,216.47162746853294,0
GEO-007225,LWPOLYLINE,2811.071001650293,216.47162746853294,0
GEO-007226,LWPOLYLINE,2812.214008971121,216.47162746853294,0
GEO-007227,LWPOLYLINE,2813.1876736999216,216.32345606486,0
GEO-007228,LWPOLYLINE,2813.759171977374,215.77312359280054,0
GEO-007229,LWPOLYLINE,2804.1495033728406,215.9847924126519,0
GEO-007230,LWPOLYLINE,2804.8056756377873,216.47162746853294,0
GEO-007231,LWPOLYLINE,2805.927506387299,216.47162746853294,0
GEO-007232,LWPOLYLINE,2807.049337136811,216.47162746853294,0
GEO-007233,LWPOLYLINE,2808.1711678863226,216.47162746853294,0
GEO-007234,LWPOLYLINE,2809.3141752071506,216.47162746853294,0
GEO-007235,LWPOLYLINE,2810.436005956662,216.47162746853294,0
GEO-007236,LWPOLYLINE,2811.5578367061735,216.47162746853294,0
GEO-007237,LWPOLYLINE,2812.7008386440407,216.47162746853294,0
GEO-007238,LWPOLYLINE,2813.4205083251654,216.87379930284283,0
GEO-007239,LWPOLYLINE,2808.8485005737,216.47160593668616,0
GEO-007240,LWPOLYLINE,2803.705005310707,214.2702760484483,0
GEO-007241,SOLID,2802.6255007890186,213.1907876756456,0
GEO-007242,SOLID,2802.6255007890186,212.407620578342,0
GEO-007243,LWPOLYLINE,2808.869677145017,234.5902889675564,0
GEO-007244,LWPOLYLINE,2875.777501004337,256.1167958577474,0
GEO-007245,LWPOLYLINE,2880.264845534231,256.1167958577474,0
GEO-007246,LWPOLYLINE,2881.831179728838,256.1167958577474,0
GEO-007247,LWPOLYLINE,2877.2803485486893,256.1167958577474,0
GEO-007248,LWPOLYLINE,2876.3490100477125,256.1167958577474,0
GEO-007249,LWPOLYLINE,2875.3965057413434,256.1167958577474,0
GEO-007250,LWPOLYLINE,2874.46517800629,256.1167958577474,0
GEO-007251,LWPOLYLINE,2873.4915186604517,256.1167958577474,0
GEO-007252,LWPOLYLINE,2900.6906874803035,256.1167958577474,0
GEO-007253,LWPOLYLINE,2909.242006602618,256.1167958577474,0
GEO-007254,SOLID,2808.890826801525,235.09828982883027,0
GEO-007255,LWPOLYLINE,2872.412008755802,256.116785091824,0
GEO-007256,LWPOLYLINE,2870.1895130621715,256.116785091824,0
GEO-007257,LWPOLYLINE,2871.311343811683,256.1167958577474,0
GEO-007258,LWPOLYLINE,2915.4650117702613,256.6882833692763,0
GEO-007259,LWPOLYLINE,2915.4650117702613,256.116785091824,0
GEO-007260,LWPOLYLINE,2913.242505310707,256.116785091824,0
GEO-007261,LWPOLYLINE,2914.3220367472036,256.1167958577474,0
GEO-007262,LWPOLYLINE,2827.284670685463,205.5284539116753,0
GEO-007263,LWPOLYLINE,2822.966674130558,205.48612230088975,0
GEO-007264,LWPOLYLINE,2822.077667240368,206.65026312934026,0
GEO-007265,LWPOLYLINE,2822.0988276627986,207.1794297960069,0
GEO-007266,LWPOLYLINE,2823.009000358382,206.65026312934026,0
GEO-007267,LWPOLYLINE,2822.860828954709,206.6714504665799,0
GEO-007268,CIRCLE,2830.713610160433,205.5284539116753,0
GEO-007269,LWPOLYLINE,2830.7136711160992,205.5284431457519,0
GEO-007270,LWPOLYLINE,2830.629007894528,206.65026312934026,0
GEO-007271,LWPOLYLINE,2830.6501629339973,207.1794297960069,0
GEO-007272,LWPOLYLINE,2831.221671977374,206.65026312934026,0
GEO-007273,LWPOLYLINE,2816.4473423044537,205.5284539116753,0
GEO-007274,LWPOLYLINE,2812.700827878117,205.5284539116753,0
GEO-007275,LWPOLYLINE,2811.7695055260247,205.5284539116753,0
GEO-007276,LWPOLYLINE,2904.1831745611953,258.7414418538411,0
GEO-007277,LWPOLYLINE,2904.1831853271187,256.1379508972168,0
GEO-007278,LWPOLYLINE,2904.225527703827,257.1751184251573,0
GEO-007279,LWPOLYLINE,2905.3685350246556,257.32327906290686,0
GEO-007280,CIRCLE,2908.64912729304,259.4611223008897,0
GEO-007281,LWPOLYLINE,2808.8273455342305,198.56461325751405,0
GEO-007282,LWPOLYLINE,2908.670497559242,256.1167958577474,0
GEO-007283,LWPOLYLINE,2909.6018360602184,256.1167958577474,0
GEO-007284,LWPOLYLINE,2910.5331637952713,256.1167958577474,0
GEO-007285,LWPOLYLINE,2911.4856573357183,256.1167958577474,0
GEO-007286,LWPOLYLINE,2969.3764820563124,256.1167958577474,0
GEO-007287,LWPOLYLINE,2944.8020022962482,256.1167958577474,0
GEO-007288,LWPOLYLINE,2916.6291795135203,256.1167958577474,0
GEO-007289,LWPOLYLINE,2909.2420389003883,256.1167958577474,0
GEO-007290,LWPOLYLINE,2904.1620410535725,256.1167958577474,0
GEO-007291,LWPOLYLINE,2902.2993640516197,256.1167958577474,0
GEO-007292,LWPOLYLINE,2818.7814206608164,245.6604573567708,0
GEO-007293,LWPOLYLINE,2853.4043296006644,190.881113688151,0
GEO-007294,LWPOLYLINE,2835.285673484603,190.881113688151,0
GEO-007295,LWPOLYLINE,2947.236188341578,76.49643970065647,0
GEO-007296,ARC,2934.8536872505674,95.05529985514232,0
GEO-007297,ARC,2934.853663753336,57.841173236664346,0
GEO-007298,LWPOLYLINE,2934.853653890622,53.636444007025815,0
GEO-007299,LWPOLYLINE,2934.853653890622,45.360280354817704,0
GEO-007300,LWPOLYLINE,2934.8536754224688,43.56111153496636,0
GEO-007301,LWPOLYLINE,2936.504672838648,49.974608951144745,0
GEO-007302,LWPOLYLINE,2936.6951758531054,47.01128853691948,0
GEO-007303,LWPOLYLINE,2936.0813351989436,46.99011196560329,0
GEO-007304,LWPOLYLINE,2936.3988330457596,46.77843237982854,0
GEO-007305,LWPOLYLINE,2936.3988330457596,48.40828552246093,0
GEO-007306,LWPOLYLINE,2934.8536754224688,47.85794228447807,0
GEO-007307,LWPOLYLINE,2934.8536754224688,50.08044874403211,0
GEO-007308,LWPOLYLINE,2934.853653890622,49.00094960530598,0
GEO-007309,LWPOLYLINE,2939.594988085229,126.40744895935055,0
GEO-007310,LWPOLYLINE,2939.595009617076,119.16845821804465,0
GEO-007311,LWPOLYLINE,2939.595009617076,116.94595175849065,0
GEO-007312,LWPOLYLINE,2939.595009617076,118.06779327392576,0
GEO-007313,LWPOLYLINE,2941.330648722979,119.1261158413357,0
GEO-007314,LWPOLYLINE,2941.478841658499,115.9299608018663,0
GEO-007315,LWPOLYLINE,2940.865011770261,115.9299608018663,0
GEO-007316,LWPOLYLINE,2941.182509617076,115.7394470214843,0
GEO-007317,LWPOLYLINE,2941.182509617076,117.36927863226995,0
GEO-007318,LWPOLYLINE,2902.701503588159,190.881113688151,0
GEO-007319,SOLID,2934.4726942866364,97.3503095014717,0
GEO-007320,SOLID,2935.234695578547,97.3503095014717,0
GEO-007321,SOLID,2935.234695578547,97.3503095014717,0
GEO-007322,LWPOLYLINE,2919.825339935951,256.1167958577474,0
GEO-007323,SOLID,2825.86651327749,191.15627992418075,0
GEO-007324,SOLID,2825.86651327749,190.56360507541228,0
GEO-007325,SOLID,2801.3131670250486,195.89761411878794,0
GEO-007326,SOLID,2801.3131670250486,195.32611584133565,0
GEO-007327,LWPOLYLINE,2874.5679333035578,190.881113688151,0
GEO-007328,LWPOLYLINE,2902.892017368541,258.55094960530596,0
GEO-007329,SOLID,2714.2123304619386,213.1696218702528,0
GEO-007330,SOLID,2714.2123304619386,212.4287863837348,0
GEO-007331,SOLID,2714.2123304619386,213.1696218702528,0
GEO-007332,SOLID,2714.2123304619386,212.4287863837348,0
GEO-007333,LWPOLYLINE,2713.534997774561,212.78861584133568,0
GEO-007334,LWPOLYLINE,2703.8406659484563,212.8098031785753,0
GEO-007335,LWPOLYLINE,2696.009000358382,212.78862660725906,0
GEO-007336,LWPOLYLINE,2695.7973342300115,212.8097924126519,0
GEO-007337,LWPOLYLINE,2697.2366655178193,212.78862660725906,0
GEO-007338,LWPOLYLINE,2697.3424985820047,212.49229456583654,0
GEO-007339,LWPOLYLINE,2698.4643320229975,212.78862660725906,0
GEO-007340,LWPOLYLINE,2699.6919985281756,212.78862660725906,0
GEO-007341,LWPOLYLINE,2702.48599922796,212.76743927001957,0
GEO-007342,LWPOLYLINE,2703.7771671865376,212.7674500359429,0
GEO-007343,LWPOLYLINE,2705.068332453634,212.7674500359429,0
GEO-007344,LWPOLYLINE,2706.084334176182,212.6404659695095,0
GEO-007345,LWPOLYLINE,2707.333166486753,212.9791296217176,0
GEO-007346,LWPOLYLINE,2707.481329815983,212.7674500359429,0
GEO-007347,LWPOLYLINE,2708.49732750131,212.7674500359429,0
GEO-007348,LWPOLYLINE,2709.4498304619383,212.7674500359429,0
GEO-007349,LWPOLYLINE,2931.9518658174493,143.59477734035914,0
GEO-007350,SOLID,2714.2123304619386,107.1246197170681,0
GEO-007351,SOLID,2714.2123304619386,106.3837842305501,0
GEO-007352,SOLID,2714.2123304619386,107.1246197170681,0
GEO-007353,SOLID,2714.2123304619386,106.3837842305501,0
GEO-007354,LWPOLYLINE,2713.534997774561,106.74362445407439,0
GEO-007355,LWPOLYLINE,2703.8406659484563,106.7647902594672,0
GEO-007356,LWPOLYLINE,2696.009000358382,106.74361368815104,0
GEO-007357,LWPOLYLINE,2695.7973342300115,106.7647794935438,0
GEO-007358,LWPOLYLINE,2697.2366655178193,106.74361368815104,0
GEO-007359,LWPOLYLINE,2697.3424985820047,106.4472816467285,0
GEO-007360,LWPOLYLINE,2698.4643320229975,106.74361368815104,0
GEO-007361,LWPOLYLINE,2699.6919985281756,106.74361368815104,0
GEO-007362,LWPOLYLINE,2702.48599922796,106.72244788275825,0
GEO-007363,LWPOLYLINE,2703.7559986896645,106.72244788275825,0
GEO-007364,LWPOLYLINE,2703.967666163775,106.4261158413357,0
GEO-007365,LWPOLYLINE,2705.068332453634,106.72244788275825,0
GEO-007366,LWPOLYLINE,2706.084334176182,106.637784661187,0
GEO-007367,LWPOLYLINE,2707.036831753849,106.72244788275825,0
GEO-007368,LWPOLYLINE,2708.285666755901,106.72244788275825,0
GEO-007369,LWPOLYLINE,2709.4498304619383,106.72244788275825,0
GEO-007370,LWPOLYLINE,2796.0426688552557,106.7647794935438,0
GEO-007371,LWPOLYLINE,2901.7913308925754,106.7647794935438,0
GEO-007372,LWPOLYLINE,2945.4158429504096,101.5577760484483,0
GEO-007373,LWPOLYLINE,2953.014668532278,108.5851033528645,0
GEO-007374,CIRCLE,2958.00993145313,108.5851033528645,0
GEO-007375,LWPOLYLINE,2957.480814959009,109.72812143961585,0
GEO-007376,LWPOLYLINE,2958.581512200897,109.72809990776905,0
GEO-007377,LWPOLYLINE,2820.4409723467734,248.07207303905645,0
GEO-007378,LWPOLYLINE,2821.6686428891726,248.07207303905645,0
GEO-007379,LWPOLYLINE,2822.5788155847567,248.07206227313304,0
GEO-007380,LWPOLYLINE,2949.2469936835087,106.8917743259006,0
GEO-007381,LWPOLYLINE,2946.2836732692845,106.72245864868165,0
GEO-007382,LWPOLYLINE,2946.2836732692845,107.3151227315267,0
GEO-007383,LWPOLYLINE,2946.114314528371,107.01879069010415,0
GEO-007384,LWPOLYLINE,2947.7018468261413,107.01879069010415,0
GEO-007385,LWPOLYLINE,2950.3476909253986,109.1566016303168,0
GEO-007386,LWPOLYLINE,2950.3476909253986,108.58511411878794,0
GEO-007387,LWPOLYLINE,2948.125173699921,108.58511411878794,0
GEO-007388,LWPOLYLINE,2949.2046513068008,108.58510335286455,0
GEO-007389,SOLID,2714.233498958812,167.0051162719726,0
GEO-007390,SOLID,2714.233498958812,166.2642861684163,0
GEO-007391,SOLID,2714.233498958812,167.0051162719726,0
GEO-007392,SOLID,2714.233498958812,166.2642861684163,0
GEO-007393,LWPOLYLINE,2713.577334768308,166.64528143141,0
GEO-007394,LWPOLYLINE,2703.79833231906,166.7087788475884,0
GEO-007395,LWPOLYLINE,2714.233498958812,166.6241210089789,0
GEO-007396,SOLID,2693.3631663521783,179.4934474521213,0
GEO-007397,SOLID,2693.3631663521783,180.2342775556776,0
GEO-007398,SOLID,2693.3631663521783,179.4934474521213,0
GEO-007399,SOLID,2693.3631663521783,180.2342775556776,0
GEO-007400,LWPOLYLINE,2694.019333907034,179.8532822926839,0
GEO-007401,LWPOLYLINE,2703.798334337671,179.7897848765055,0
GEO-007402,LWPOLYLINE,2693.3631663521783,179.874442715115,0
GEO-007403,LWPOLYLINE,2699.311000573701,179.87444809807664,0
GEO-007404,LWPOLYLINE,2699.3109992279606,180.509449174669,0
GEO-007405,LWPOLYLINE,2700.4328299774716,179.87444809807664,0
GEO-007406,LWPOLYLINE,2702.8881656793083,179.87444809807664,0
GEO-007407,LWPOLYLINE,2703.713665733138,179.87444809807664,0
GEO-007408,LWPOLYLINE,2704.560332938101,179.87444809807664,0
GEO-007409,LWPOLYLINE,2704.1369993356193,179.916785091824,0
GEO-007410,LWPOLYLINE,2705.3434986896636,179.7897794935438,0
GEO-007411,LWPOLYLINE,2706.5711651948413,180.08611153496628,0
GEO-007412,LWPOLYLINE,2706.719333907034,179.87444809807664,0
GEO-007413,LWPOLYLINE,2707.777665894627,179.87444809807664,0
GEO-007414,LWPOLYLINE,2708.962996751798,179.87444809807664,0
GEO-007415,LWPOLYLINE,2695.289332022997,166.6241102430555,0
GEO-007416,LWPOLYLINE,2695.141166002286,166.6664526197645,0
GEO-007417,LWPOLYLINE,2696.4323339608636,166.62410486009384,0
GEO-007418,LWPOLYLINE,2696.6439987434933,166.327778201633,0
GEO-007419,LWPOLYLINE,2697.7446663790934,166.62411562601721,0
GEO-007420,LWPOLYLINE,2699.0781659484564,166.6241102430555,0
GEO-007421,LWPOLYLINE,2701.6393333687374,166.62410486009384,0
GEO-007422,LWPOLYLINE,2702.443663579953,166.62410486009384,0
GEO-007423,LWPOLYLINE,2703.332662395701,166.62410486009384,0
GEO-007424,LWPOLYLINE,2702.888162987827,166.6664418538411,0
GEO-007425,LWPOLYLINE,2704.094662341872,166.5394362555609,0
GEO-007426,LWPOLYLINE,2705.3435000354048,166.83578444586857,0
GEO-007427,LWPOLYLINE,2705.491663364635,166.6241102430555,0
GEO-007428,LWPOLYLINE,2706.5076664329226,166.62411562601721,0
GEO-007429,LWPOLYLINE,2707.73533159236,166.62411562601721,0
GEO-007430,LWPOLYLINE,2758.5353329381005,193.56927863226997,0
GEO-007431,LWPOLYLINE,2758.5353329381005,181.12328444586853,0
GEO-007432,SOLID,2766.5786646565457,206.98894831339516,0
GEO-007433,SOLID,2766.5786646565457,207.5816123962402,0
GEO-007434,SOLID,2745.962330461939,179.59928186204695,0
GEO-007435,SOLID,2745.962330461939,180.19194594489198,0
GEO-007436,SOLID,2746.1104964826495,166.89928186204696,0
GEO-007437,SOLID,2746.1104964826495,166.3277835845947,0
GEO-007438,LWPOLYLINE,2821.3156605654945,204.38544659084738,0
GEO-007439,LWPOLYLINE,2822.5009994971088,204.38544659084738,0
GEO-007440,LWPOLYLINE,2823.4534984205156,204.38544659084738,0
GEO-007441,LWPOLYLINE,2829.697674776513,204.38544659084738,0
GEO-007442,LWPOLYLINE,2830.9253345529896,204.38544659084738,0
GEO-007443,LWPOLYLINE,2831.8778388593582,204.38544659084738,0
GEO-007444,LWPOLYLINE,2907.6333515631486,258.3181257459852,0
GEO-007445,LWPOLYLINE,2908.861022105548,258.3181257459852,0
GEO-007446,LWPOLYLINE,2909.8135264119164,258.31811498006186,0
GEO-007447,LWPOLYLINE,2907.5910307182867,260.2654444376627,0
GEO-007448,LWPOLYLINE,2907.5910307182867,259.969133928087,0
GEO-007449,LWPOLYLINE,2908.861022105548,260.2654444376627,0
GEO-007450,LWPOLYLINE,2910.1310134928085,260.2654444376627,0
GEO-007451,LWPOLYLINE,2910.3426823126592,259.96912316216356,0
GEO-007452,LWPOLYLINE,2880.4553485486895,254.42346683078347,0
GEO-007453,LWPOLYLINE,2881.640665948456,254.42346683078347,0
GEO-007454,LWPOLYLINE,2882.593181020749,254.42345606486,0
GEO-007455,LWPOLYLINE,2941.2883171121935,120.35377561781141,0
GEO-007456,LWPOLYLINE,2941.2883171121935,121.5814461602105,0
GEO-007457,LWPOLYLINE,2941.288327878117,122.7456246693929,0
GEO-007458,LWPOLYLINE,3061.3456530293483,20.78578982883029,0
GEO-007459,LWPOLYLINE,2947.257332615123,248.34860048299663,0
GEO-007460,LWPOLYLINE,2969.3764928222363,203.792771742079,0
GEO-007461,SOLID,3001.1688244330207,204.15261196560328,0
GEO-007462,SOLID,3001.1688244330207,203.39061067369244,0
GEO-007463,SOLID,3001.1688244330207,204.15261196560328,0
GEO-007464,SOLID,3001.1688244330207,203.39061067369244,0
GEO-007465,LWPOLYLINE,3000.512652168074,203.75045089721675,0
GEO-007466,LWPOLYLINE,2990.8394807644017,203.792771742079,0
GEO-007467,LWPOLYLINE,2986.669698676863,203.70811928643116,0
GEO-007468,LWPOLYLINE,2986.6696879109395,204.3431257459852,0
GEO-007469,LWPOLYLINE,2987.83386103716,203.70813005235453,0
GEO-007470,LWPOLYLINE,2990.2891805901127,203.70811928643116,0
GEO-007471,LWPOLYLINE,2991.5591504455265,203.70811928643116,0
GEO-007472,LWPOLYLINE,2911.379828308754,192.70143754747176,0
GEO-007473,LWPOLYLINE,2911.379828308754,192.6591274685329,0
GEO-007474,LWPOLYLINE,2908.5223369214928,190.96577690972214,0
GEO-007475,LWPOLYLINE,2908.3953313232123,190.9657769097222,0
GEO-007476,LWPOLYLINE,2909.453653890622,190.96577690972214,0
GEO-007477,LWPOLYLINE,2909.474830461938,191.5161093817816,0
GEO-007478,LWPOLYLINE,2910.533163795271,190.881113688151,0
GEO-007479,LWPOLYLINE,2910.681335198944,194.267771742079,0
GEO-007480,LWPOLYLINE,2912.1206637952714,190.92346683078335,0
GEO-007481,LWPOLYLINE,2913.3060027268857,190.92346683078335,0
GEO-007482,LWPOLYLINE,2914.2585070332543,190.92345606486,0
GEO-007483,LWPOLYLINE,2908.776326586206,194.09845606485993,0
GEO-007484,LWPOLYLINE,2908.6281659484566,194.1407769097222,0
GEO-007485,LWPOLYLINE,2909.453653890622,194.09845606485993,0
GEO-007486,LWPOLYLINE,2912.0783321844865,194.09846683078337,0
GEO-007487,LWPOLYLINE,2913.2636711161003,194.09846683078337,0
GEO-007488,LWPOLYLINE,2914.216164656546,194.09845606485993,0
GEO-007489,LWPOLYLINE,2893.00718791094,257.76778250800237,0
GEO-007490,LWPOLYLINE,2893.00718791094,257.7254401312934,0
GEO-007491,LWPOLYLINE,2890.1496965236784,256.0321111043295,0
GEO-007492,LWPOLYLINE,2890.022690925399,256.0321111043294,0
GEO-007493,LWPOLYLINE,2891.081013492808,256.0321111043295,0
GEO-007494,LWPOLYLINE,2891.1021900641244,256.5824435763889,0
GEO-007495,LWPOLYLINE,2892.160523397458,255.9474478827582,0
GEO-007496,LWPOLYLINE,2892.308694801131,259.3341059366862,0
GEO-007497,LWPOLYLINE,2893.7480449293053,255.9897794935438,0
GEO-007498,LWPOLYLINE,2894.9756939398576,255.9897794935438,0
GEO-007499,LWPOLYLINE,2896.2033537163325,255.9897794935438,0
GEO-007500,LWPOLYLINE,2890.424851993785,259.16477949354385,0
GEO-007501,LWPOLYLINE,2890.2555255506422,259.1647794935438,0
GEO-007502,LWPOLYLINE,2891.123366635441,259.16477949354385,0
GEO-007503,LWPOLYLINE,2893.7056917866726,259.16477949354385,0
GEO-007504,LWPOLYLINE,2894.9333623290713,259.16477949354385,0
GEO-007505,LWPOLYLINE,2896.118701260685,259.1647902594673,0
GEO-007506,SOLID,2904.4371642259084,190.5001076592339,0
GEO-007507,SOLID,2904.4371642259084,191.26211971706812,0
GEO-007508,SOLID,2904.4371642259084,191.26211971706812,0
GEO-007509,LWPOLYLINE,2958.2851801594757,203.7716167026096,0
GEO-007510,LWPOLYLINE,2956.020352855059,203.7716167026096,0
GEO-007511,LWPOLYLINE,2957.1210285651014,203.792771742079,0
GEO-007512,LWPOLYLINE,2957.120985501408,205.40145907931856,0
GEO-007513,LWPOLYLINE,2957.120985501408,209.80411885579426,0
GEO-007514,LWPOLYLINE,2956.464834768308,207.62395477294922,0
GEO-007515,LWPOLYLINE,2957.7771577663543,207.62395477294922,0
GEO-007516,LWPOLYLINE,2957.1210070332545,207.6027889675564,0
GEO-007517,LWPOLYLINE,2957.099841227862,211.518613688151,0
GEO-007518,LWPOLYLINE,2956.105005310707,212.5769577874077,0
GEO-007519,SOLID,2957.1210070332545,212.9156214396159,0
GEO-007520,SOLID,2957.1421513068003,212.9156214396159,0
GEO-007521,SOLID,2957.1210070332545,212.8944556342231,0
GEO-007522,SOLID,2957.163360175887,212.8944556342231,0
GEO-007523,SOLID,2957.1209855014076,212.8732898288303,0
GEO-007524,SOLID,2957.1421513068003,212.8732898288303,0
GEO-007525,SOLID,2957.1210070332545,212.8309582180447,0
GEO-007526,SOLID,2957.142162072724,212.8309582180447,0
GEO-007527,SOLID,2957.1210070332545,212.7886266072591,0
GEO-007528,SOLID,2957.14218360457,212.7886266072591,0
GEO-007529,SOLID,2957.1210070332545,212.7251184251573,0
GEO-007530,SOLID,2957.1421728386476,212.7251184251573,0
GEO-007531,SOLID,2957.099851993785,212.6616102430555,0
GEO-007532,SOLID,2957.1210070332545,212.6616102430555,0
GEO-007533,SOLID,2957.1210070332545,212.5981128268771,0
GEO-007534,SOLID,2957.1210070332545,212.5981128268771,0
GEO-007535,SOLID,2957.099851993785,212.53461541069873,0
GEO-007536,SOLID,2957.1210070332545,212.53461541069873,0
GEO-007537,SOLID,2957.099851993785,212.4711179945204,0
GEO-007538,SOLID,2957.099851993785,212.4711179945204,0
GEO-007539,SOLID,2957.0998412278614,212.407620578342,0
GEO-007540,SOLID,2957.1210070332545,212.407620578342,0
GEO-007541,SOLID,2957.099830461939,212.3441231621636,0
GEO-007542,SOLID,2957.1210070332545,212.3441231621636,0
GEO-007543,SOLID,2957.0998304619384,212.28061498006178,0
GEO-007544,SOLID,2957.1210070332545,212.28061498006178,0
GEO-007545,SOLID,2957.0998412278623,212.2382726033528,0
GEO-007546,SOLID,2957.1209855014076,212.2382726033528,0
GEO-007547,SOLID,2957.078653890622,212.21710679796,0
GEO-007548,SOLID,2957.1210070332545,212.21710679796,0
GEO-007549,SOLID,2957.0998627597087,212.21710679796,0
GEO-007550,SOLID,2957.1210070332545,212.21710679796,0
GEO-007551,LWPOLYLINE,2957.121017799178,212.55578121609156,0
GEO-007552,LWPOLYLINE,2958.1158321844855,212.5769577874077,0
GEO-007553,LWPOLYLINE,2961.015665948456,212.5557812160915,0
GEO-007554,LWPOLYLINE,2954.750339935951,213.8257833692762,0
GEO-007555,LWPOLYLINE,2953.4803377827657,215.3921175638834,0
GEO-007556,LWPOLYLINE,2956.464834768308,216.0059474521213,0
GEO-007557,LWPOLYLINE,2957.7771577663543,216.0059474521213,0
GEO-007558,LWPOLYLINE,2957.16333864404,221.043613688151,0
GEO-007559,LWPOLYLINE,2957.078653890622,221.1071218702528,0
GEO-007560,LWPOLYLINE,2957.1209855014076,209.88878207736545,0
GEO-007561,LWPOLYLINE,2957.1209855014076,209.69828982883024,0
GEO-007562,LWPOLYLINE,2960.99448937714,212.55578121609156,0
GEO-007563,LWPOLYLINE,2960.803986362682,212.55578121609156,0
GEO-007564,LWPOLYLINE,2959.555160780813,215.9847924126519,0
GEO-007565,LWPOLYLINE,2957.120985501408,213.86812574598525,0
GEO-007566,LWPOLYLINE,2957.120985501408,218.18612230088974,0
GEO-007567,LWPOLYLINE,2957.0363438116838,215.8577760484483,0
GEO-007568,LWPOLYLINE,2960.5499966979687,217.33943625556094,0
GEO-007569,LWPOLYLINE,2960.401846826142,217.38177863227,0
GEO-007570,LWPOLYLINE,2960.5499966979687,216.7044297960069,0
GEO-007571,LWPOLYLINE,2961.375484640134,216.7679379781087,0
GEO-007572,LWPOLYLINE,2962.32801047835,217.33944702148435,0
GEO-007573,LWPOLYLINE,2963.1958300313013,216.7679379781087,0
GEO-007574,LWPOLYLINE,2962.8995087558023,213.65644616021046,0
GEO-007575,LWPOLYLINE,2962.87834295041,213.4447881062825,0
GEO-007576,LWPOLYLINE,2963.788494114146,213.0849478827582,0
GEO-007577,LWPOLYLINE,2964.7409768886682,213.65644616021046,0
GEO-007578,LWPOLYLINE,2965.6088179734675,213.0849478827582,0
GEO-007579,LWPOLYLINE,2959.70334295041,210.48144616021045,0
GEO-007580,LWPOLYLINE,2960.126669824189,210.6931149800618,0
GEO-007581,LWPOLYLINE,2960.274830461938,210.20627992418076,0
GEO-007582,LWPOLYLINE,2961.4601801594754,210.7989440070258,0
GEO-007583,LWPOLYLINE,2961.438982056312,210.16394831339517,0
GEO-007584,LWPOLYLINE,2962.4973261555688,210.3967829386393,0
GEO-007585,LWPOLYLINE,2963.682654321259,210.48144616021045,0
GEO-007586,LWPOLYLINE,2964.9103463955053,210.48144616021045,0
GEO-007587,LWPOLYLINE,2965.8416633646348,210.48144616021045,0
GEO-007588,LWPOLYLINE,2954.157643555335,201.6761158413357,0
GEO-007589,LWPOLYLINE,2954.580981195038,201.88778466118706,0
GEO-007590,LWPOLYLINE,2954.729152598711,201.4009388393826,0
GEO-007591,LWPOLYLINE,2955.8933472567787,201.6761158413357,0
GEO-007592,LWPOLYLINE,2956.909338213403,201.5914418538411,0
GEO-007593,LWPOLYLINE,2958.136997989878,201.67612660725905,0
GEO-007594,LWPOLYLINE,2959.32235845334,201.67612660725905,0
GEO-007595,LWPOLYLINE,2960.274830461939,201.6761158413357,0
GEO-007596,CIRCLE,2821.41459228599,249.1727164513286,0
GEO-007597,LWPOLYLINE,2820.8854595003504,250.31571300623312,0
GEO-007598,LWPOLYLINE,2821.98612444447,250.31571300623312,0
GEO-007599,LWPOLYLINE,2830.332665087182,248.68727518717446,0
GEO-007600,LWPOLYLINE,2830.332665087182,247.52311282687714,0
GEO-007601,LWPOLYLINE,2830.332665087182,246.3801162719726,0
GEO-007602,CIRCLE,2830.290294212407,243.0781214396159,0
GEO-007603,LWPOLYLINE,2829.69766401059,244.24228379991314,0
GEO-007604,LWPOLYLINE,2830.840665948457,244.24228379991314,0
GEO-007605,LWPOLYLINE,2830.819500143063,244.7714504665798,0
GEO-007606,CIRCLE,2830.290294185583,251.9681257459852,0
GEO-007607,LWPOLYLINE,2830.2903388593586,251.96811498006178,0
GEO-007608,LWPOLYLINE,2830.332665087182,238.86594314575188,0
GEO-007609,LWPOLYLINE,2830.290344242321,232.79110938178167,0
GEO-007610,LWPOLYLINE,2844.535501865611,241.57528466118703,0
GEO-007611,LWPOLYLINE,2844.51434144318,239.58561282687714,0
GEO-007612,SOLID,2848.938161642087,238.7812906901041,0
GEO-007613,SOLID,2848.938161642087,238.16745003594292,0
GEO-007614,LWPOLYLINE,2848.0915025115664,238.4214504665798,0
GEO-007615,LWPOLYLINE,2844.556656905081,234.01876915825736,0
GEO-007616,LWPOLYLINE,2843.2019969132866,239.352778201633,0
GEO-007617,CIRCLE,2839.815294185583,241.9774349636501,0
GEO-007618,LWPOLYLINE,2844.5354964826493,240.11477949354384,0
GEO-007619,LWPOLYLINE,2844.535501865611,240.83444917466906,0
GEO-007620,LWPOLYLINE,2838.6088341223526,243.2051162719726,0
GEO-007621,LWPOLYLINE,2839.709499066471,243.2051162719726,0
GEO-007622,LWPOLYLINE,2840.831329815983,243.2051162719726,0
GEO-007623,LWPOLYLINE,2832.152994329465,233.0874414232042,0
GEO-007624,LWPOLYLINE,2831.5603248636585,233.0874414232042,0
GEO-007625,LWPOLYLINE,2831.8566622880426,232.8757941351996,0
GEO-007626,LWPOLYLINE,2831.8566622880426,234.46328336927627,0
GEO-007627,LWPOLYLINE,2830.311510047713,234.78078121609155,0
GEO-007628,LWPOLYLINE,2830.311510047713,236.9821111043294,0
GEO-007629,LWPOLYLINE,2830.3115100477125,235.90261196560323,0
GEO-007630,LWPOLYLINE,2830.2903388593586,251.9681257459852,0
GEO-007631,LWPOLYLINE,2829.930493252872,253.2804487440321,0
GEO-007632,LWPOLYLINE,2830.9676715467367,253.8731128268771,0
GEO-007633,LWPOLYLINE,2830.967671546736,253.2804487440321,0
GEO-007634,LWPOLYLINE,2830.9676715467367,252.6877846611871,0
GEO-007635,LWPOLYLINE,2831.856667671004,235.7756171332465,0
GEO-007636,LWPOLYLINE,2821.456963160764,244.9605381574647,0
GEO-007637,LWPOLYLINE,2821.414642315902,238.88570439349445,0
GEO-007638,LWPOLYLINE,2823.2772924030464,239.18203643491694,0
GEO-007639,LWPOLYLINE,2822.68462293724,239.18203643491694,0
GEO-007640,LWPOLYLINE,2822.9809603616245,238.9703891469124,0
GEO-007641,LWPOLYLINE,2822.9809603616245,240.557878380989,0
GEO-007642,LWPOLYLINE,2821.435808121295,240.87537622780434,0
GEO-007643,LWPOLYLINE,2821.435808121295,243.07670611604215,0
GEO-007644,LWPOLYLINE,2821.435808121295,241.99720697731607,0
GEO-007645,LWPOLYLINE,2822.980954978662,241.87021214495928,0
GEO-007646,LWPOLYLINE,2956.73891257963,107.59598143165084,0
GEO-007647,LWPOLYLINE,2957.924262277167,107.59598143165084,0
GEO-007648,LWPOLYLINE,2959.1519220536425,107.59598143165084,0
GEO-007649,LWPOLYLINE,2828.977994329465,242.44311498006186,0
GEO-007650,LWPOLYLINE,2830.205675637787,242.44311498006186,0
GEO-007651,LWPOLYLINE,2831.1581637952722,242.44311498006186,0
GEO-007652,LWPOLYLINE,2829.0626683169603,250.95211325751404,0
GEO-007653,LWPOLYLINE,2830.290328093435,250.95211325751404,0
GEO-007654,LWPOLYLINE,2831.22166121145,250.95211325751404,0
GEO-007655,LWPOLYLINE,2847.3506724080107,236.4529552035861,0
GEO-007656,LWPOLYLINE,2848.239663149316,236.4529552035861,0
GEO-007657,LWPOLYLINE,2848.239663149316,236.3471154106988,0
GEO-007658,LWPOLYLINE,2849.1286646565454,236.4529552035861,0
GEO-007659,LWPOLYLINE,2848.9804986358345,236.43177863227,0
GEO-007660,LWPOLYLINE,2850.017660780813,236.4529552035861,0
GEO-007661,LWPOLYLINE,2849.8695055260255,236.43177863227,0
GEO-007662,LWPOLYLINE,2851.9438351989447,236.4529552035861,0
GEO-007663,LWPOLYLINE,2852.9809919609615,236.4529552035861,0
GEO-007664,LWPOLYLINE,2852.8328313232123,236.43177863227,0
GEO-007665,LWPOLYLINE,2853.870009617076,236.4529552035861,0
GEO-007666,LWPOLYLINE,2854.7590057413436,236.8974478827582,0
GEO-007667,LWPOLYLINE,2854.759016507267,236.4529552035861,0
GEO-007668,LWPOLYLINE,2828.7239938988287,225.78494788275822,0
GEO-007669,LWPOLYLINE,2755.106335198945,181.61011411878795,0
GEO-007670,LWPOLYLINE,2755.106335198945,191.8547730339898,0
GEO-007671,LWPOLYLINE,2755.106335198945,190.73295305040142,0
GEO-007672,LWPOLYLINE,2755.1275010043373,186.64777497185594,0
GEO-007673,LWPOLYLINE,2754.640665948456,187.45211325751404,0
GEO-007674,LWPOLYLINE,2754.6406659484564,188.0024349636501,0
GEO-007675,LWPOLYLINE,2755.5720017579524,187.45211325751404,0
GEO-007676,LWPOLYLINE,2755.4450042341145,187.494455634223,0
GEO-007677,CIRCLE,2755.063952623699,195.1991102430555,0
GEO-007678,LWPOLYLINE,2755.1275010043373,195.17794443766275,0
GEO-007679,LWPOLYLINE,2755.106335198945,196.3421283298068,0
GEO-007680,LWPOLYLINE,2755.0851640105902,196.8924608018663,0
GEO-007681,LWPOLYLINE,2755.656667671004,196.3421283298068,0
GEO-007682,LWPOLYLINE,2779.744323141111,168.35978702969015,0
GEO-007683,LWPOLYLINE,2779.744323141111,178.60445132785372,0
GEO-007684,LWPOLYLINE,2779.744323141111,177.4826151953803,0
GEO-007685,LWPOLYLINE,2779.7443231411107,173.3974424997965,0
GEO-007686,LWPOLYLINE,2779.278664656546,174.20178616841633,0
GEO-007687,LWPOLYLINE,2779.278664656546,174.7521240234375,0
GEO-007688,LWPOLYLINE,2780.20999777456,174.20178616841633,0
GEO-007689,LWPOLYLINE,2780.0829975592414,174.2441123962402,0
GEO-007690,CIRCLE,2779.701952232823,181.948777770996,0
GEO-007691,LWPOLYLINE,2779.744333907034,181.92762273152664,0
GEO-007692,LWPOLYLINE,2779.702002296248,183.09177970886225,0
GEO-007693,LWPOLYLINE,2779.6808311078935,183.64210679796,0
GEO-007694,LWPOLYLINE,2780.252324002385,183.09177970886225,0
GEO-007695,LWPOLYLINE,2778.4319947601016,180.5941177792019,0
GEO-007696,LWPOLYLINE,2779.617344457639,180.5941177792019,0
GEO-007697,LWPOLYLINE,2778.432005526025,171.70411347283255,0
GEO-007698,LWPOLYLINE,2779.659665302501,171.70411347283255,0
GEO-007699,LWPOLYLINE,2755.0851640105902,180.21310636732312,0
GEO-007700,LWPOLYLINE,2755.106335198945,179.95911670260955,0
GEO-007701,LWPOLYLINE,2779.72316271868,166.96277389526358,0
GEO-007702,LWPOLYLINE,2779.744323141111,166.7087842305501,0
GEO-007703,LWPOLYLINE,2839.7306702548253,190.881113688151,0
GEO-007704,LWPOLYLINE,2878.889003588159,106.7647794935438,0
GEO-007705,LWPOLYLINE,2878.84666121145,108.5004401312934,0
GEO-007706,LWPOLYLINE,2878.867827016844,107.6537863837348,0
GEO-007707,LWPOLYLINE,2879.9473369214925,105.1137820773654,0
GEO-007708,LWPOLYLINE,2877.026337352129,105.219600338406,0
GEO-007709,LWPOLYLINE,2878.4021685322778,105.219600338406,0
GEO-007710,LWPOLYLINE,2881.0903227104736,105.15611368815104,0
GEO-007711,LWPOLYLINE,2882.317993252873,105.15611368815104,0
GEO-007712,LWPOLYLINE,2883.5456745611955,105.36778250800239,0
GEO-007713,LWPOLYLINE,2883.715001004338,105.15611368815104,0
GEO-007714,LWPOLYLINE,2903.97149497542,178.15994249979656,0
GEO-007715,SOLID,2859.2052805687845,255.03729671902124,0
GEO-007716,SOLID,2859.436831753849,191.15627992418075,0
GEO-007717,SOLID,2859.436831753849,190.56360507541228,0
GEO-007718,SOLID,2978.7533321844867,256.4766253153483,0
GEO-007719,SOLID,2978.7533321844867,255.71462402343744,0
GEO-007720,SOLID,2978.7533321844867,204.15261196560328,0
GEO-007721,SOLID,2978.7533321844867,203.39061067369244,0
GEO-007722,SOLID,2922.620130163988,93.70381012853662,0
GEO-007723,SOLID,2923.382131455899,93.70381012853662,0
GEO-007724,SOLID,2923.382131455899,93.70381012853662,0
GEO-007725,LWPOLYLINE,2716.138499497108,183.3669513278537,0
GEO-007726,LWPOLYLINE,2716.1384994971077,182.5414526197645,0
GEO-007727,LWPOLYLINE,2716.1384994971077,181.90645154317212,0
GEO-007728,LWPOLYLINE,2716.286665517819,181.71595391167529,0
GEO-007729,LWPOLYLINE,2716.921663902931,183.51511196560324,0
GEO-007730,LWPOLYLINE,2717.4296701471667,183.51511196560324,0
GEO-007731,LWPOLYLINE,2720.054332292145,182.5414472368028,0
GEO-007732,LWPOLYLINE,2721.747666702071,182.5414472368028,0
GEO-007733,LWPOLYLINE,2725.049666917389,182.5414472368028,0
GEO-007734,LWPOLYLINE,2726.36200068136,182.5414472368028,0
GEO-007735,LWPOLYLINE,2728.0553297083243,182.5414472368028,0
GEO-007736,LWPOLYLINE,2718.1916660561155,182.18161777920187,0
GEO-007737,LWPOLYLINE,2716.138499497108,170.11661347283254,0
GEO-007738,LWPOLYLINE,2716.1384994971077,169.2911093817816,0
GEO-007739,LWPOLYLINE,2716.1384994971077,168.65610830518932,0
GEO-007740,LWPOLYLINE,2716.286665517819,168.44444486829966,0
GEO-007741,LWPOLYLINE,2716.921663902931,170.2647794935438,0
GEO-007742,LWPOLYLINE,2717.4296701471667,170.2647794935438,0
GEO-007743,LWPOLYLINE,2720.054332292145,169.29111476474333,0
GEO-007744,LWPOLYLINE,2721.747666702071,169.29111476474333,0
GEO-007745,LWPOLYLINE,2725.049666917389,169.29111476474333,0
GEO-007746,LWPOLYLINE,2726.36200068136,169.29112014770504,0
GEO-007747,LWPOLYLINE,2728.0553297083243,169.29111476474333,0
GEO-007748,LWPOLYLINE,2718.1916660561155,168.93127992418076,0
GEO-007749,LWPOLYLINE,2717.7471679939817,215.73078121609154,0
GEO-007750,LWPOLYLINE,2717.725999497108,214.884127468533,0
GEO-007751,LWPOLYLINE,2717.7259968056273,214.0585964626736,0
GEO-007752,LWPOLYLINE,2718.4880034805,215.85778681437176,0
GEO-007753,LWPOLYLINE,2718.996004341774,215.85778681437176,0
GEO-007754,LWPOLYLINE,2721.620661103791,214.8840951707628,0
GEO-007755,LWPOLYLINE,2723.3140008966784,214.8840951707628,0
GEO-007756,LWPOLYLINE,2726.616001111997,214.88411670260962,0
GEO-007757,LWPOLYLINE,2727.928332184486,214.88411670260962,0
GEO-007758,LWPOLYLINE,2729.621663902931,214.8840951707628,0
GEO-007759,LWPOLYLINE,2719.821503049863,214.56660808987084,0
GEO-007760,LWPOLYLINE,2808.8485059566624,200.1521240234375,0
GEO-007761,LWPOLYLINE,2813.1029997124265,199.7710964626736,0
GEO-007762,LWPOLYLINE,2813.0606681016416,199.6441016303168,0
GEO-007763,LWPOLYLINE,2813.0606627186794,199.51710679796,0
GEO-007764,LWPOLYLINE,2808.869677145017,186.30911670260951,0
GEO-007765,LWPOLYLINE,2821.738992822236,195.51661885579426,0
GEO-007766,ELLIPSE,2820.045658064514,200.9978926357046,0
GEO-007767,LWPOLYLINE,2813.6110005737005,187.83311928643116,0
GEO-007768,LWPOLYLINE,2958.2851801594757,256.0956192864312,0
GEO-007769,LWPOLYLINE,2956.020352855059,256.0956192864312,0
GEO-007770,LWPOLYLINE,2957.1210285651014,256.11679585774743,0
GEO-007771,LWPOLYLINE,2957.1633171121935,254.381113688151,0
GEO-007772,LWPOLYLINE,2954.1999966979683,254.21177647908524,0
GEO-007773,LWPOLYLINE,2954.1999966979683,254.80444056193028,0
GEO-007774,LWPOLYLINE,2954.030648722979,254.50810852050773,0
GEO-007775,LWPOLYLINE,2955.6181702548256,254.50810852050773,0
GEO-007776,SOLID,2954.559847687416,256.3919513278537,0
GEO-007777,SOLID,2954.559847687416,255.79928724500868,0
GEO-007778,LWPOLYLINE,2755.1275010043373,195.1991102430555,0
GEO-007779,LWPOLYLINE,2779.744333907034,181.9487777709961,0
GEO-007780,LWPOLYLINE,2830.7136711161,205.4861223008897,0
GEO-007781,LWPOLYLINE,2811.748350486556,258.8261266072591,0
GEO-007782,LWPOLYLINE,2811.7483343376707,257.9794513278537,0
GEO-007783,LWPOLYLINE,2811.748328954709,257.17510765923396,0
GEO-007784,LWPOLYLINE,2812.5103194806966,258.95311067369244,0
GEO-007785,LWPOLYLINE,2813.018341873817,258.95311067369244,0
GEO-007786,LWPOLYLINE,2815.6429932528727,257.97944056193035,0
GEO-007787,LWPOLYLINE,2817.3363438116835,257.97944056193035,0
GEO-007788,LWPOLYLINE,2820.638322495155,257.97944056193035,0
GEO-007789,LWPOLYLINE,2821.950667025049,257.97944056193035,0
GEO-007790,LWPOLYLINE,2823.643990669051,257.97944056193035,0
GEO-007791,LWPOLYLINE,2813.8226747765134,257.6619534810384,0
GEO-007792,LWPOLYLINE,2824.596511124305,194.4159539116753,0
GEO-007793,LWPOLYLINE,2824.596505741343,193.5904444376627,0
GEO-007794,LWPOLYLINE,2824.596500358382,192.76494572957353,0
GEO-007795,LWPOLYLINE,2825.379667455686,194.56412531534826,0
GEO-007796,LWPOLYLINE,2825.8876575510358,194.56412531534826,0
GEO-007797,LWPOLYLINE,2828.5123412278617,193.5904336717393,0
GEO-007798,LWPOLYLINE,2830.205659488902,193.5904336717393,0
GEO-007799,LWPOLYLINE,2833.5076812360676,193.59042290581596,0
GEO-007800,LWPOLYLINE,2834.819993468191,193.5904444376627,0
GEO-007801,LWPOLYLINE,2836.5133386440402,193.5904336717393,0
GEO-007802,LWPOLYLINE,2826.6919958366943,193.78093668619783,0
GEO-007803,LWPOLYLINE,2717.7471679939817,109.49528681437175,0
GEO-007804,LWPOLYLINE,2717.7471653025013,108.6697881062825,0
GEO-007805,LWPOLYLINE,2717.7471653025013,108.0559366861979,0
GEO-007806,LWPOLYLINE,2717.895336706174,107.84427863226995,0
GEO-007807,LWPOLYLINE,2718.572666702071,109.64344745212131,0
GEO-007808,LWPOLYLINE,2719.080667563345,109.64344745212131,0
GEO-007809,LWPOLYLINE,2721.705329708324,108.66977734035915,0
GEO-007810,LWPOLYLINE,2723.3986641182496,108.66977734035915,0
GEO-007811,LWPOLYLINE,2726.70066971653,108.66977734035915,0
GEO-007812,LWPOLYLINE,2728.012998097538,108.66976657443576,0
GEO-007813,LWPOLYLINE,2729.7063325074632,108.66977734035915,0
GEO-007814,LWPOLYLINE,2719.821500358382,108.33110292222764,0
GEO-007815,LWPOLYLINE,2942.4313244330215,135.7631117502848,0
GEO-007816,LWPOLYLINE,2942.4313459648683,134.9587734646267,0
GEO-007817,LWPOLYLINE,2942.431313667098,134.11211433410642,0
GEO-007818,LWPOLYLINE,2943.193368788625,135.93244357638886,0
GEO-007819,LWPOLYLINE,2943.7013481180525,135.93244357638886,0
GEO-007820,LWPOLYLINE,2946.325994114147,134.95878961351178,0
GEO-007821,LWPOLYLINE,2948.0193231411104,134.95878961351178,0
GEO-007822,LWPOLYLINE,2951.3213395053144,134.95878961351178,0
GEO-007823,LWPOLYLINE,2952.633662503361,134.95878961351178,0
GEO-007824,LWPOLYLINE,2954.3269915303254,134.95878961351178,0
GEO-007825,LWPOLYLINE,2944.526846826142,134.59893862406403,0
GEO-007826,LWPOLYLINE,2961.756479903128,258.8472924126519,0
GEO-007827,LWPOLYLINE,2961.756501434975,258.0217829386393,0
GEO-007828,LWPOLYLINE,2961.756512200898,257.17510765923396,0
GEO-007829,LWPOLYLINE,2962.5396470004316,258.99544228447803,0
GEO-007830,LWPOLYLINE,2963.0476693935516,258.99544228447803,0
GEO-007831,LWPOLYLINE,2965.6723584533393,258.02177217271594,0
GEO-007832,LWPOLYLINE,2967.365665948456,258.02177217271594,0
GEO-007833,LWPOLYLINE,2970.66768231266,258.0217937045627,0
GEO-007834,LWPOLYLINE,2971.9799945447835,258.0217937045627,0
GEO-007835,LWPOLYLINE,2973.6733128058236,258.02177217271594,0
GEO-007836,LWPOLYLINE,2963.852013062172,257.6619534810384,0
GEO-007837,LWPOLYLINE,2808.956443926927,24.466158545479495,0
GEO-007838,LWPOLYLINE,2810.391110121504,24.46618812815729,0
GEO-007839,LWPOLYLINE,2810.3911101215044,24.23351050640711,0
GEO-007840,LWPOLYLINE,2811.767626632429,24.46619798904989,0
GEO-007841,LWPOLYLINE,2813.2410609262565,24.46618812815729,0
GEO-007842,LWPOLYLINE,2813.260437580212,24.23351050640711,0
GEO-007843,LWPOLYLINE,2814.675722190387,24.466158545479495,0
GEO-007844,LWPOLYLINE,2815.567521595196,24.46618812815729,0
GEO-007845,LWPOLYLINE,2816.575679532663,24.46618812815729,0
GEO-007846,LWPOLYLINE,2816.5756647413245,25.16412238448185,0
GEO-007847,LWPOLYLINE,2817.8358375109283,24.834541771167892,0
GEO-007848,LWPOLYLINE,2817.816446065633,24.13660751484333,0
GEO-007849,LWPOLYLINE,2818.688888538271,24.62128024694382,0
GEO-007850,LWPOLYLINE,2818.688888538271,23.826403555485076,0
GEO-007851,LWPOLYLINE,2821.325548236122,24.4661684063721,0
GEO-007852,LWPOLYLINE,2822.702054886154,24.466178267264695,0
GEO-007853,LWPOLYLINE,2825.2030188409585,24.46618812815729,0
GEO-007854,LWPOLYLINE,2826.017286977712,25.08657632508859,0
GEO-007855,LWPOLYLINE,2825.997890601971,24.233530228192308,0
GEO-007856,LWPOLYLINE,2826.8315501840198,24.46618812815729,0
GEO-007857,LWPOLYLINE,2826.695844580081,24.69880658455189,0
GEO-007858,LWPOLYLINE,2827.471329826245,23.826403555485076,0
GEO-007859,LWPOLYLINE,2809.060984545007,22.21724393593408,0
GEO-007860,LWPOLYLINE,2810.6895257489605,22.21724393593408,0
GEO-007861,LWPOLYLINE,2812.1241919435374,22.21728337950448,0
GEO-007862,LWPOLYLINE,2814.3731114835296,22.372355776505806,0
GEO-007863,LWPOLYLINE,2814.3731114835296,21.577479085047067,0
GEO-007864,LWPOLYLINE,2815.9240869063033,21.945842588950264,0
GEO-007865,LWPOLYLINE,2817.24244880313,21.945842588950264,0
GEO-007866,LWPOLYLINE,2819.840330540838,21.945813006272466,0
GEO-007867,LWPOLYLINE,2820.867855271369,21.945832728057667,0
GEO-007868,LWPOLYLINE,2822.2055987525973,21.945842588950264,0
GEO-007869,LWPOLYLINE,2961.7988438116836,206.52327906290685,0
GEO-007870,LWPOLYLINE,2961.7988222798367,205.6977803548177,0
GEO-007871,LWPOLYLINE,2961.7988222798367,205.06278466118704,0
GEO-007872,LWPOLYLINE,2961.947004449433,204.87229241265192,0
GEO-007873,LWPOLYLINE,2962.582000143064,206.67143970065646,0
GEO-007874,LWPOLYLINE,2963.090001004338,206.67143970065646,0
GEO-007875,LWPOLYLINE,2965.7146685322778,205.69778035481772,0
GEO-007876,LWPOLYLINE,2967.408019091089,205.69778035481772,0
GEO-007877,LWPOLYLINE,2970.7100139234462,205.69778035481772,0
GEO-007878,LWPOLYLINE,2972.0223476874153,205.69778035481772,0
GEO-007879,LWPOLYLINE,2973.7156659484563,205.69778035481772,0
GEO-007880,LWPOLYLINE,2963.8520345940187,205.33795089721676,0
GEO-007881,LWPOLYLINE,2868.278214503281,172.55253861138715,0
GEO-007882,LWPOLYLINE,2868.095760268403,144.48090110749254,0
GEO-007883,LWPOLYLINE,2868.095760268403,123.50473207232275,0
GEO-007884,LWPOLYLINE,2868.2570056341947,177.31502784546376,0
GEO-007885,LWPOLYLINE,2868.2570056341947,175.05020054104756,0
GEO-007886,LWPOLYLINE,2868.278171439588,176.15086548516643,0
GEO-007887,LWPOLYLINE,2870.352528027315,174.58452590759754,0
GEO-007888,LWPOLYLINE,2870.6700043422834,174.58452590759754,0
GEO-007889,LWPOLYLINE,2870.352528027315,175.91802547696057,0
GEO-007890,LWPOLYLINE,2870.437169717039,176.95519838786285,0
GEO-007891,LWPOLYLINE,2868.1168937760253,118.856021328267,0
GEO-007892,LWPOLYLINE,2868.0745621652404,152.3337325029597,0
GEO-007893,SOLID,2868.0745513993165,124.23480966839975,0
GEO-007894,SOLID,2871.840499712426,190.5001076592339,0
GEO-007895,SOLID,2871.840499712426,191.26211971706812,0
GEO-007896,SOLID,2871.840499712426,191.26211971706812,0
GEO-007897,SOLID,2944.823178867565,59.160945298936625,0
GEO-007898,SOLID,2944.823178867565,54.90644616021049,0
GEO-007899,SOLID,2944.823178867565,54.90644616021049,0
GEO-007900,SOLID,2944.9078205572887,50.33443840874565,0
GEO-007901,SOLID,2945.331168962915,50.33443840874565,0
GEO-007902,SOLID,2945.7544958366943,48.55644616021049,0
GEO-007903,SOLID,2945.7544958366943,48.55644616021049,0
GEO-007904,LWPOLYLINE,2943.0875074638916,53.12845391167534,0
GEO-007905,LWPOLYLINE,2947.4901672403676,53.57295735677083,0
GEO-007906,SOLID,2924.7571771450166,59.160945298936625,0
GEO-007907,SOLID,2924.7571771450166,54.90644616021049,0
GEO-007908,SOLID,2924.7571771450166,54.90644616021049,0
GEO-007909,SOLID,2924.714834768308,50.33443840874565,0
GEO-007910,SOLID,2925.2016698241887,50.33443840874565,0
GEO-007911,SOLID,2923.8470044494325,48.55644616021049,0
GEO-007912,SOLID,2923.8470044494325,48.55644616021049,0
GEO-007913,LWPOLYLINE,2926.514014354082,53.12845391167534,0
GEO-007914,LWPOLYLINE,2922.090167240367,53.57295735677083,0
GEO-007915,LWPOLYLINE,2923.000329170028,99.7162863837348,0
GEO-007916,LWPOLYLINE,2939.594988085229,106.045120578342,0
GEO-007917,LWPOLYLINE,2868.2837524620863,168.9539476185895,0
GEO-007918,LWPOLYLINE,2866.54810259026,168.91162139076565,0
GEO-007919,LWPOLYLINE,2867.394756337818,168.93278719615842,0
GEO-007920,LWPOLYLINE,2870.779480340329,168.3727353694008,0
GEO-007921,LWPOLYLINE,2870.673629781518,165.45173580003774,0
GEO-007922,LWPOLYLINE,2870.673629781518,166.8275615972247,0
GEO-007923,LWPOLYLINE,2868.0957279706327,130.21456152992363,0
GEO-007924,LWPOLYLINE,2866.360078098807,130.17222453617637,0
GEO-007925,LWPOLYLINE,2867.2067318463655,130.1933903415692,0
GEO-007926,LWPOLYLINE,2869.746736152735,131.272894863257,0
GEO-007927,LWPOLYLINE,2869.640885593924,128.35190067685562,0
GEO-007928,LWPOLYLINE,2869.640885593924,129.72772647404253,0
GEO-007929,LWPOLYLINE,2982.690355008243,203.77160593668614,0
GEO-007930,LWPOLYLINE,2981.2933472567793,202.22646984524195,0
GEO-007931,LWPOLYLINE,2981.2933472567793,203.34826829698352,0
GEO-007932,LWPOLYLINE,2981.2933257249324,204.427778201633,0
GEO-007933,LWPOLYLINE,2981.2933472567793,205.50727734035917,0
GEO-007934,LWPOLYLINE,2975.197315389645,215.9212842305501,0
GEO-007935,LWPOLYLINE,2975.197315389645,209.55011842515728,0
GEO-007936,LWPOLYLINE,2975.197315389645,203.1577868143717,0
GEO-007937,LWPOLYLINE,2975.197315389645,196.7866210089789,0
GEO-007938,LWPOLYLINE,3485.968149598943,153.58546812269418,0
GEO-007939,LWPOLYLINE,3363.074474642516,153.58546812269418,0
GEO-007940,LWPOLYLINE,3364.2809746694306,153.58546812269418,0
GEO-007941,LWPOLYLINE,3561.088628928371,152.44246080186628,0
GEO-007942,LWPOLYLINE,3364.2174631229773,153.58546812269424,0
GEO-007943,LWPOLYLINE,3522.9251422781153,9.652145555284285,0
GEO-007944,LWPOLYLINE,3559.882134957288,19.854462093777123,0
GEO-007945,LWPOLYLINE,3559.882134957288,27.093436686197915,0
GEO-007946,LWPOLYLINE,3530.8837973175855,9.65210249159071,0
GEO-007947,LWPOLYLINE,3522.925131512193,51.39277174207899,0
GEO-007948,LWPOLYLINE,3522.925131512193,54.48310852050781,0
GEO-007949,LWPOLYLINE,3522.925131512193,45.59310421413846,0
GEO-007950,LWPOLYLINE,3487.068814543062,50.01697285970052,0
GEO-007951,LWPOLYLINE,3487.2804725969904,49.6994642469618,0
GEO-007952,LWPOLYLINE,3488.3811375411096,50.01697285970052,0
GEO-007953,LWPOLYLINE,3488.211800332044,50.03811713324652,0
GEO-007954,LWPOLYLINE,3489.714669408242,50.01697285970052,0
GEO-007955,LWPOLYLINE,3490.878831768539,56.21879069010416,0
GEO-007956,LWPOLYLINE,3544.345830907266,56.21879069010416,0
GEO-007957,LWPOLYLINE,3554.505848132743,56.21879069010416,0
GEO-007958,LWPOLYLINE,3546.737674575886,50.01697285970052,0
GEO-007959,LWPOLYLINE,3548.1558266008965,50.01697285970052,0
GEO-007960,LWPOLYLINE,3548.1769708744423,49.78412746853298,0
GEO-007961,LWPOLYLINE,3549.552791288667,50.01697285970052,0
GEO-007962,LWPOLYLINE,3549.510481209729,50.67313435872396,0
GEO-007963,LWPOLYLINE,3550.6746435700265,50.01697285970052,0
GEO-007964,LWPOLYLINE,3550.484151321491,50.03811713324652,0
GEO-007965,LWPOLYLINE,3512.9979812097295,49.88995649549696,0
GEO-007966,LWPOLYLINE,3514.3526573504087,49.88996726142035,0
GEO-007967,LWPOLYLINE,3514.1833416731897,49.91112230088976,0
GEO-007968,LWPOLYLINE,3515.6226487376694,49.88995649549696,0
GEO-007969,LWPOLYLINE,3516.9561375411095,49.88996726142035,0
GEO-007970,LWPOLYLINE,3518.2684605391564,49.88995649549696,0
GEO-007971,LWPOLYLINE,3518.522471735717,49.572458648681646,0
GEO-007972,LWPOLYLINE,3519.199820571979,49.88996726142035,0
GEO-007973,LWPOLYLINE,3520.1734691518946,49.88995649549696,0
GEO-007974,LWPOLYLINE,3521.528145292574,49.88996726142035,0
GEO-007975,LWPOLYLINE,3521.5493326298133,50.54613952636718,0
GEO-007976,LWPOLYLINE,3522.290157350408,49.88996726142035,0
GEO-007977,LWPOLYLINE,3523.3061806048026,49.889978027343744,0
GEO-007978,LWPOLYLINE,3524.682001019028,49.88996726142035,0
GEO-007979,LWPOLYLINE,3555.542994128837,50.016951327853725,0
GEO-007980,LWPOLYLINE,3556.368525134696,50.01697285970052,0
GEO-007981,LWPOLYLINE,3557.384505325397,50.016962093777124,0
GEO-007982,LWPOLYLINE,3558.717994128837,50.01697285970052,0
GEO-007983,LWPOLYLINE,3522.9251422781153,57.61579844156901,0
GEO-007984,LWPOLYLINE,3522.9251422781153,60.790798441569,0
GEO-007985,LWPOLYLINE,3537.593659072956,20.93395046657986,0
GEO-007986,LWPOLYLINE,3538.419147015122,20.93395046657986,0
GEO-007987,LWPOLYLINE,3539.308153905313,20.93395046657986,0
GEO-007988,LWPOLYLINE,3538.8636504602173,20.95511627197265,0
GEO-007989,LWPOLYLINE,3540.2183050690496,20.93395046657986,0
GEO-007990,LWPOLYLINE,3540.0701228994526,20.95511627197265,0
GEO-007991,LWPOLYLINE,3541.4671521827645,20.93395046657986,0
GEO-007992,LWPOLYLINE,3541.297847271469,20.95511627197265,0
GEO-007993,LWPOLYLINE,3541.4671521827645,20.27776743570964,0
GEO-007994,LWPOLYLINE,3542.652480348455,20.93395046657986,0
GEO-007995,LWPOLYLINE,3542.6736676856945,21.59013349745008,0
GEO-007996,LWPOLYLINE,3547.330317126884,20.933971998426642,0
GEO-007997,LWPOLYLINE,3548.621495851385,20.93395046657986,0
GEO-007998,LWPOLYLINE,3548.4733352136354,20.95511627197265,0
GEO-007999,LWPOLYLINE,3487.7461418474786,17.123933241102428,0
GEO-008000,LWPOLYLINE,3489.1431495989436,17.123976304796003,0
GEO-008001,LWPOLYLINE,3489.3548291847183,16.827622731526688,0
GEO-008002,LWPOLYLINE,3490.6036332347403,17.12394400702582,0
GEO-008003,LWPOLYLINE,3490.582488961193,16.93348405626085,0
GEO-008004,LWPOLYLINE,3492.1276573504083,17.12394400702582,0
GEO-008005,LWPOLYLINE,3493.037808514145,17.12394400702582,0
GEO-008006,LWPOLYLINE,3494.011500157754,17.12394400702582,0
GEO-008007,LWPOLYLINE,3495.4931711307904,17.12394400702582,0
GEO-008008,LWPOLYLINE,3498.075485516098,17.12394400702582,0
GEO-008009,LWPOLYLINE,3498.0331323734663,17.78011627197265,0
GEO-008010,LWPOLYLINE,3498.752791288668,17.12394400702582,0
GEO-008011,LWPOLYLINE,3499.768836074909,17.12394400702582,0
GEO-008012,LWPOLYLINE,3499.7264829322767,17.78011627197265,0
GEO-008013,LWPOLYLINE,3500.8694794871817,17.12394400702582,0
GEO-008014,LWPOLYLINE,3502.0124868080093,17.12394400702582,0
GEO-008015,LWPOLYLINE,3501.8431495989435,17.18747372097439,0
GEO-008016,LWPOLYLINE,3504.107976903359,17.293302747938363,0
GEO-008017,LWPOLYLINE,3504.107976903359,16.531279924180772,0
GEO-008018,LWPOLYLINE,3536.4506625180516,30.966951327853735,0
GEO-008019,LWPOLYLINE,3537.7841943851845,30.966951327853735,0
GEO-008020,LWPOLYLINE,3538.0381625180507,30.628309207492407,0
GEO-008021,LWPOLYLINE,3539.2446349572883,30.966962093777127,0
GEO-008022,LWPOLYLINE,3539.2023248783485,30.7341059366862,0
GEO-008023,LWPOLYLINE,3540.8109906837417,30.966972859700526,0
GEO-008024,LWPOLYLINE,3541.721141847478,30.966962093777127,0
GEO-008025,LWPOLYLINE,3542.6948334910876,30.966962093777127,0
GEO-008026,LWPOLYLINE,3544.1553171268843,30.966962093777127,0
GEO-008027,LWPOLYLINE,3546.737631512192,30.966962093777127,0
GEO-008028,LWPOLYLINE,3548.240489822468,30.966972859700526,0
GEO-008029,LWPOLYLINE,3549.192994128837,30.37428724500868,0
GEO-008030,LWPOLYLINE,3536.4506625180516,43.85745434231228,0
GEO-008031,LWPOLYLINE,3537.7629855160985,43.85745434231228,0
GEO-008032,LWPOLYLINE,3537.593680604802,43.89979671902127,0
GEO-008033,LWPOLYLINE,3539.0329769033588,43.85746510823568,0
GEO-008034,LWPOLYLINE,3539.90079645631,43.85745434231228,0
GEO-008035,LWPOLYLINE,3540.8956108416187,43.85747587415908,0
GEO-008036,LWPOLYLINE,3542.2714958513843,43.85745434231228,0
GEO-008037,LWPOLYLINE,3536.4506625180516,40.59779112074111,0
GEO-008038,LWPOLYLINE,3537.7841943851845,40.59779112074111,0
GEO-008039,LWPOLYLINE,3538.0381625180507,40.25912746853298,0
GEO-008040,LWPOLYLINE,3539.2446349572883,40.5978018866645,0
GEO-008041,LWPOLYLINE,3539.2023248783485,40.34381222195095,0
GEO-008042,LWPOLYLINE,3540.8109906837417,40.59781265258789,0
GEO-008043,LWPOLYLINE,3542.1868110979667,40.5978018866645,0
GEO-008044,LWPOLYLINE,3555.9239786259077,22.24629499647352,0
GEO-008045,LWPOLYLINE,3556.156824017075,21.928786383734803,0
GEO-008046,LWPOLYLINE,3557.2786762984333,22.24629499647352,0
GEO-008047,LWPOLYLINE,3557.1516814660763,22.26743927001953,0
GEO-008048,LWPOLYLINE,3558.590956232787,22.24629499647352,0
GEO-008049,LWPOLYLINE,3536.5353257396227,34.2478018866645,0
GEO-008050,LWPOLYLINE,3536.556470013169,33.99381222195096,0
GEO-008051,LWPOLYLINE,3537.8688145430624,34.247791120741105,0
GEO-008052,LWPOLYLINE,3539.2658438263743,34.247791120741105,0
GEO-008053,LWPOLYLINE,3540.662830045992,34.24780188666449,0
GEO-008054,LWPOLYLINE,3540.8533007626806,33.909127468532986,0
GEO-008055,LWPOLYLINE,3542.038650460217,34.24781265258788,0
GEO-008056,LWPOLYLINE,3543.477968290621,34.2478018866645,0
GEO-008057,LWPOLYLINE,3544.6844622617036,34.2478018866645,0
GEO-008058,LWPOLYLINE,3544.536301623954,34.24780188666449,0
GEO-008059,LWPOLYLINE,3545.9756625180516,34.247791120741105,0
GEO-008060,LWPOLYLINE,3536.3871651018726,14.09711541069878,0
GEO-008061,LWPOLYLINE,3537.69948809992,14.11829198201497,0
GEO-008062,LWPOLYLINE,3539.13882746217,14.118302747938365,0
GEO-008063,LWPOLYLINE,3539.13882746217,13.92776743570963,0
GEO-008064,LWPOLYLINE,3540.429963122978,14.118302747938365,0
GEO-008065,LWPOLYLINE,3541.5518154043357,14.118302747938365,0
GEO-008066,LWPOLYLINE,3541.40363323474,14.18180016411675,0
GEO-008067,LWPOLYLINE,3542.46198809992,14.287607659233934,0
GEO-008068,LWPOLYLINE,3542.46198809992,13.525638665093314,0
GEO-008069,LWPOLYLINE,3487.4921306509186,30.691785091824,0
GEO-008070,LWPOLYLINE,3488.7833309072657,30.69180662367079,0
GEO-008071,LWPOLYLINE,3489.481824017075,30.69180662367079,0
GEO-008072,LWPOLYLINE,3490.4343067915975,30.69180662367079,0
GEO-008073,LWPOLYLINE,3490.2861461538487,30.7341059366862,0
GEO-008074,LWPOLYLINE,3491.704298178858,30.69180662367079,0
GEO-008075,LWPOLYLINE,3493.122493267563,30.69180662367079,0
GEO-008076,LWPOLYLINE,3493.1436590729554,31.36914469401042,0
GEO-008077,LWPOLYLINE,3534.651504464124,27.622646416558158,0
GEO-008078,LWPOLYLINE,3510.3098270315336,32.42747802734375,0
GEO-008079,LWPOLYLINE,3522.9251422781153,18.66912316216362,0
GEO-008080,LWPOLYLINE,3546.716487238646,39.0314569261339,0
GEO-008081,LWPOLYLINE,3554.505805069049,39.0314569261339,0
GEO-008082,LWPOLYLINE,3554.5269708744418,9.6521240234375,0
GEO-008083,LWPOLYLINE,3547.266819710706,42.29113091362846,0
GEO-008084,LWPOLYLINE,3547.266819710706,39.0314676920573,0
GEO-008085,LWPOLYLINE,3547.266819710706,35.77178293863933,0
GEO-008086,LWPOLYLINE,3547.266819710706,32.46978810628255,0
GEO-008087,LWPOLYLINE,3522.9251422781153,48.47178293863932,0
GEO-008088,LWPOLYLINE,3522.9251422781153,9.6521240234375,0
GEO-008089,LWPOLYLINE,3547.266819710706,23.49512057834201,0
GEO-008090,LWPOLYLINE,3554.505805069049,21.082121870252813,0
GEO-008091,LWPOLYLINE,3547.266841242553,14.160623592800558,0
GEO-008092,LWPOLYLINE,3494.138473458264,30.818790690104166,0
GEO-008093,LWPOLYLINE,3494.138473458264,30.331955634223085,0
GEO-008094,LWPOLYLINE,3536.4506194543583,37.76147630479601,0
GEO-008095,LWPOLYLINE,3537.318525134696,37.78263134426541,0
GEO-008096,LWPOLYLINE,3537.7629855160985,37.76145477294921,0
GEO-008097,LWPOLYLINE,3538.207445897501,37.78263134426541,0
GEO-008098,LWPOLYLINE,3539.075330045992,37.78263134426541,0
GEO-008099,LWPOLYLINE,3538.863671992064,37.76145477294921,0
GEO-008100,LWPOLYLINE,3540.4299631229774,37.76147630479601,0
GEO-008101,LWPOLYLINE,3541.297825739623,37.78263134426541,0
GEO-008102,LWPOLYLINE,3541.742307652871,38.100129191080725,0
GEO-008103,LWPOLYLINE,3541.8481366798355,37.44395692613389,0
GEO-008104,LWPOLYLINE,3543.0969837935504,37.76146553887261,0
GEO-008105,LWPOLYLINE,3542.885325739622,37.76145477294921,0
GEO-008106,LWPOLYLINE,3544.4093283234442,37.78263134426541,0
GEO-008107,LWPOLYLINE,3544.176504464124,37.78263134426541,0
GEO-008108,LWPOLYLINE,3557.1939915450157,21.08211110432943,0
GEO-008109,LWPOLYLINE,3559.924466568073,25.9081192864312,0
GEO-008110,LWPOLYLINE,3559.924466568073,18.647968122694223,0
GEO-008111,LWPOLYLINE,3522.946308083508,45.59312574598524,0
GEO-008112,LWPOLYLINE,3537.6148248783493,20.93395046657986,0
GEO-008113,LWPOLYLINE,3538.461478625907,20.93395046657986,0
GEO-008114,LWPOLYLINE,3540.2606582116823,20.93395046657986,0
GEO-008115,LWPOLYLINE,3540.1124975739326,20.95511627197265,0
GEO-008116,LWPOLYLINE,3542.694811959241,20.93395046657986,0
GEO-008117,LWPOLYLINE,3547.3515259959704,20.933971998426642,0
GEO-008118,LWPOLYLINE,3487.7673291847186,17.123933241102428,0
GEO-008119,LWPOLYLINE,3489.3971607955036,16.827622731526688,0
GEO-008120,LWPOLYLINE,3492.1699674293477,17.12394400702582,0
GEO-008121,LWPOLYLINE,3493.080140124931,17.12394400702582,0
GEO-008122,LWPOLYLINE,3494.0538102366927,17.12394400702582,0
GEO-008123,LWPOLYLINE,3498.075474750175,17.78011627197265,0
GEO-008124,LWPOLYLINE,3498.7951444313,17.12394400702582,0
GEO-008125,LWPOLYLINE,3500.911811097967,17.12394400702582,0
GEO-008126,LWPOLYLINE,3502.033652613402,17.12394400702582,0
GEO-008127,LWPOLYLINE,3504.107976903359,17.293302747938363,0
GEO-008128,LWPOLYLINE,3504.107976903359,16.531279924180772,0
GEO-008129,LWPOLYLINE,3536.4718283234442,30.945817820231113,0
GEO-008130,LWPOLYLINE,3537.805317126884,30.945817820231113,0
GEO-008131,LWPOLYLINE,3539.2658007626806,30.945807054307725,0
GEO-008132,LWPOLYLINE,3539.2446564891343,30.7341059366862,0
GEO-008133,LWPOLYLINE,3544.176482932277,30.966962093777127,0
GEO-008134,LWPOLYLINE,3548.261655627861,30.966972859700526,0
GEO-008135,LWPOLYLINE,3549.2353042077766,30.37428724500868,0
GEO-008136,LWPOLYLINE,3536.4718283234442,43.85745434231228,0
GEO-008137,LWPOLYLINE,3539.0753085141455,43.85746510823568,0
GEO-008138,LWPOLYLINE,3540.9168197107056,43.85747587415908,0
GEO-008139,LWPOLYLINE,3536.4718283234442,40.57661454942492,0
GEO-008140,LWPOLYLINE,3537.805317126884,40.57661454942492,0
GEO-008141,LWPOLYLINE,3539.2446564891343,40.34381222195095,0
GEO-008142,LWPOLYLINE,3555.966310236693,22.24629499647352,0
GEO-008143,LWPOLYLINE,3556.19915562786,21.928786383734803,0
GEO-008144,LWPOLYLINE,3557.299842103826,22.24629499647352,0
GEO-008145,LWPOLYLINE,3537.889980348455,34.247791120741105,0
GEO-008146,LWPOLYLINE,3539.286966568073,34.247791120741105,0
GEO-008147,LWPOLYLINE,3540.895632373466,33.909127468532986,0
GEO-008148,LWPOLYLINE,3542.080982071003,34.24781265258788,0
GEO-008149,LWPOLYLINE,3544.726815404337,34.2478018866645,0
GEO-008150,LWPOLYLINE,3544.5786332347398,34.24780188666449,0
GEO-008151,LWPOLYLINE,3545.996828323445,34.247791120741105,0
GEO-008152,LWPOLYLINE,3537.7206108416194,14.097126176622176,0
GEO-008153,LWPOLYLINE,3539.16001479941,14.097126176622176,0
GEO-008154,LWPOLYLINE,3540.45112892837,14.097126176622176,0
GEO-008155,LWPOLYLINE,3541.5729596778824,14.097126176622176,0
GEO-008156,LWPOLYLINE,3542.46198809992,14.287607659233934,0
GEO-008157,LWPOLYLINE,3542.46198809992,13.483285522460935,0
GEO-008158,LWPOLYLINE,3487.5345053253977,30.691785091824,0
GEO-008159,LWPOLYLINE,3489.524134096014,30.69180662367079,0
GEO-008160,LWPOLYLINE,3490.4554833629136,30.69180662367079,0
GEO-008161,LWPOLYLINE,3493.164846410195,30.69180662367079,0
GEO-008162,LWPOLYLINE,3493.1859906837417,31.36914469401042,0
GEO-008163,LWPOLYLINE,3510.3309928369263,32.42747802734375,0
GEO-008164,LWPOLYLINE,3522.946308083508,18.66912316216362,0
GEO-008165,LWPOLYLINE,3546.716487238646,39.0314569261339,0
GEO-008166,LWPOLYLINE,3554.548136679835,39.0314569261339,0
GEO-008167,LWPOLYLINE,3547.3091513214913,42.29113091362846,0
GEO-008168,LWPOLYLINE,3547.3091513214913,39.0314676920573,0
GEO-008169,LWPOLYLINE,3547.3091513214913,35.72945132785373,0
GEO-008170,LWPOLYLINE,3547.3091513214913,32.46978810628255,0
GEO-008171,LWPOLYLINE,3547.3091513214913,23.49512057834201,0
GEO-008172,LWPOLYLINE,3554.548136679835,21.082121870252813,0
GEO-008173,LWPOLYLINE,3494.138473458264,30.818790690104166,0
GEO-008174,LWPOLYLINE,3494.138473458264,30.331955634223085,0
GEO-008175,LWPOLYLINE,3537.360813681789,37.761454772949214,0
GEO-008176,LWPOLYLINE,3537.805317126884,37.76145477294921,0
GEO-008177,LWPOLYLINE,3538.249820571979,37.761454772949214,0
GEO-008178,LWPOLYLINE,3539.1176616567773,37.76146553887261,0
GEO-008179,LWPOLYLINE,3538.90600360285,37.76145477294921,0
GEO-008180,LWPOLYLINE,3541.340157350408,37.76146553887261,0
GEO-008181,LWPOLYLINE,3541.7846607955034,38.100129191080725,0
GEO-008182,LWPOLYLINE,3541.890511354314,37.422791120741095,0
GEO-008183,LWPOLYLINE,3544.4516384023827,37.76146553887261,0
GEO-008184,LWPOLYLINE,3544.218836074909,37.76146553887261,0
GEO-008185,LWPOLYLINE,3557.236323155801,21.08211110432943,0
GEO-008186,LWPOLYLINE,3364.2174631229773,153.58546812269424,0
GEO-008187,LWPOLYLINE,3220.55931486604,107.50563651190859,0
GEO-008188,LWPOLYLINE,3225.7663156196545,99.08130145602752,0
GEO-008189,LWPOLYLINE,3242.932483578232,101.90705490112305,0
GEO-008190,SOLID,3197.466481855684,241.57529542711046,0
GEO-008191,SOLID,3197.466481855684,240.8344707065158,0
GEO-008192,SOLID,3197.466481855684,241.57529542711046,0
GEO-008193,SOLID,3197.466481855684,240.8344707065158,0
GEO-008194,LWPOLYLINE,3196.789149168306,241.19430016411675,0
GEO-008195,LWPOLYLINE,3187.0948146507208,241.2154659695095,0
GEO-008196,LWPOLYLINE,3179.263146369166,241.19430016411675,0
GEO-008197,LWPOLYLINE,3179.051480240796,241.2154659695095,0
GEO-008198,LWPOLYLINE,3180.4908142200848,241.19430016411675,0
GEO-008199,LWPOLYLINE,3180.5966486300103,240.89796812269418,0
GEO-008200,LWPOLYLINE,3181.7184807252625,241.19430016411675,0
GEO-008201,LWPOLYLINE,3182.94614723044,241.19430016411675,0
GEO-008202,LWPOLYLINE,3185.7401479302252,240.96147630479595,0
GEO-008203,LWPOLYLINE,3185.951812712856,240.64396769205723,0
GEO-008204,LWPOLYLINE,3186.883147176611,240.8344599405924,0
GEO-008205,LWPOLYLINE,3188.0684780337815,240.96147630479595,0
GEO-008206,LWPOLYLINE,3189.2961485761807,240.96147630479595,0
GEO-008207,LWPOLYLINE,3190.481482124833,240.96147630479595,0
GEO-008208,LWPOLYLINE,3192.640481748025,240.8556257459852,0
GEO-008209,LWPOLYLINE,3193.762312497537,240.96147630479595,0
GEO-008210,LWPOLYLINE,3193.7623138432773,240.7497967190213,0
GEO-008211,LWPOLYLINE,3194.8418116362627,240.8556257459852,0
GEO-008212,LWPOLYLINE,3237.005815834973,215.66729456583653,0
GEO-008213,SOLID,3274.7883126051966,241.617627037896,0
GEO-008214,SOLID,3274.7883126051966,240.85563651190859,0
GEO-008215,LWPOLYLINE,3303.1728095907383,146.9814676920573,0
GEO-008216,LWPOLYLINE,3323.8103257396233,146.9814676920573,0
GEO-008217,LWPOLYLINE,3319.0689807790923,147.00262273152666,0
GEO-008218,LWPOLYLINE,3316.804142708753,147.00262273152666,0
GEO-008219,LWPOLYLINE,3317.9048076528716,146.98146769205727,0
GEO-008220,LWPOLYLINE,3317.904807652871,148.59013888041176,0
GEO-008221,LWPOLYLINE,3317.904807652871,152.99280403984915,0
GEO-008222,LWPOLYLINE,3317.248640770886,150.8126399570041,0
GEO-008223,LWPOLYLINE,3318.5398087294634,150.8126399570041,0
GEO-008224,LWPOLYLINE,3317.8836418474784,150.7914633856879,0
GEO-008225,LWPOLYLINE,3317.883652613402,154.7072988722059,0
GEO-008226,LWPOLYLINE,3316.888816696247,155.7656375885009,0
GEO-008227,SOLID,3317.8836472304406,156.1254616631402,0
GEO-008228,SOLID,3317.9259842241877,156.1254616631402,0
GEO-008229,SOLID,3317.9048238017567,156.1042958577474,0
GEO-008230,SOLID,3317.925984224188,156.1042958577474,0
GEO-008231,SOLID,3317.904813035833,156.06196962992345,0
GEO-008232,SOLID,3317.9259842241872,156.06196962992345,0
GEO-008233,SOLID,3317.883652613402,156.01963801913786,0
GEO-008234,SOLID,3317.925984224188,156.01963801913786,0
GEO-008235,SOLID,3317.8836526134014,155.9773010253906,0
GEO-008236,SOLID,3317.9048184187945,155.9773010253906,0
GEO-008237,SOLID,3317.9048130358333,155.9137928432888,0
GEO-008238,SOLID,3317.9048130358333,155.9137928432888,0
GEO-008239,SOLID,3317.8836418474793,155.85029542711038,0
GEO-008240,SOLID,3317.9048130358333,155.85029542711038,0
GEO-008241,SOLID,3317.8836418474793,155.78679801093205,0
GEO-008242,SOLID,3317.8836418474793,155.78679801093205,0
GEO-008243,SOLID,3317.8836418474793,155.72329521179194,0
GEO-008244,SOLID,3317.8836418474793,155.72329521179194,0
GEO-008245,SOLID,3317.8836418474793,155.65979779561354,0
GEO-008246,SOLID,3317.8836418474793,155.65979779561354,0
GEO-008247,SOLID,3317.8836526134014,155.5963003794352,0
GEO-008248,SOLID,3317.9048130358333,155.5963003794352,0
GEO-008249,SOLID,3317.8624868080087,155.5539687686496,0
GEO-008250,SOLID,3317.8836526134014,155.5539687686496,0
GEO-008251,SOLID,3317.862481425047,155.4904659695095,0
GEO-008252,SOLID,3317.883652613402,155.4904659695095,0
GEO-008253,SOLID,3317.8836526134023,155.4481343587239,0
GEO-008254,SOLID,3317.904813035833,155.4481343587239,0
GEO-008255,SOLID,3317.862486808009,155.4269685533311,0
GEO-008256,SOLID,3317.9048238017567,155.4269685533311,0
GEO-008257,SOLID,3317.8624868080096,155.4058027479383,0
GEO-008258,SOLID,3317.8836472304406,155.4058027479383,0
GEO-008259,LWPOLYLINE,3317.90480226991,155.74445563422307,0
GEO-008260,LWPOLYLINE,3318.8996543359494,155.7656375885009,0
GEO-008261,LWPOLYLINE,3321.7994827169578,155.7444556342231,0
GEO-008262,LWPOLYLINE,3315.5341405555682,157.01446317036945,0
GEO-008263,LWPOLYLINE,3314.2641384023837,158.58080274793832,0
GEO-008264,LWPOLYLINE,3317.248640770886,159.1946272532145,0
GEO-008265,LWPOLYLINE,3318.5398087294634,159.1946272532145,0
GEO-008266,LWPOLYLINE,3317.9259842241877,164.2322988722059,0
GEO-008267,LWPOLYLINE,3317.862486808009,164.29579628838428,0
GEO-008268,LWPOLYLINE,3317.9048184187945,153.07746187845865,0
GEO-008269,LWPOLYLINE,3317.9048184187945,152.88696424696175,0
GEO-008270,LWPOLYLINE,3321.7783222945272,155.76562682257753,0
GEO-008271,LWPOLYLINE,3321.566653474675,155.76562682257753,0
GEO-008272,LWPOLYLINE,3320.3178225098454,159.215798441569,0
GEO-008273,LWPOLYLINE,3317.904818418795,157.05679478115505,0
GEO-008274,LWPOLYLINE,3317.904818418795,161.37479671902125,0
GEO-008275,LWPOLYLINE,3317.8201390483387,159.08878746032704,0
GEO-008276,LWPOLYLINE,3321.333818849432,160.52812143961586,0
GEO-008277,LWPOLYLINE,3321.1856420627973,160.5704530504014,0
GEO-008278,LWPOLYLINE,3321.333818849432,159.8931257459852,0
GEO-008279,LWPOLYLINE,3322.1593175575204,159.95663392808694,0
GEO-008280,LWPOLYLINE,3323.111805715005,160.52813758850095,0
GEO-008281,LWPOLYLINE,3323.958480994411,159.95663392808694,0
GEO-008282,LWPOLYLINE,3323.6621435700263,156.84512596130367,0
GEO-008283,LWPOLYLINE,3323.6621543359497,156.6334732903374,0
GEO-008284,LWPOLYLINE,3324.57231626561,156.2736223008897,0
GEO-008285,LWPOLYLINE,3325.5248259549417,156.84514749315045,0
GEO-008286,LWPOLYLINE,3326.3926508908544,156.2736223008897,0
GEO-008287,LWPOLYLINE,3320.487143570026,153.67012596130365,0
GEO-008288,LWPOLYLINE,3320.9104812097285,153.8818001641167,0
GEO-008289,LWPOLYLINE,3321.058652613401,153.39495434231225,0
GEO-008290,LWPOLYLINE,3322.2439753961307,154.0088003794352,0
GEO-008291,LWPOLYLINE,3322.222814973699,153.37379930284285,0
GEO-008292,LWPOLYLINE,3323.259977118678,153.5854681226942,0
GEO-008293,LWPOLYLINE,3324.4453268162156,153.67014749315047,0
GEO-008294,LWPOLYLINE,3325.694152398084,153.67012596130365,0
GEO-008295,LWPOLYLINE,3314.89915562786,144.8647902594672,0
GEO-008296,LWPOLYLINE,3315.3224878846013,145.0764644622802,0
GEO-008297,LWPOLYLINE,3315.491825093667,144.58962402343752,0
GEO-008298,LWPOLYLINE,3316.6559820710027,144.8647902594672,0
GEO-008299,LWPOLYLINE,3317.6931442159816,144.780127037896,0
GEO-008300,LWPOLYLINE,3318.878483147595,144.8648064083523,0
GEO-008301,LWPOLYLINE,3320.1061644559177,144.86479564242885,0
GEO-008302,LWPOLYLINE,3346.225807222235,146.9814676920573,0
GEO-008303,LWPOLYLINE,3334.0126422781154,146.9814676920573,0
GEO-008304,LWPOLYLINE,3357.6769816403657,146.9814676920573,0
GEO-008305,CIRCLE,3369.932428016036,158.6654552035861,0
GEO-008306,LWPOLYLINE,3369.403311528604,159.80846252441404,0
GEO-008307,LWPOLYLINE,3370.503987238645,159.80845175849066,0
GEO-008308,LWPOLYLINE,3369.974799040133,154.45329844156896,0
GEO-008309,LWPOLYLINE,3369.932467429347,148.37846467759874,0
GEO-008310,LWPOLYLINE,3371.7951444313003,148.6747967190212,0
GEO-008311,LWPOLYLINE,3371.2024803484546,148.6747967190212,0
GEO-008312,LWPOLYLINE,3371.4988231558004,148.4631171332465,0
GEO-008313,LWPOLYLINE,3371.4988231558004,150.05063866509323,0
GEO-008314,LWPOLYLINE,3369.953644000663,150.3681365119086,0
GEO-008315,LWPOLYLINE,3369.953644000663,152.56945563422306,0
GEO-008316,LWPOLYLINE,3369.9536547665857,151.48995649549693,0
GEO-008317,LWPOLYLINE,3371.498801623954,151.36297242906357,0
GEO-008318,LWPOLYLINE,3371.456491545015,152.50597436692982,0
GEO-008319,LWPOLYLINE,3371.4564700131687,153.7548107147217,0
GEO-008320,LWPOLYLINE,3371.456480779092,154.7072988722059,0
GEO-008321,LWPOLYLINE,3368.810647445758,157.43779004414876,0
GEO-008322,LWPOLYLINE,3370.059483793551,157.43780081007213,0
GEO-008323,LWPOLYLINE,3371.01198809992,157.43779542711047,0
GEO-008324,LWPOLYLINE,3371.68932617026,142.9386373731825,0
GEO-008325,LWPOLYLINE,3378.589647876396,137.75279435051812,0
GEO-008326,LWPOLYLINE,3398.7191470151215,142.17663069831,0
GEO-008327,SOLID,3369.9536547665866,138.40896661546492,0
GEO-008328,SOLID,3404.8574781952702,137.7316285451253,0
GEO-008329,SOLID,3404.8574781952702,136.9696272532145,0
GEO-008330,LWPOLYLINE,3388.940146584485,137.3294674767388,0
GEO-008331,LWPOLYLINE,3388.897814973699,139.0651334974501,0
GEO-008332,LWPOLYLINE,3388.9189807790917,138.2184636010064,0
GEO-008333,LWPOLYLINE,3389.9984799178183,135.6784754435221,0
GEO-008334,LWPOLYLINE,3385.659317557521,146.98146230909555,0
GEO-008335,LWPOLYLINE,3385.722825739622,146.98146230909555,0
GEO-008336,LWPOLYLINE,3384.092972596991,146.98146230909555,0
GEO-008337,LWPOLYLINE,3384.156491545016,146.98146230909555,0
GEO-008338,LWPOLYLINE,3384.4951444313,147.2778051164415,0
GEO-008339,LWPOLYLINE,3384.537497573933,147.2778051164415,0
GEO-008340,LWPOLYLINE,3384.431657781045,146.70630145602752,0
GEO-008341,LWPOLYLINE,3384.431657781045,146.6428040398491,0
GEO-008342,LWPOLYLINE,3384.4951444313,146.6216328514946,0
GEO-008343,LWPOLYLINE,3384.4951444313,146.70630145602752,0
GEO-008344,LWPOLYLINE,3384.876150460216,146.9814569261339,0
GEO-008345,LWPOLYLINE,3385.299477333996,147.3201421101888,0
GEO-008346,LWPOLYLINE,3385.299477333996,147.2777889675564,0
GEO-008347,LWPOLYLINE,3385.3206539053126,146.7274780273437,0
GEO-008348,LWPOLYLINE,3385.3206539053126,146.6639644622802,0
GEO-008349,LWPOLYLINE,3385.384129789644,146.68514103359638,0
GEO-008350,LWPOLYLINE,3384.135325739622,146.98146769205727,0
GEO-008351,LWPOLYLINE,3382.5901358185615,147.02379930284286,0
GEO-008352,LWPOLYLINE,3383.0134734582643,147.32014211018873,0
GEO-008353,LWPOLYLINE,3382.886478625908,146.7063122219509,0
GEO-008354,LWPOLYLINE,3382.886478625908,146.6216490003797,0
GEO-008355,LWPOLYLINE,3382.928810236693,146.6216490003797,0
GEO-008356,LWPOLYLINE,3382.928810236693,146.7063122219509,0
GEO-008357,LWPOLYLINE,3383.352169408243,146.9814569261339,0
GEO-008358,LWPOLYLINE,3383.71198809992,147.3201421101888,0
GEO-008359,LWPOLYLINE,3383.71198809992,147.2777889675564,0
GEO-008360,LWPOLYLINE,3383.775485516098,147.2778051164415,0
GEO-008361,LWPOLYLINE,3383.733153905313,146.70630145602752,0
GEO-008362,LWPOLYLINE,3383.733153905313,146.6216328514946,0
GEO-008363,LWPOLYLINE,3383.796651321491,146.6428040398491,0
GEO-008364,LWPOLYLINE,3383.796651321491,146.70630145602752,0
GEO-008365,LWPOLYLINE,3382.1668197107056,145.2457962883843,0
GEO-008366,LWPOLYLINE,3382.0398141124256,145.2881171332465,0
GEO-008367,LWPOLYLINE,3383.225153044039,145.2034539116753,0
GEO-008368,LWPOLYLINE,3380.452303346501,146.9814461602105,0
GEO-008369,LWPOLYLINE,3369.932488961194,140.1446164872911,0
GEO-008370,LWPOLYLINE,3369.932488961194,138.93811713324652,0
GEO-008371,LWPOLYLINE,3376.218980779092,145.3304487440321,0
GEO-008372,LWPOLYLINE,3401.3438145430628,145.3304487440321,0
GEO-008373,LWPOLYLINE,3373.255649598943,145.13996726142028,0
GEO-008374,LWPOLYLINE,3373.255649598943,145.73263672722703,0
GEO-008375,LWPOLYLINE,3373.065135818562,145.45747049119734,0
GEO-008376,LWPOLYLINE,3374.694988961194,145.45747049119734,0
GEO-008377,LWPOLYLINE,3398.3804833629138,145.11880145602748,0
GEO-008378,LWPOLYLINE,3398.3804833629138,145.71146553887255,0
GEO-008379,LWPOLYLINE,3398.211146153848,145.41513349745003,0
GEO-008380,LWPOLYLINE,3399.798656919771,145.41513349745003,0
GEO-008381,LWPOLYLINE,3387.077480348455,135.78429370456263,0
GEO-008382,LWPOLYLINE,3388.453322294527,135.78429370456263,0
GEO-008383,LWPOLYLINE,3379.647991975652,146.9814676920573,0
GEO-008384,LWPOLYLINE,3384.135325739623,146.9814676920573,0
GEO-008385,LWPOLYLINE,3385.7016599342296,146.9814676920573,0
GEO-008386,LWPOLYLINE,3381.150828754081,146.9814676920573,0
GEO-008387,LWPOLYLINE,3380.2194902531046,146.9814676920573,0
GEO-008388,LWPOLYLINE,3379.266985946735,146.9814676920573,0
GEO-008389,LWPOLYLINE,3378.335658211682,146.9814676920573,0
GEO-008390,LWPOLYLINE,3377.3619988658434,146.9814676920573,0
GEO-008391,LWPOLYLINE,3387.6489893918306,146.9814676920573,0
GEO-008392,LWPOLYLINE,3396.200308514145,146.9814676920573,0
GEO-008393,LWPOLYLINE,3376.282488961194,146.98146230909555,0
GEO-008394,LWPOLYLINE,3374.05998250164,146.98146230909555,0
GEO-008395,LWPOLYLINE,3375.181824017075,146.98146769205727,0
GEO-008396,LWPOLYLINE,3402.4444794871806,147.55296058654778,0
GEO-008397,LWPOLYLINE,3402.4444794871806,146.98146230909555,0
GEO-008398,LWPOLYLINE,3400.22198379355,146.98146230909555,0
GEO-008399,LWPOLYLINE,3401.301482932277,146.98146769205727,0
GEO-008400,LWPOLYLINE,3391.12031066733,149.6061352199978,0
GEO-008401,LWPOLYLINE,3391.12031066733,147.00263349745006,0
GEO-008402,LWPOLYLINE,3391.162653044039,148.0398010253906,0
GEO-008403,CIRCLE,3387.119596659601,150.3257941351996,0
GEO-008404,LWPOLYLINE,3395.607655197223,146.9814676920573,0
GEO-008405,LWPOLYLINE,3396.5601595035932,146.9814676920573,0
GEO-008406,LWPOLYLINE,3397.5126638099623,146.9814676920573,0
GEO-008407,LWPOLYLINE,3398.4651465844845,146.9814676920573,0
GEO-008408,LWPOLYLINE,3377.2138166962477,145.33047565884056,0
GEO-008409,LWPOLYLINE,3378.4414872386455,145.33045412699374,0
GEO-008410,LWPOLYLINE,3379.669147015122,145.33047565884056,0
GEO-008411,LWPOLYLINE,3403.3334971432955,145.33047565884056,0
GEO-008412,LWPOLYLINE,3404.561167685695,145.33045412699374,0
GEO-008413,LWPOLYLINE,3405.7887951643997,145.33045412699374,0
GEO-008414,LWPOLYLINE,3392.4538210026167,149.45795843336316,0
GEO-008415,LWPOLYLINE,3386.1037994707694,149.22513457404236,0
GEO-008416,LWPOLYLINE,3387.3314700131687,149.225123808119,0
GEO-008417,LWPOLYLINE,3388.283974319538,149.22512919108067,0
GEO-008418,LWPOLYLINE,3386.0614786259075,151.13014318678108,0
GEO-008419,LWPOLYLINE,3387.3314915450155,151.13014318678108,0
GEO-008420,LWPOLYLINE,3387.5431495989433,150.83380576239688,0
GEO-008421,LWPOLYLINE,3388.664980348455,151.13013780381945,0
GEO-008422,LWPOLYLINE,3384.283497143296,145.33045412699374,0
GEO-008423,LWPOLYLINE,3385.511167685695,145.33045412699374,0
GEO-008424,LWPOLYLINE,3386.4636396942933,145.33045412699374,0
GEO-008425,LWPOLYLINE,3391.1414764727224,135.6784808264838,0
GEO-008426,LWPOLYLINE,3392.3691470151216,135.67845929463704,0
GEO-008427,LWPOLYLINE,3393.3216405555677,135.67845929463704,0
GEO-008428,LWPOLYLINE,3435.4201063367805,147.29896553887255,0
GEO-008429,LWPOLYLINE,3426.3607217576514,147.1931311289469,0
GEO-008430,ARC,3430.911596038926,140.40014606914588,0
GEO-008431,LWPOLYLINE,3435.293089972577,141.37229779561355,0
GEO-008432,ARC,3430.9115738368264,153.9464160391454,0
GEO-008433,LWPOLYLINE,3435.250736829945,153.1197988722059,0
GEO-008434,SOLID,3483.83030636096,264.2448096381293,0
GEO-008435,SOLID,3483.83030636096,263.52512919108074,0
GEO-008436,SOLID,3483.83030636096,264.2448096381293,0
GEO-008437,SOLID,3483.83030636096,263.52512919108074,0
GEO-008438,LWPOLYLINE,3483.174134096014,263.90613521999785,0
GEO-008439,LWPOLYLINE,3473.4163102366924,263.94847759670677,0
GEO-008440,LWPOLYLINE,3467.256824017075,263.90613521999785,0
GEO-008441,LWPOLYLINE,3467.1933050690495,264.5411309136285,0
GEO-008442,LWPOLYLINE,3468.39982057198,263.90613521999785,0
GEO-008443,LWPOLYLINE,3483.83030636096,263.8638036092122,0
GEO-008444,SOLID,3461.478322294527,264.13896984524195,0
GEO-008445,SOLID,3461.478322294527,263.5674715677897,0
GEO-008446,LWPOLYLINE,3470.876338228093,263.88496941460505,0
GEO-008447,LWPOLYLINE,3472.1039872386464,263.88496941460505,0
GEO-008448,LWPOLYLINE,3465.140157350408,263.90613521999785,0
GEO-008449,LWPOLYLINE,3463.7854596778816,262.3609668307834,0
GEO-008450,LWPOLYLINE,3463.7855027415762,263.52512919108074,0
GEO-008451,LWPOLYLINE,3463.7854812097294,264.583462524414,0
GEO-008452,LWPOLYLINE,3463.7854704438055,265.66297242906353,0
GEO-008453,SOLID,3458.8959648455248,250.16896769205727,0
GEO-008454,SOLID,3458.8959648455248,249.06830274793833,0
GEO-008455,SOLID,3456.631148307032,250.16896769205727,0
GEO-008456,SOLID,3456.631148307032,249.06830274793833,0
GEO-008457,LWPOLYLINE,3447.804673714612,249.597469414605,0
GEO-008458,LWPOLYLINE,3450.4928386587308,249.597469414605,0
GEO-008459,LWPOLYLINE,3453.6466728533373,249.597469414605,0
GEO-008460,LWPOLYLINE,3456.8640044641234,249.597469414605,0
GEO-008461,LWPOLYLINE,3460.0601702695167,249.597469414605,0
GEO-008462,LWPOLYLINE,3463.2140044641237,249.597469414605,0
GEO-008463,LWPOLYLINE,3465.9233352136353,249.597469414605,0
GEO-008464,LWPOLYLINE,3457.774177159707,259.5457962883844,0
GEO-008465,LWPOLYLINE,3457.774177159707,253.17463048299157,0
GEO-008466,LWPOLYLINE,3457.774177159707,246.78229887220596,0
GEO-008467,LWPOLYLINE,3446.2594622617034,252.24330274793834,0
GEO-008468,LWPOLYLINE,3447.868149598943,252.24329198201497,0
GEO-008469,LWPOLYLINE,3447.5929725969904,252.2221369425456,0
GEO-008470,LWPOLYLINE,3449.498002741576,252.24329198201497,0
GEO-008471,LWPOLYLINE,3451.106647015122,252.24329198201497,0
GEO-008472,LWPOLYLINE,3451.254807652871,251.8199651082357,0
GEO-008473,LWPOLYLINE,3452.7364678599843,252.24329198201497,0
GEO-008474,LWPOLYLINE,3452.461290858031,252.2221369425456,0
GEO-008475,LWPOLYLINE,3454.345122899453,252.24330274793834,0
GEO-008476,LWPOLYLINE,3454.345122899453,252.24330274793834,0
GEO-008477,LWPOLYLINE,3460.9491340960135,253.1534754435221,0
GEO-008478,LWPOLYLINE,3460.949134096014,252.3279767354329,0
GEO-008479,LWPOLYLINE,3462.007467429347,252.3279767354329,0
GEO-008480,LWPOLYLINE,3462.536634096014,252.3491317749023,0
GEO-008481,LWPOLYLINE,3463.065800762681,252.3279767354329,0
GEO-008482,LWPOLYLINE,3464.1664872386464,252.32796596950948,0
GEO-008483,LWPOLYLINE,3463.8913210026167,252.3491317749023,0
GEO-008484,LWPOLYLINE,3465.7963188494314,252.32796596950948,0
GEO-008485,LWPOLYLINE,3465.923313681788,251.9257941351996,0
GEO-008486,LWPOLYLINE,3467.3838188494315,252.32796596950948,0
GEO-008487,LWPOLYLINE,3469.013628928371,252.32796596950948,0
GEO-008488,LWPOLYLINE,3469.013628928371,252.0528104994032,0
GEO-008489,LWPOLYLINE,3470.6222947337637,252.3279767354329,0
GEO-008490,LWPOLYLINE,3470.6222947337637,252.3279767354329,0
GEO-008491,LWPOLYLINE,3457.774134096013,269.26131006876625,0
GEO-008492,LWPOLYLINE,3457.774134096013,262.8901442633735,0
GEO-008493,LWPOLYLINE,3457.774134096013,256.51897845798067,0
GEO-008494,LWPOLYLINE,3457.774134096013,272.2458178202311,0
GEO-008495,LWPOLYLINE,3457.774134096013,281.96131006876624,0
GEO-008496,LWPOLYLINE,3457.774134096013,275.5901442633735,0
GEO-008497,LWPOLYLINE,3430.911574469647,173.2704745822482,0
GEO-008498,LWPOLYLINE,3446.6288689244857,227.6688014560275,0
GEO-008499,LWPOLYLINE,3430.911574469647,135.5726410335964,0
GEO-008500,LWPOLYLINE,3430.890408664254,122.2588057623969,0
GEO-008501,LWPOLYLINE,3430.911574469647,156.48530726962616,0
GEO-008502,SOLID,3329.2713134664696,147.38363952636715,0
GEO-008503,SOLID,3329.2713134664696,146.62163823445638,0
GEO-008504,SOLID,3425.0695860968444,147.38363952636715,0
GEO-008505,SOLID,3425.0695860968444,146.62163823445638,0
GEO-008506,LWPOLYLINE,3298.981813251152,20.42598190307617,0
GEO-008507,LWPOLYLINE,3300.6328160502917,20.425971137152775,0
GEO-008508,LWPOLYLINE,3300.6328160502917,20.15077260335286,0
GEO-008509,LWPOLYLINE,3302.3684820710023,20.425971137152775,0
GEO-008510,LWPOLYLINE,3304.1888059303237,20.42596037122938,0
GEO-008511,LWPOLYLINE,3305.7551508908546,20.425971137152775,0
GEO-008512,LWPOLYLINE,3307.109810882648,20.425971137152775,0
GEO-008513,LWPOLYLINE,3306.919307868189,20.48946855333117,0
GEO-008514,LWPOLYLINE,3307.109810882648,19.60046166314019,0
GEO-008515,LWPOLYLINE,3311.427812820514,20.42598190307617,0
GEO-008516,LWPOLYLINE,3313.121136464517,20.42598190307617,0
GEO-008517,LWPOLYLINE,3314.8568186341126,20.42598190307617,0
GEO-008518,LWPOLYLINE,3316.4231582116827,20.425971137152775,0
GEO-008519,LWPOLYLINE,3317.7778128205146,20.425971137152775,0
GEO-008520,LWPOLYLINE,3317.587309806056,20.48946855333117,0
GEO-008521,LWPOLYLINE,3317.7778128205146,19.60046166314019,0
GEO-008522,LWPOLYLINE,3319.344157781045,20.42596037122938,0
GEO-008523,LWPOLYLINE,3319.6193132511507,20.04496510823568,0
GEO-008524,LWPOLYLINE,3544.726815404337,20.955127037896045,0
GEO-008525,LWPOLYLINE,3280.101150460217,146.9814676920573,0
GEO-008526,LWPOLYLINE,3255.9076444313,156.16780403984916,0
GEO-008527,LWPOLYLINE,3260.183314758381,108.7544513278537,0
GEO-008528,SOLID,3228.75776178509,101.2826421101888,0
GEO-008529,SOLID,3226.2954769033595,101.60015072292751,0
GEO-008530,SOLID,3231.0156506755357,88.43449223836261,0
GEO-008531,SOLID,3231.0156506755357,87.6724909464518,0
GEO-008532,LWPOLYLINE,3287.234312174559,146.9814676920573,0
GEO-008533,SOLID,3254.2354865926904,119.95162531534825,0
GEO-008534,SOLID,3254.2354865926904,120.54430016411669,0
GEO-008535,SOLID,3283.254979271862,147.38363952636715,0
GEO-008536,SOLID,3283.254979271862,146.62163823445638,0
GEO-008537,LWPOLYLINE,3416.487523963956,146.9814676920573,0
GEO-008538,LWPOLYLINE,3343.706968721258,147.00262273152666,0
GEO-008539,SOLID,3344.701804638413,146.64279327392575,0
GEO-008540,SOLID,3343.855140124931,146.8544620937771,0
GEO-008541,LWPOLYLINE,3339.452491114379,144.65313220553924,0
GEO-008542,LWPOLYLINE,3340.57432186389,144.65312143961586,0
GEO-008543,LWPOLYLINE,3340.743637541109,144.3779605865478,0
GEO-008544,LWPOLYLINE,3341.6749975739326,144.65313220553924,0
GEO-008545,LWPOLYLINE,3342.7544859467353,144.6108113606771,0
GEO-008546,SOLID,3340.849477333996,147.00263349745,0
GEO-008547,LWPOLYLINE,3430.869242858861,115.27379930284286,0
GEO-008548,LWPOLYLINE,3440.817591264487,147.4894685533311,0
GEO-008549,LWPOLYLINE,3439.5052682664405,146.34645584954154,0
GEO-008550,LWPOLYLINE,3440.7328957451464,146.34646661546495,0
GEO-008551,LWPOLYLINE,3441.6854323492853,146.34646661546495,0
GEO-008552,LWPOLYLINE,3439.484080929201,148.54780188666444,0
GEO-008553,LWPOLYLINE,3440.584756639243,148.54779650370276,0
GEO-008554,LWPOLYLINE,3438.3834267510056,151.23595606486,0
GEO-008555,LWPOLYLINE,3438.3834267510056,143.4042958577474,0
GEO-008556,SOLID,3197.466481855684,88.34981825086804,0
GEO-008557,SOLID,3197.466481855684,87.60898276435003,0
GEO-008558,SOLID,3197.466481855684,88.34981825086804,0
GEO-008559,SOLID,3197.466481855684,87.60898276435003,0
GEO-008560,LWPOLYLINE,3196.789149168306,87.96882298787435,0
GEO-008561,LWPOLYLINE,3187.0948146507208,87.98998879326713,0
GEO-008562,LWPOLYLINE,3179.263146369166,87.96881222195094,0
GEO-008563,LWPOLYLINE,3179.051480240796,87.98997802734372,0
GEO-008564,LWPOLYLINE,3180.4908142200848,87.96881222195094,0
GEO-008565,LWPOLYLINE,3180.5966486300103,87.67248018052841,0
GEO-008566,LWPOLYLINE,3181.7184807252625,87.96881222195094,0
GEO-008567,LWPOLYLINE,3182.94614723044,87.96881222195094,0
GEO-008568,LWPOLYLINE,3185.7613164270983,87.98998879326713,0
GEO-008569,LWPOLYLINE,3186.586813789448,87.98997802734374,0
GEO-008570,LWPOLYLINE,3187.43348099441,87.98997802734374,0
GEO-008571,LWPOLYLINE,3187.010147391929,87.98997802734372,0
GEO-008572,LWPOLYLINE,3188.195480940581,87.86298319498697,0
GEO-008573,LWPOLYLINE,3189.444314596892,88.2016468471951,0
GEO-008574,LWPOLYLINE,3189.592481963343,87.98997802734374,0
GEO-008575,LWPOLYLINE,3190.6084796486693,87.98997802734374,0
GEO-008576,LWPOLYLINE,3191.8361448081077,87.98997802734374,0
GEO-008577,SOLID,3176.7019816403654,100.9016360812717,0
GEO-008578,SOLID,3176.7019816403654,101.6424823337131,0
GEO-008579,SOLID,3176.7019816403654,100.9016360812717,0
GEO-008580,SOLID,3176.7019816403654,101.6424823337131,0
GEO-008581,LWPOLYLINE,3177.358148522351,101.261476304796,0
GEO-008582,LWPOLYLINE,3187.115980456114,101.19796812269422,0
GEO-008583,LWPOLYLINE,3176.7019816403654,101.2826421101888,0
GEO-008584,LWPOLYLINE,3182.60747819527,101.28264211018876,0
GEO-008585,LWPOLYLINE,3182.6074808867515,101.9176593356662,0
GEO-008586,LWPOLYLINE,3183.7716472842703,101.28266364203554,0
GEO-008587,LWPOLYLINE,3186.2058131434924,101.28263134426535,0
GEO-008588,LWPOLYLINE,3187.01014873767,101.28262057834195,0
GEO-008589,LWPOLYLINE,3187.856815942633,101.28262057834195,0
GEO-008590,LWPOLYLINE,3187.4334823401514,101.282620578342,0
GEO-008591,LWPOLYLINE,3188.661147499588,101.1556257459852,0
GEO-008592,LWPOLYLINE,3189.888812659026,101.49432169596349,0
GEO-008593,LWPOLYLINE,3190.058148522351,101.28264211018876,0
GEO-008594,LWPOLYLINE,3191.0741462076776,101.28266364203554,0
GEO-008595,LWPOLYLINE,3192.3018140585955,101.28266364203554,0
GEO-008596,LWPOLYLINE,3390.1043197107056,148.10330920749237,0
GEO-008597,LWPOLYLINE,3334.943970013169,147.32014211018875,0
GEO-008598,LWPOLYLINE,3334.965135818561,149.43680339389374,0
GEO-008599,LWPOLYLINE,3334.965135818561,147.06613091362846,0
GEO-008600,LWPOLYLINE,3334.965135818561,159.6814676920573,0
GEO-008601,LWPOLYLINE,3334.965135818561,158.55964232550718,0
GEO-008602,LWPOLYLINE,3334.965141201523,154.47445886400004,0
GEO-008603,LWPOLYLINE,3334.49948809992,155.27880791558152,0
GEO-008604,LWPOLYLINE,3334.499482716958,155.829140387641,0
GEO-008605,LWPOLYLINE,3335.430815834973,155.27880791558152,0
GEO-008606,LWPOLYLINE,3335.3038102366927,155.3211395263671,0
GEO-008607,CIRCLE,3334.922788082224,163.0257941351996,0
GEO-008608,LWPOLYLINE,3334.965146584485,163.00463371276857,0
GEO-008609,LWPOLYLINE,3334.922825739623,164.2111384497748,0
GEO-008610,LWPOLYLINE,3334.901649168307,164.7614655388726,0
GEO-008611,LWPOLYLINE,3335.473158211682,164.2111384497748,0
GEO-008612,LWPOLYLINE,3430.869253624785,113.9191231621636,0
GEO-008613,LWPOLYLINE,3334.922820356661,163.0257941351996,0
GEO-008614,LWPOLYLINE,3202.3136477687367,239.41629714965813,0
GEO-008615,LWPOLYLINE,3202.3136477687367,238.590798441569,0
GEO-008616,LWPOLYLINE,3202.3136477687367,237.95580274793832,0
GEO-008617,LWPOLYLINE,3202.461811097967,237.76531049940314,0
GEO-008618,LWPOLYLINE,3203.09681486604,239.56445778740775,0
GEO-008619,LWPOLYLINE,3203.604815727314,239.56445778740775,0
GEO-008620,LWPOLYLINE,3205.636811097967,238.590798441569,0
GEO-008621,LWPOLYLINE,3206.9068132511516,238.590798441569,0
GEO-008622,ELLIPSE,3208.8054817142815,238.590798441569,0
GEO-008623,LWPOLYLINE,3210.039478948885,237.7864655388726,0
GEO-008624,LWPOLYLINE,3204.3668143277437,238.2521347893609,0
GEO-008625,LWPOLYLINE,3290.7056495989427,145.85963694254554,0
GEO-008626,LWPOLYLINE,3290.7056495989436,145.0341274685329,0
GEO-008627,LWPOLYLINE,3290.7056495989436,144.3991317749023,0
GEO-008628,LWPOLYLINE,3290.853810236693,144.20863414340545,0
GEO-008629,LWPOLYLINE,3291.488800547362,146.00779758029512,0
GEO-008630,LWPOLYLINE,3291.9968229404826,146.00779758029512,0
GEO-008631,LWPOLYLINE,3294.621474319538,145.03414361741807,0
GEO-008632,LWPOLYLINE,3296.314824878349,145.03414361741807,0
GEO-008633,LWPOLYLINE,3299.6168035618207,145.03413285149463,0
GEO-008634,LWPOLYLINE,3300.929148091714,145.03413823445635,0
GEO-008635,LWPOLYLINE,3302.6224717357163,145.03414361741807,0
GEO-008636,LWPOLYLINE,3292.7588188494315,144.69546381632483,0
GEO-008637,LWPOLYLINE,3409.2861342219194,150.89729779561355,0
GEO-008638,LWPOLYLINE,3409.286144987843,150.0717937045627,0
GEO-008639,LWPOLYLINE,3409.286144987843,149.4367926279703,0
GEO-008640,LWPOLYLINE,3409.434316391516,149.24630037943516,0
GEO-008641,LWPOLYLINE,3410.0693120851456,151.04546381632485,0
GEO-008642,LWPOLYLINE,3410.577312946421,151.04546381632485,0
GEO-008643,LWPOLYLINE,3413.201958942514,150.0717990875244,0
GEO-008644,LWPOLYLINE,3414.895287969478,150.0717990875244,0
GEO-008645,LWPOLYLINE,3418.197304333681,150.07180985344775,0
GEO-008646,LWPOLYLINE,3419.5096273317276,150.07180447048606,0
GEO-008647,LWPOLYLINE,3421.202999422386,150.0717990875244,0
GEO-008648,LWPOLYLINE,3411.3393034724077,149.71196424696174,0
GEO-008649,LWPOLYLINE,3432.3297480265046,173.58796166314016,0
GEO-008650,LWPOLYLINE,3432.3297480265037,172.7624629550509,0
GEO-008651,LWPOLYLINE,3432.3297480265037,172.1486330668131,0
GEO-008652,LWPOLYLINE,3432.477887132407,171.93696424696174,0
GEO-008653,LWPOLYLINE,3433.1552790323635,173.7361330668131,0
GEO-008654,LWPOLYLINE,3433.663258361791,173.7361330668131,0
GEO-008655,LWPOLYLINE,3436.287904357884,172.76245757208926,0
GEO-008656,LWPOLYLINE,3437.9812333848486,172.76245757208926,0
GEO-008657,LWPOLYLINE,3441.2832497490517,172.76246833801264,0
GEO-008658,LWPOLYLINE,3442.595572747099,172.76246833801264,0
GEO-008659,LWPOLYLINE,3444.2889017740627,172.76245757208926,0
GEO-008660,LWPOLYLINE,3434.404072316462,172.42380468580455,0
GEO-008661,LWPOLYLINE,3436.732397037056,132.37646446228024,0
GEO-008662,LWPOLYLINE,3436.7324185689035,131.5297837999132,0
GEO-008663,LWPOLYLINE,3436.7324185689035,130.9159646775987,0
GEO-008664,LWPOLYLINE,3436.880568440729,130.70429047478564,0
GEO-008665,LWPOLYLINE,3437.557895745146,132.50346467759869,0
GEO-008666,LWPOLYLINE,3438.065918138267,132.50346467759869,0
GEO-008667,LWPOLYLINE,3440.690607198054,131.52979994879826,0
GEO-008668,LWPOLYLINE,3442.3839146931714,131.52979994879826,0
GEO-008669,LWPOLYLINE,3445.6859310573745,131.52979994879826,0
GEO-008670,LWPOLYLINE,3446.9982432894976,131.52980533175995,0
GEO-008671,LWPOLYLINE,3448.691561550539,131.52979994879826,0
GEO-008672,LWPOLYLINE,3438.827930196101,131.21230748494466,0
GEO-008673,SOLID,3197.466481855684,71.20803072126888,0
GEO-008674,SOLID,3197.466481855684,70.46719523475087,0
GEO-008675,SOLID,3197.466481855684,71.20803072126888,0
GEO-008676,SOLID,3197.466481855684,70.46719523475087,0
GEO-008677,LWPOLYLINE,3196.789149168306,70.82701392642838,0
GEO-008678,LWPOLYLINE,3187.0948146507208,70.84817973182118,0
GEO-008679,LWPOLYLINE,3179.263146369166,70.82702469235178,0
GEO-008680,LWPOLYLINE,3179.051480240796,70.84821202959137,0
GEO-008681,LWPOLYLINE,3180.4908142200848,70.82702469235178,0
GEO-008682,LWPOLYLINE,3180.5966486300103,70.53070341685265,0
GEO-008683,LWPOLYLINE,3181.7184807252625,70.82702469235178,0
GEO-008684,LWPOLYLINE,3182.94614723044,70.82702469235178,0
GEO-008685,LWPOLYLINE,3185.316814327744,70.80585888695899,0
GEO-008686,LWPOLYLINE,3186.163478841226,70.80585888695899,0
GEO-008687,LWPOLYLINE,3185.740146584485,70.84821202959137,0
GEO-008688,LWPOLYLINE,3187.031314543062,70.80585888695899,0
GEO-008689,LWPOLYLINE,3186.8619800254774,70.84821202959137,0
GEO-008690,LWPOLYLINE,3187.031314543062,70.17086319332834,0
GEO-008691,LWPOLYLINE,3189.2326444313003,70.72119566538781,0
GEO-008692,LWPOLYLINE,3190.4391451310858,70.80585888695899,0
GEO-008693,LWPOLYLINE,3191.6668183649654,70.80585888695899,0
GEO-008694,LWPOLYLINE,3192.8521438391745,70.80585888695899,0
GEO-008695,LWPOLYLINE,3273.129572025471,70.84821202959137,0
GEO-008696,LWPOLYLINE,3348.130805069049,143.86997049119736,0
GEO-008697,LWPOLYLINE,3348.1519708744427,139.04397307501895,0
GEO-008698,SOLID,3347.7921414168413,140.0388089921739,0
GEO-008699,SOLID,3348.003821002616,139.19213909573023,0
GEO-008700,SOLID,3348.1519924062895,136.18646553887254,0
GEO-008701,LWPOLYLINE,3350.5014829322763,136.5674608018663,0
GEO-008702,LWPOLYLINE,3350.5014829322763,137.6893077002631,0
GEO-008703,LWPOLYLINE,3350.776649168306,137.85863414340545,0
GEO-008704,LWPOLYLINE,3350.5014829322763,138.78996726142032,0
GEO-008705,LWPOLYLINE,3350.543836074909,139.86945563422304,0
GEO-008706,LWPOLYLINE,3367.985127205823,140.98021382050462,0
GEO-008707,LWPOLYLINE,3367.985127205823,142.2078843629037,0
GEO-008708,LWPOLYLINE,3367.985127205823,143.4355441393794,0
GEO-008709,LWPOLYLINE,3208.663647768736,100.13964555528428,0
GEO-008710,LWPOLYLINE,3208.663647768736,99.29299180772567,0
GEO-008711,LWPOLYLINE,3208.663647768736,98.70030619303384,0
GEO-008712,LWPOLYLINE,3208.811811097966,98.4886373731825,0
GEO-008713,LWPOLYLINE,3209.44681486604,100.26662962171766,0
GEO-008714,LWPOLYLINE,3209.954815727314,100.26662962171766,0
GEO-008715,LWPOLYLINE,3212.5794832552547,99.29298104180225,0
GEO-008716,LWPOLYLINE,3214.27281766518,99.29298104180225,0
GEO-008717,LWPOLYLINE,3217.574812497536,99.29298104180225,0
GEO-008718,LWPOLYLINE,3218.8871489529874,99.29297027587886,0
GEO-008719,LWPOLYLINE,3220.580480671433,99.29298104180225,0
GEO-008720,LWPOLYLINE,3210.7168143277436,98.97548319498695,0
GEO-008721,LWPOLYLINE,3208.240312820514,86.8893130832248,0
GEO-008722,LWPOLYLINE,3208.240310129034,86.04265933566622,0
GEO-008723,LWPOLYLINE,3208.240310129034,85.44997372097438,0
GEO-008724,LWPOLYLINE,3208.388478841226,85.23831566704642,0
GEO-008725,LWPOLYLINE,3209.0234826092983,87.01631868150498,0
GEO-008726,LWPOLYLINE,3209.531478087611,87.01631868150498,0
GEO-008727,LWPOLYLINE,3212.156150998514,86.04262703789603,0
GEO-008728,LWPOLYLINE,3213.8494800254775,86.04262703789603,0
GEO-008729,LWPOLYLINE,3217.151480240796,86.04264856974282,0
GEO-008730,LWPOLYLINE,3218.463814004766,86.04263780381942,0
GEO-008731,LWPOLYLINE,3220.1571484146916,86.04262703789603,0
GEO-008732,LWPOLYLINE,3210.2934820710034,85.7251399570041,0
GEO-008733,SOLID,3197.466481855684,47.85796381632487,0
GEO-008734,SOLID,3197.466481855684,47.11712832980686,0
GEO-008735,SOLID,3197.466481855684,47.85796381632487,0
GEO-008736,SOLID,3197.466481855684,47.11712832980686,0
GEO-008737,LWPOLYLINE,3196.789149168306,47.47695778740777,0
GEO-008738,LWPOLYLINE,3187.0948146507208,47.519289398193365,0
GEO-008739,LWPOLYLINE,3179.263146369166,47.47695778740776,0
GEO-008740,LWPOLYLINE,3179.051480240796,47.49813435872396,0
GEO-008741,LWPOLYLINE,3180.4908142200848,47.47695778740776,0
GEO-008742,LWPOLYLINE,3180.5966486300103,47.18062574598524,0
GEO-008743,LWPOLYLINE,3181.7184807252625,47.47695778740776,0
GEO-008744,LWPOLYLINE,3182.94614723044,47.47695778740776,0
GEO-008745,LWPOLYLINE,3185.7401479302252,47.244123162163625,0
GEO-008746,LWPOLYLINE,3187.052479002715,47.244133928087024,0
GEO-008747,LWPOLYLINE,3187.0524803484554,47.03246510823567,0
GEO-008748,LWPOLYLINE,3188.343646961292,47.244133928087024,0
GEO-008749,LWPOLYLINE,3189.57131346647,47.244133928087024,0
GEO-008750,LWPOLYLINE,3189.401978948885,47.28645477294922,0
GEO-008751,LWPOLYLINE,3189.57131346647,46.60912746853298,0
GEO-008752,LWPOLYLINE,3191.8784844933352,47.244144694010416,0
GEO-008753,LWPOLYLINE,3192.8944821786627,47.15945994059244,0
GEO-008754,LWPOLYLINE,3194.016314273914,47.244133928087024,0
GEO-008755,LWPOLYLINE,3193.995149814262,47.03246510823567,0
GEO-008756,LWPOLYLINE,3195.053475073152,47.15945994059244,0
GEO-008757,LWPOLYLINE,3269.4562316772244,47.49813435872396,0
GEO-008758,LWPOLYLINE,3365.4451444313,143.86997049119736,0
GEO-008759,LWPOLYLINE,3365.4662994707696,139.04397307501895,0
GEO-008760,SOLID,3365.106480779092,140.0388089921739,0
GEO-008761,SOLID,3365.318149598944,139.19213909573023,0
GEO-008762,SOLID,3365.4663210026165,136.18646553887254,0
GEO-008763,LWPOLYLINE,3367.815811528604,136.5674608018663,0
GEO-008764,LWPOLYLINE,3367.8158222945267,137.6893077002631,0
GEO-008765,LWPOLYLINE,3368.0909885305573,137.85863414340545,0
GEO-008766,LWPOLYLINE,3367.815811528604,138.78996726142032,0
GEO-008767,LWPOLYLINE,3367.858153905313,139.86945563422304,0
GEO-008768,SOLID,3365.466310236693,145.94429478115507,0
GEO-008769,LWPOLYLINE,3365.4451444313,145.41513349745009,0
GEO-008770,SOLID,3348.151981640366,145.94429478115507,0
GEO-008771,LWPOLYLINE,3348.130805069049,145.41513349745009,0
GEO-008772,LWPOLYLINE,3208.240312820514,46.39746941460503,0
GEO-008773,LWPOLYLINE,3208.240310129034,45.55079413519965,0
GEO-008774,LWPOLYLINE,3208.240310129034,44.93696424696181,0
GEO-008775,LWPOLYLINE,3208.388478841226,44.72529542711046,0
GEO-008776,LWPOLYLINE,3209.0234826092983,46.5244750128852,0
GEO-008777,LWPOLYLINE,3209.531478087611,46.5244750128852,0
GEO-008778,LWPOLYLINE,3212.156150998514,45.550804901123044,0
GEO-008779,LWPOLYLINE,3213.8494800254775,45.550804901123044,0
GEO-008780,LWPOLYLINE,3217.151480240796,45.550804901123044,0
GEO-008781,LWPOLYLINE,3218.463814004766,45.550804901123044,0
GEO-008782,LWPOLYLINE,3220.1571484146916,45.550804901123044,0
GEO-008783,LWPOLYLINE,3210.2934820710034,45.233296288384324,0
GEO-008784,LWPOLYLINE,3208.240312820514,69.72635974823285,0
GEO-008785,LWPOLYLINE,3208.240310129034,68.90085027422028,0
GEO-008786,LWPOLYLINE,3208.240310129034,68.26585458058963,0
GEO-008787,LWPOLYLINE,3208.388478841226,68.07535156613108,0
GEO-008788,LWPOLYLINE,3209.0234826092983,69.87453115190583,0
GEO-008789,LWPOLYLINE,3209.531478087611,69.87453115190583,0
GEO-008790,LWPOLYLINE,3212.156150998514,68.90086104014367,0
GEO-008791,LWPOLYLINE,3213.8494800254775,68.90086104014367,0
GEO-008792,LWPOLYLINE,3217.151480240796,68.90088257199046,0
GEO-008793,LWPOLYLINE,3218.463814004766,68.90087180606707,0
GEO-008794,LWPOLYLINE,3220.1571484146916,68.90086104014367,0
GEO-008795,LWPOLYLINE,3210.2934820710034,68.56219738793556,0
GEO-008796,LWPOLYLINE,3331.8748205719785,17.780127037896044,0
GEO-008797,LWPOLYLINE,3333.441144000663,17.78013780381944,0
GEO-008798,LWPOLYLINE,3333.441149383625,17.52610507541232,0
GEO-008799,LWPOLYLINE,3334.9651412015237,17.780148569742835,0
GEO-008800,LWPOLYLINE,3336.5526573504085,17.78013780381944,0
GEO-008801,LWPOLYLINE,3336.5526573504085,17.52610507541232,0
GEO-008802,LWPOLYLINE,3338.118991545016,17.780127037896044,0
GEO-008803,LWPOLYLINE,3339.113827462171,17.78013780381944,0
GEO-008804,LWPOLYLINE,3340.172160795504,17.78013780381944,0
GEO-008805,LWPOLYLINE,3340.172139263657,18.54212832980685,0
GEO-008806,LWPOLYLINE,3341.5691470151214,18.18229887220594,0
GEO-008807,LWPOLYLINE,3341.569147015122,17.42030834621853,0
GEO-008808,LWPOLYLINE,3342.521651321491,17.970608520507803,0
GEO-008809,LWPOLYLINE,3342.521651321491,17.10281049940321,0
GEO-008810,LWPOLYLINE,3345.0828214332532,17.78013780381944,0
GEO-008811,LWPOLYLINE,3347.876815404336,17.78013780381944,0
GEO-008812,LWPOLYLINE,3348.7446564891343,18.478630913628464,0
GEO-008813,LWPOLYLINE,3348.765822294527,17.52612660725911,0
GEO-008814,LWPOLYLINE,3349.6548291847184,17.78013780381944,0
GEO-008815,LWPOLYLINE,3349.527802054591,18.03410593668619,0
GEO-008816,LWPOLYLINE,3350.3533222945275,17.10281049940321,0
GEO-008817,LWPOLYLINE,3331.832488961193,15.32478595309787,0
GEO-008818,LWPOLYLINE,3333.61048659269,15.32478595309787,0
GEO-008819,LWPOLYLINE,3335.1768369361835,15.324829016791444,0
GEO-008820,LWPOLYLINE,3337.6321457232107,15.49413392808702,0
GEO-008821,LWPOLYLINE,3337.6321457232107,14.626303609212234,0
GEO-008822,LWPOLYLINE,3339.325485516098,15.070807054307721,0
GEO-008823,LWPOLYLINE,3340.7648248783485,15.070807054307721,0
GEO-008824,LWPOLYLINE,3343.6011504602175,15.070796288384326,0
GEO-008825,LWPOLYLINE,3344.7229812097294,15.070796288384326,0
GEO-008826,LWPOLYLINE,3346.1623205719798,15.070807054307721,0
GEO-008827,LWPOLYLINE,3273.3278128205147,176.2549608018663,0
GEO-008828,LWPOLYLINE,3275.8889829322766,176.12796596950955,0
GEO-008829,LWPOLYLINE,3278.4289764727228,176.2549608018663,0
GEO-008830,SOLID,3271.316975180812,166.7723031785753,0
GEO-008831,SOLID,3271.316975180812,166.01030188666445,0
GEO-008832,LWPOLYLINE,3275.867817126884,154.55913823445638,0
GEO-008833,SOLID,3276.269983578232,191.19863306681316,0
GEO-008834,SOLID,3275.507982286321,191.19863306681316,0
GEO-008835,SOLID,3269.1579822863214,185.3142969343397,0
GEO-008836,SOLID,3269.1579822863214,186.07630360921218,0
GEO-008837,LWPOLYLINE,3266.046474319538,185.7164633856879,0
GEO-008838,LWPOLYLINE,3269.6871435700264,143.2984668307834,0
GEO-008839,LWPOLYLINE,3430.9116067674167,129.54013349745006,0
GEO-008840,LWPOLYLINE,3429.17589230005,129.49780188666443,0
GEO-008841,LWPOLYLINE,3430.0225675794554,129.5189676920573,0
GEO-008842,LWPOLYLINE,3432.562593417672,130.5984668307834,0
GEO-008843,LWPOLYLINE,3432.4567428588616,127.6774672614203,0
GEO-008844,LWPOLYLINE,3432.4567428588616,129.05329844156893,0
GEO-008845,LWPOLYLINE,3432.52024027504,131.7202921973334,0
GEO-008846,LWPOLYLINE,3432.520261806886,132.9691285451253,0
GEO-008847,LWPOLYLINE,3432.5202295091167,134.1968098534478,0
GEO-008848,LWPOLYLINE,3430.911596001493,195.6012928432888,0
GEO-008849,LWPOLYLINE,3430.8904517279475,190.859969414605,0
GEO-008850,LWPOLYLINE,3430.8904517279475,188.59513134426533,0
GEO-008851,LWPOLYLINE,3430.9115960014933,189.6958070543077,0
GEO-008852,LWPOLYLINE,3429.302940962024,189.6958070543077,0
GEO-008853,LWPOLYLINE,3424.879083082386,189.6958070543077,0
GEO-008854,LWPOLYLINE,3427.080423736547,189.03963478936083,0
GEO-008855,LWPOLYLINE,3427.080423736547,190.33080274793835,0
GEO-008856,LWPOLYLINE,3427.05924716523,189.67463048299152,0
GEO-008857,LWPOLYLINE,3423.164588250029,189.67463048299152,0
GEO-008858,LWPOLYLINE,3422.1274207220877,188.67979456583654,0
GEO-008859,SOLID,3422.127420722088,190.0344599405924,0
GEO-008860,SOLID,3422.106287214465,190.0344599405924,0
GEO-008861,SOLID,3422.1486080593277,190.0344599405924,0
GEO-008862,SOLID,3422.127420722088,190.0132941351996,0
GEO-008863,SOLID,3422.1485972934042,190.0132941351996,0
GEO-008864,SOLID,3422.106287214465,189.970962524414,0
GEO-008865,SOLID,3422.1486080593277,189.970962524414,0
GEO-008866,SOLID,3422.1062656826184,189.9286309136284,0
GEO-008867,SOLID,3422.1274422539345,189.9286309136284,0
GEO-008868,SOLID,3422.127431488011,189.88629930284281,0
GEO-008869,SOLID,3422.127431488011,189.88629930284281,0
GEO-008870,SOLID,3422.127431488011,189.82280188666445,0
GEO-008871,SOLID,3422.1486080593277,189.82280188666445,0
GEO-008872,SOLID,3422.127431488011,189.7381386650933,0
GEO-008873,SOLID,3422.127431488011,189.7381386650933,0
GEO-008874,SOLID,3422.127431488011,189.6746412489149,0
GEO-008875,SOLID,3422.127431488011,189.6746412489149,0
GEO-008876,SOLID,3422.127431488011,189.6111438327365,0
GEO-008877,SOLID,3422.127431488011,189.6111438327365,0
GEO-008878,SOLID,3422.1062549166945,189.5476464165581,0
GEO-008879,SOLID,3422.127431488011,189.5476464165581,0
GEO-008880,SOLID,3422.1062656826184,189.4841382344563,0
GEO-008881,SOLID,3422.127431488011,189.4841382344563,0
GEO-008882,SOLID,3422.085110643149,189.42063005235457,0
GEO-008883,SOLID,3422.1062656826184,189.42063005235457,0
GEO-008884,SOLID,3422.0850998772257,189.378298441569,0
GEO-008885,SOLID,3422.106287214465,189.378298441569,0
GEO-008886,SOLID,3422.085110643149,189.3571326361762,0
GEO-008887,SOLID,3422.127420722088,189.3571326361762,0
GEO-008888,SOLID,3422.127420722088,189.3148010253906,0
GEO-008889,SOLID,3422.0850998772257,189.3359668307834,0
GEO-008890,SOLID,3422.106287214465,189.3359668307834,0
GEO-008891,LWPOLYLINE,3422.106265682618,189.6958070543077,0
GEO-008892,LWPOLYLINE,3422.1274207220877,190.69062143961585,0
GEO-008893,LWPOLYLINE,3422.106276448542,193.56928939819335,0
GEO-008894,LWPOLYLINE,3420.8574508666734,187.32512919108063,0
GEO-008895,LWPOLYLINE,3419.3122932433826,186.0551378038194,0
GEO-008896,LWPOLYLINE,3418.6772867838285,189.03963478936083,0
GEO-008897,LWPOLYLINE,3418.6772867838285,190.33080274793835,0
GEO-008898,LWPOLYLINE,3413.639609781875,189.71696209377706,0
GEO-008899,LWPOLYLINE,3413.59724587332,189.6534754435221,0
GEO-008900,LWPOLYLINE,3424.7944090948904,189.6958070543077,0
GEO-008901,LWPOLYLINE,3425.006088680665,189.6958070543077,0
GEO-008902,LWPOLYLINE,3422.1274099561642,193.5693109300401,0
GEO-008903,LWPOLYLINE,3422.1274099561642,193.35764211018875,0
GEO-008904,LWPOLYLINE,3418.677243720134,192.1088057623969,0
GEO-008905,LWPOLYLINE,3420.8150761921943,189.6958070543077,0
GEO-008906,LWPOLYLINE,3416.49707963729,189.6958070543077,0
GEO-008907,LWPOLYLINE,3418.8042600843382,189.6111223008897,0
GEO-008908,LWPOLYLINE,3417.364953019858,193.12479671902125,0
GEO-008909,LWPOLYLINE,3417.322610643149,192.97663608127164,0
GEO-008910,LWPOLYLINE,3417.999959479412,193.12479671902125,0
GEO-008911,LWPOLYLINE,3417.9364512973107,193.95030619303378,0
GEO-008912,LWPOLYLINE,3417.364920722088,194.9027889675564,0
GEO-008913,LWPOLYLINE,3417.9364512973107,195.7494642469618,0
GEO-008914,LWPOLYLINE,3421.005600738499,195.45314297146265,0
GEO-008915,LWPOLYLINE,3421.217269558351,195.45313220553925,0
GEO-008916,LWPOLYLINE,3421.5770882500283,196.3632941351996,0
GEO-008917,LWPOLYLINE,3421.0055899725767,197.31577690972222,0
GEO-008918,LWPOLYLINE,3421.5770882500283,198.18363952636713,0
GEO-008919,LWPOLYLINE,3424.2229215833613,192.2781429714627,0
GEO-008920,LWPOLYLINE,3424.0112527635106,192.70146984524195,0
GEO-008921,LWPOLYLINE,3424.4980985853144,192.8496304829915,0
GEO-008922,LWPOLYLINE,3423.8842579311536,194.034969414605,0
GEO-008923,LWPOLYLINE,3424.519253624784,194.0138036092122,0
GEO-008924,LWPOLYLINE,3424.307584804932,195.05096037122934,0
GEO-008925,LWPOLYLINE,3432.9859310573747,186.6901334974501,0
GEO-008926,LWPOLYLINE,3432.7742622375226,187.11347113715274,0
GEO-008927,LWPOLYLINE,3433.2610972934044,187.2827975802951,0
GEO-008928,LWPOLYLINE,3432.9859310573747,188.4469599405924,0
GEO-008929,LWPOLYLINE,3433.070615810792,189.48413823445634,0
GEO-008930,LWPOLYLINE,3979.491713547219,153.67015287611216,0
GEO-008931,LWPOLYLINE,3856.5980809816137,153.67015287611218,0
GEO-008932,LWPOLYLINE,3857.8045810085287,153.67015287611216,0
GEO-008933,LWPOLYLINE,4054.6122359403385,152.52714555528428,0
GEO-008934,LWPOLYLINE,3657.3562305842934,302.1331515842013,0
GEO-008935,LWPOLYLINE,3857.7622359403395,5.207154168023003,0
GEO-008936,LWPOLYLINE,4016.4487385241605,9.736830308702256,0
GEO-008937,LWPOLYLINE,4053.405763501102,19.939146847195097,0
GEO-008938,LWPOLYLINE,4053.405763501102,27.178121439615886,0
GEO-008939,LWPOLYLINE,4024.4074258614,9.73678724500868,0
GEO-008940,LWPOLYLINE,4016.4487600560074,51.47745649549696,0
GEO-008941,LWPOLYLINE,4016.4487600560074,54.56779327392577,0
GEO-008942,LWPOLYLINE,4016.4487600560074,45.67778896755642,0
GEO-008943,LWPOLYLINE,3980.5924000231844,50.10165761311849,0
GEO-008944,LWPOLYLINE,3980.8040580771126,49.78414900037977,0
GEO-008945,LWPOLYLINE,3981.9047337871552,50.10165761311849,0
GEO-008946,LWPOLYLINE,3981.7353965780894,50.12280188666449,0
GEO-008947,LWPOLYLINE,3983.2382333565183,50.10165761311849,0
GEO-008948,LWPOLYLINE,3984.402395716815,56.30347544352213,0
GEO-008949,LWPOLYLINE,4037.869373323695,56.30347544352213,0
GEO-008950,LWPOLYLINE,4048.029390549172,56.30347544352213,0
GEO-008951,LWPOLYLINE,4040.261216992314,50.10165761311849,0
GEO-008952,LWPOLYLINE,4041.679412081019,50.10165761311849,0
GEO-008953,LWPOLYLINE,4041.7005778864113,49.86881222195095,0
GEO-008954,LWPOLYLINE,4043.076419832483,50.10165761311849,0
GEO-008955,LWPOLYLINE,4043.034066689851,50.75781911214193,0
GEO-008956,LWPOLYLINE,4044.198250581995,50.10165761311849,0
GEO-008957,LWPOLYLINE,4044.007736801613,50.12280188666449,0
GEO-008958,LWPOLYLINE,4006.521545158004,49.974641248914935,0
GEO-008959,LWPOLYLINE,4007.876232064606,49.97465201483833,0
GEO-008960,LWPOLYLINE,4007.7068840896172,49.99580705430773,0
GEO-008961,LWPOLYLINE,4009.1462342177915,49.974641248914935,0
GEO-008962,LWPOLYLINE,4010.4797230212316,49.97465201483833,0
GEO-008963,LWPOLYLINE,4011.792089082972,49.974641248914935,0
GEO-008964,LWPOLYLINE,4012.046100279532,49.65714340209962,0
GEO-008965,LWPOLYLINE,4012.723362988408,49.97465201483833,0
GEO-008966,LWPOLYLINE,4013.6970546320163,49.974641248914935,0
GEO-008967,LWPOLYLINE,4015.051730772696,49.97465201483833,0
GEO-008968,LWPOLYLINE,4015.0729181099355,50.63082427978515,0
GEO-008969,LWPOLYLINE,4015.81374283053,49.97465201483833,0
GEO-008970,LWPOLYLINE,4016.829723021231,49.97466278076171,0
GEO-008971,LWPOLYLINE,4018.205543435456,49.97465201483833,0
GEO-008972,LWPOLYLINE,4049.0665365452655,50.10163608127169,0
GEO-008973,LWPOLYLINE,4049.892067551125,50.10165761311849,0
GEO-008974,LWPOLYLINE,4050.9080477418265,50.1016468471951,0
GEO-008975,LWPOLYLINE,4052.241579608959,50.10165761311849,0
GEO-008976,LWPOLYLINE,4016.4487385241605,57.70048319498698,0
GEO-008977,LWPOLYLINE,4016.4487385241605,60.87548319498697,0
GEO-008978,LWPOLYLINE,4031.1172445530783,21.018635219997826,0
GEO-008979,LWPOLYLINE,4031.942775558937,21.018635219997826,0
GEO-008980,LWPOLYLINE,4032.831696321741,21.018635219997826,0
GEO-008981,LWPOLYLINE,4032.387235940339,21.03980102539062,0
GEO-008982,LWPOLYLINE,4034.990759194733,21.018635219997826,0
GEO-008983,LWPOLYLINE,4034.821411219744,21.03980102539062,0
GEO-008984,LWPOLYLINE,4034.990759194733,20.3624521891276,0
GEO-008985,LWPOLYLINE,4036.176108892271,21.018635219997826,0
GEO-008986,LWPOLYLINE,4036.197210102123,21.67481825086805,0
GEO-008987,LWPOLYLINE,4040.8539026070057,21.018656751844617,0
GEO-008988,LWPOLYLINE,4042.145081331507,21.018635219997826,0
GEO-008989,LWPOLYLINE,4041.9969206937576,21.03980102539062,0
GEO-008990,LWPOLYLINE,3981.2697488594476,17.208617994520395,0
GEO-008991,LWPOLYLINE,3982.6667566109127,17.20866105821397,0
GEO-008992,LWPOLYLINE,3982.8783823670706,16.91230748494466,0
GEO-008993,LWPOLYLINE,3984.1272187148625,17.208628760443787,0
GEO-008994,LWPOLYLINE,3984.106074441316,17.01816880967882,0
GEO-008995,LWPOLYLINE,3985.651253596455,17.208628760443787,0
GEO-008996,LWPOLYLINE,3986.561415526114,17.208628760443787,0
GEO-008997,LWPOLYLINE,3987.5350641060304,17.208628760443787,0
GEO-008998,LWPOLYLINE,3989.0167350790653,17.208628760443787,0
GEO-008999,LWPOLYLINE,3991.599092528068,17.208628760443787,0
GEO-009000,LWPOLYLINE,3991.556760917282,17.86480102539062,0
GEO-009001,LWPOLYLINE,3992.276419832484,17.208628760443787,0
GEO-009002,LWPOLYLINE,3993.292400023185,17.208628760443787,0
GEO-009003,LWPOLYLINE,3993.2500899442457,17.86480102539062,0
GEO-009004,LWPOLYLINE,3994.3930757332273,17.208628760443787,0
GEO-009005,LWPOLYLINE,3995.5360722881314,17.208628760443787,0
GEO-009006,LWPOLYLINE,3995.3667350790656,17.27215847439236,0
GEO-009007,LWPOLYLINE,3997.6315839153285,17.377987501356337,0
GEO-009008,LWPOLYLINE,3997.6315839153285,16.61596467759874,0
GEO-009009,LWPOLYLINE,4029.9742479981733,31.051636081271702,0
GEO-009010,LWPOLYLINE,4031.307736801614,31.051636081271702,0
GEO-009011,LWPOLYLINE,4031.56170493448,30.71299396091037,0
GEO-009012,LWPOLYLINE,4032.7682635011033,31.0516468471951,0
GEO-009013,LWPOLYLINE,4032.7258888266247,30.81879069010417,0
GEO-009014,LWPOLYLINE,4034.334576163863,31.05165761311849,0
GEO-009015,LWPOLYLINE,4035.2447273276,31.0516468471951,0
GEO-009016,LWPOLYLINE,4036.2183974393624,31.0516468471951,0
GEO-009017,LWPOLYLINE,4037.678902607006,31.0516468471951,0
GEO-009018,LWPOLYLINE,4040.261238524161,31.0516468471951,0
GEO-009019,LWPOLYLINE,4041.7640753025894,31.05165761311849,0
GEO-009020,LWPOLYLINE,4042.716579608959,30.458971998426655,0
GEO-009021,LWPOLYLINE,4029.9742479981733,43.94213909573025,0
GEO-009022,LWPOLYLINE,4031.2865709962207,43.94213909573025,0
GEO-009023,LWPOLYLINE,4031.1172445530783,43.98448147243923,0
GEO-009024,LWPOLYLINE,4032.556605447175,43.94214986165365,0
GEO-009025,LWPOLYLINE,4033.424425000126,43.94213909573025,0
GEO-009026,LWPOLYLINE,4034.4192393854337,43.94216062757704,0
GEO-009027,LWPOLYLINE,4035.7950597996596,43.94213909573025,0
GEO-009028,LWPOLYLINE,4029.9742479981733,40.68247587415907,0
GEO-009029,LWPOLYLINE,4031.307736801614,40.68247587415907,0
GEO-009030,LWPOLYLINE,4031.56170493448,40.34381222195095,0
GEO-009031,LWPOLYLINE,4032.7682635011033,40.68248664008245,0
GEO-009032,LWPOLYLINE,4032.7258888266247,40.42849697536892,0
GEO-009033,LWPOLYLINE,4034.334576163863,40.68249740600585,0
GEO-009034,LWPOLYLINE,4035.7104181099353,40.68248664008245,0
GEO-009035,LWPOLYLINE,4049.447564106029,22.33097974989149,0
GEO-009036,LWPOLYLINE,4049.6803879653507,22.013471137152777,0
GEO-009037,LWPOLYLINE,4050.8022187148617,22.33097974989149,0
GEO-009038,LWPOLYLINE,4050.6752238825056,22.3521240234375,0
GEO-009039,LWPOLYLINE,4052.114541712909,22.33097974989149,0
GEO-009040,LWPOLYLINE,4030.058911219745,34.332486640082465,0
GEO-009041,LWPOLYLINE,4030.0800554932903,34.07849697536892,0
GEO-009042,LWPOLYLINE,4031.3924000231846,34.332475874159066,0
GEO-009043,LWPOLYLINE,4032.7893862428027,34.332475874159066,0
GEO-009044,LWPOLYLINE,4034.1864155261137,34.33248664008246,0
GEO-009045,LWPOLYLINE,4034.376907774649,33.99381222195095,0
GEO-009046,LWPOLYLINE,4035.5622359403396,34.33249740600586,0
GEO-009047,LWPOLYLINE,4037.001596834437,34.332486640082465,0
GEO-009048,LWPOLYLINE,4038.2080692736727,34.332486640082465,0
GEO-009049,LWPOLYLINE,4038.0599086359234,34.33248664008246,0
GEO-009050,LWPOLYLINE,4039.4992479981734,34.332475874159066,0
GEO-009051,LWPOLYLINE,4029.9107505819948,14.181800164116751,0
GEO-009052,LWPOLYLINE,4031.223073580042,14.20297673543294,0
GEO-009053,LWPOLYLINE,4032.6623914104457,14.202987501356334,0
GEO-009054,LWPOLYLINE,4032.662412942292,14.0124521891276,0
GEO-009055,LWPOLYLINE,4033.953591666793,14.202987501356334,0
GEO-009056,LWPOLYLINE,4035.075379352611,14.202987501356334,0
GEO-009057,LWPOLYLINE,4034.9272187148617,14.26648491753472,0
GEO-009058,LWPOLYLINE,4035.9855735800415,14.372292412651905,0
GEO-009059,LWPOLYLINE,4035.9855735800415,13.610323418511285,0
GEO-009060,LWPOLYLINE,3981.015716131041,30.776469845241976,0
GEO-009061,LWPOLYLINE,3982.3068948555415,30.776491377088767,0
GEO-009062,LWPOLYLINE,3983.005409497197,30.776491377088767,0
GEO-009063,LWPOLYLINE,3983.9579138035665,30.776491377088767,0
GEO-009064,LWPOLYLINE,3983.8097531658177,30.81879069010417,0
GEO-009065,LWPOLYLINE,3985.227905190828,30.776491377088767,0
GEO-009066,LWPOLYLINE,3986.646057215839,30.776491377088767,0
GEO-009067,LWPOLYLINE,3986.667223021232,31.45382944742839,0
GEO-009068,LWPOLYLINE,4028.175046880551,27.707331169976126,0
GEO-009069,LWPOLYLINE,4003.833380213885,32.51216278076171,0
GEO-009070,LWPOLYLINE,4016.4487385241605,18.75380791558159,0
GEO-009071,LWPOLYLINE,4040.240029655074,39.11614167955186,0
GEO-009072,LWPOLYLINE,4048.029347485478,39.11614167955186,0
GEO-009073,LWPOLYLINE,4048.05051329087,9.736808776855469,0
GEO-009074,LWPOLYLINE,4040.7903621271334,42.37581566704643,0
GEO-009075,LWPOLYLINE,4040.7903621271334,39.11615244547526,0
GEO-009076,LWPOLYLINE,4040.7903621271334,35.85646769205729,0
GEO-009077,LWPOLYLINE,4040.7903621271334,32.55447285970052,0
GEO-009078,LWPOLYLINE,4016.4486846945438,48.55646769205729,0
GEO-009079,LWPOLYLINE,4016.4486846945438,9.736808776855469,0
GEO-009080,LWPOLYLINE,4040.7903621271334,23.57980533175998,0
GEO-009081,LWPOLYLINE,4048.029347485478,21.166806623670787,0
GEO-009082,LWPOLYLINE,4040.790383658981,14.245308346218529,0
GEO-009083,LWPOLYLINE,3987.662015874693,30.90347544352214,0
GEO-009084,LWPOLYLINE,3987.662015874693,30.416640387641067,0
GEO-009085,LWPOLYLINE,4029.9742049344795,37.84616105821398,0
GEO-009086,LWPOLYLINE,4030.842067551125,37.86731609768337,0
GEO-009087,LWPOLYLINE,4031.2865709962207,37.84613952636718,0
GEO-009088,LWPOLYLINE,4031.731074441316,37.86731609768337,0
GEO-009089,LWPOLYLINE,4032.598893994267,37.86731609768337,0
GEO-009090,LWPOLYLINE,4032.387235940339,37.84613952636718,0
GEO-009091,LWPOLYLINE,4033.9535486030995,37.84616105821398,0
GEO-009092,LWPOLYLINE,4034.821411219744,37.86731609768337,0
GEO-009093,LWPOLYLINE,4035.2658931329925,38.1848139444987,0
GEO-009094,LWPOLYLINE,4035.3717221599572,37.52864167955186,0
GEO-009095,LWPOLYLINE,4036.620569273672,37.84615029229058,0
GEO-009096,LWPOLYLINE,4036.408911219745,37.84613952636718,0
GEO-009097,LWPOLYLINE,4037.932913803566,37.86731609768337,0
GEO-009098,LWPOLYLINE,4037.700046880552,37.86731609768337,0
GEO-009099,LWPOLYLINE,4050.717577025137,21.1667958577474,0
GEO-009100,LWPOLYLINE,4053.448052048195,25.99280403984917,0
GEO-009101,LWPOLYLINE,4053.448052048195,18.732652876112194,0
GEO-009102,LWPOLYLINE,4016.469882797707,45.67781049940321,0
GEO-009103,LWPOLYLINE,4033.7842221599576,21.018635219997826,0
GEO-009104,LWPOLYLINE,4033.6360399903615,21.03980102539062,0
GEO-009105,LWPOLYLINE,4040.875068412399,21.018656751844617,0
GEO-009106,LWPOLYLINE,3981.290893132994,17.208617994520395,0
GEO-009107,LWPOLYLINE,3982.9207462756267,16.91230748494466,0
GEO-009108,LWPOLYLINE,3985.693574441316,17.208628760443787,0
GEO-009109,LWPOLYLINE,3986.603725605053,17.208628760443787,0
GEO-009110,LWPOLYLINE,3987.5774172486617,17.208628760443787,0
GEO-009111,LWPOLYLINE,3991.5990494643747,17.86480102539062,0
GEO-009112,LWPOLYLINE,3992.318708379576,17.208628760443787,0
GEO-009113,LWPOLYLINE,3994.435396578089,17.208628760443787,0
GEO-009114,LWPOLYLINE,3995.557227327601,17.208628760443787,0
GEO-009115,LWPOLYLINE,3997.6315839153285,17.377987501356337,0
GEO-009116,LWPOLYLINE,3997.6315839153285,16.61596467759874,0
GEO-009117,LWPOLYLINE,4029.9954138035664,31.030502573649088,0
GEO-009118,LWPOLYLINE,4031.3289456706993,31.030502573649088,0
GEO-009119,LWPOLYLINE,4032.789407774649,31.030491807725696,0
GEO-009120,LWPOLYLINE,4032.7682419692565,30.81879069010417,0
GEO-009121,LWPOLYLINE,4037.700068412399,31.0516468471951,0
GEO-009122,LWPOLYLINE,4041.785241107982,31.05165761311849,0
GEO-009123,LWPOLYLINE,4042.7589112197447,30.458971998426655,0
GEO-009124,LWPOLYLINE,4029.9954138035664,43.94213909573025,0
GEO-009125,LWPOLYLINE,4032.598893994267,43.94214986165365,0
GEO-009126,LWPOLYLINE,4034.440362127134,43.94216062757704,0
GEO-009127,LWPOLYLINE,4029.9954138035664,40.66129930284288,0
GEO-009128,LWPOLYLINE,4031.3289456706993,40.66129930284288,0
GEO-009129,LWPOLYLINE,4032.7682419692565,40.42849697536892,0
GEO-009130,LWPOLYLINE,4049.4898957168157,22.33097974989149,0
GEO-009131,LWPOLYLINE,4049.7227411079825,22.013471137152777,0
GEO-009132,LWPOLYLINE,4050.8234060521017,22.33097974989149,0
GEO-009133,LWPOLYLINE,4031.4135658285777,34.332475874159066,0
GEO-009134,LWPOLYLINE,4032.8105951118887,34.332475874159066,0
GEO-009135,LWPOLYLINE,4034.4192178535877,33.99381222195095,0
GEO-009136,LWPOLYLINE,4035.604567551124,34.33249740600586,0
GEO-009137,LWPOLYLINE,4038.250379352611,34.332486640082465,0
GEO-009138,LWPOLYLINE,4038.1022187148615,34.33248664008246,0
GEO-009139,LWPOLYLINE,4039.5204138035665,34.332475874159066,0
GEO-009140,LWPOLYLINE,4031.2442393854353,14.181810930040145,0
GEO-009141,LWPOLYLINE,4032.683557215838,14.181810930040145,0
GEO-009142,LWPOLYLINE,4033.9747359403395,14.181810930040145,0
GEO-009143,LWPOLYLINE,4035.096566689851,14.181810930040145,0
GEO-009144,LWPOLYLINE,4035.9855735800415,14.372292412651905,0
GEO-009145,LWPOLYLINE,4035.9855735800415,13.567970275878906,0
GEO-009146,LWPOLYLINE,3981.058047741826,30.776469845241976,0
GEO-009147,LWPOLYLINE,3983.047741107983,30.776491377088767,0
GEO-009148,LWPOLYLINE,3983.9790796089596,30.776491377088767,0
GEO-009149,LWPOLYLINE,3986.688410358471,30.776491377088767,0
GEO-009150,LWPOLYLINE,3986.7095653979404,31.45382944742839,0
GEO-009151,LWPOLYLINE,4003.854567551125,32.51216278076171,0
GEO-009152,LWPOLYLINE,4016.469882797707,18.75380791558159,0
GEO-009153,LWPOLYLINE,4040.240029655074,39.11614167955186,0
GEO-009154,LWPOLYLINE,4048.071679096263,39.11614167955186,0
GEO-009155,LWPOLYLINE,4040.8326937379197,42.37581566704643,0
GEO-009156,LWPOLYLINE,4040.8326937379197,39.11615244547526,0
GEO-009157,LWPOLYLINE,4040.8326937379197,35.8141360812717,0
GEO-009158,LWPOLYLINE,4040.8326937379197,32.55447285970052,0
GEO-009159,LWPOLYLINE,4040.8326937379197,23.57980533175998,0
GEO-009160,LWPOLYLINE,4048.071679096263,21.166806623670787,0
GEO-009161,LWPOLYLINE,3987.662015874693,30.90347544352214,0
GEO-009162,LWPOLYLINE,3987.662015874693,30.416640387641067,0
GEO-009163,LWPOLYLINE,4030.884356098217,37.84613952636718,0
GEO-009164,LWPOLYLINE,4031.3288595433123,37.84613952636718,0
GEO-009165,LWPOLYLINE,4031.773362988408,37.84613952636718,0
GEO-009166,LWPOLYLINE,4032.6412471368994,37.84615029229058,0
GEO-009167,LWPOLYLINE,4032.4295890829717,37.84613952636718,0
GEO-009168,LWPOLYLINE,4034.86374283053,37.84615029229058,0
GEO-009169,LWPOLYLINE,4035.3082247437787,38.1848139444987,0
GEO-009170,LWPOLYLINE,4035.4140537707426,37.50747587415907,0
GEO-009171,LWPOLYLINE,4037.975245414352,37.84615029229058,0
GEO-009172,LWPOLYLINE,4037.742421555031,37.84615029229058,0
GEO-009173,LWPOLYLINE,4050.7599086359232,21.1667958577474,0
GEO-009174,LWPOLYLINE,3857.7622359403395,153.67015287611216,0
GEO-009175,LWPOLYLINE,3898.4445718574943,147.0449866400824,0
GEO-009176,LWPOLYLINE,4038.250379352611,21.039822557237407,0
GEO-009177,SOLID,3973.7978965780894,147.404821480645,0
GEO-009178,SOLID,3973.7978965780894,146.6639806111653,0
GEO-009179,SOLID,3973.7978965780894,147.404821480645,0
GEO-009180,SOLID,3973.7978965780894,146.6639806111653,0
GEO-009181,LWPOLYLINE,3973.141713547219,147.0449812571207,0
GEO-009182,LWPOLYLINE,3963.3839112197456,147.10848943922252,0
GEO-009183,LWPOLYLINE,3957.224425000127,147.04498664008244,0
GEO-009184,LWPOLYLINE,3957.1609060521014,147.7011481391059,0
GEO-009185,LWPOLYLINE,3958.3673784913385,147.04498125712075,0
GEO-009186,LWPOLYLINE,3973.7978965780894,147.0238208346896,0
GEO-009187,LWPOLYLINE,3960.611061522208,147.02382621765133,0
GEO-009188,LWPOLYLINE,3961.8810959731627,147.02382621765133,0
GEO-009189,LWPOLYLINE,3962.0927324952436,146.7274887932671,0
GEO-009190,LWPOLYLINE,3963.21457401068,147.02382621765133,0
GEO-009191,LWPOLYLINE,3964.2305542013805,146.9391576131185,0
GEO-009192,LWPOLYLINE,3965.4158823670705,147.02380468580455,0
GEO-009193,LWPOLYLINE,3966.664740246709,147.02382621765133,0
GEO-009194,LWPOLYLINE,3967.5748914104465,147.02382621765133,0
GEO-009195,SOLID,3951.4459125116564,147.29898707071936,0
GEO-009196,SOLID,3951.4459125116564,146.7274780273437,0
GEO-009197,LWPOLYLINE,3814.1377454143526,24.278287675645615,0
GEO-009198,LWPOLYLINE,3815.7675716421763,24.2783199734158,0
GEO-009199,LWPOLYLINE,3815.7675662592146,24.00316450330946,0
GEO-009200,LWPOLYLINE,3817.503226896964,24.2783199734158,0
GEO-009201,LWPOLYLINE,3819.302395716815,24.27833073933919,0
GEO-009202,LWPOLYLINE,3820.868724528461,24.2783199734158,0
GEO-009203,LWPOLYLINE,3822.265737662887,24.2783199734158,0
GEO-009204,LWPOLYLINE,3822.075229265467,24.3417958577474,0
GEO-009205,LWPOLYLINE,3822.265737662887,23.45283203125,0
GEO-009206,LWPOLYLINE,3826.5625684123997,24.27833073933919,0
GEO-009207,LWPOLYLINE,3828.2558974393633,24.278309207492406,0
GEO-009208,LWPOLYLINE,3829.97039227172,24.278309207492406,0
GEO-009209,LWPOLYLINE,3831.55789227172,24.2783199734158,0
GEO-009210,LWPOLYLINE,3832.9337234518684,24.2783199734158,0
GEO-009211,LWPOLYLINE,3832.743231203333,24.3417958577474,0
GEO-009212,LWPOLYLINE,3832.9337234518684,23.45283203125,0
GEO-009213,LWPOLYLINE,3834.4577368016135,24.27833073933919,0
GEO-009214,LWPOLYLINE,3834.732903037643,23.8973139444987,0
GEO-009215,LWPOLYLINE,3714.082897654682,94.69980748494467,0
GEO-009216,LWPOLYLINE,3719.2898930253345,86.27547242906357,0
GEO-009217,LWPOLYLINE,3741.049231849289,113.8133156670464,0
GEO-009218,SOLID,3690.9900619528453,241.65998018052846,0
GEO-009219,SOLID,3690.9900619528453,240.9191554599338,0
GEO-009220,SOLID,3690.9900619528453,241.65998018052846,0
GEO-009221,SOLID,3690.9900619528453,240.9191554599338,0
GEO-009222,LWPOLYLINE,3690.312729265468,241.27898491753476,0
GEO-009223,LWPOLYLINE,3680.618397439363,241.3001507229275,0
GEO-009224,LWPOLYLINE,3672.786731849289,241.27898491753473,0
GEO-009225,LWPOLYLINE,3672.5750657209182,241.3001507229275,0
GEO-009226,LWPOLYLINE,3674.0143970087265,241.27898491753473,0
GEO-009227,LWPOLYLINE,3674.120230072912,240.98265287611218,0
GEO-009228,LWPOLYLINE,3675.242063513904,241.27898491753473,0
GEO-009229,LWPOLYLINE,3676.469730019082,241.27898491753473,0
GEO-009230,LWPOLYLINE,3679.263730718866,241.04616105821395,0
GEO-009231,LWPOLYLINE,3679.4753981929775,240.72865244547523,0
GEO-009232,LWPOLYLINE,3680.406729965252,240.9191446940104,0
GEO-009233,LWPOLYLINE,3681.634397816171,241.2578191121419,0
GEO-009234,LWPOLYLINE,3681.803730988015,241.04616105821395,0
GEO-009235,LWPOLYLINE,3682.8197313648225,241.04616105821395,0
GEO-009236,LWPOLYLINE,3684.0050622219933,241.04616105821395,0
GEO-009237,LWPOLYLINE,3686.164061845186,240.9403104994032,0
GEO-009238,LWPOLYLINE,3687.285897977659,241.04616105821395,0
GEO-009239,LWPOLYLINE,3687.285896631919,240.8344814724392,0
GEO-009240,LWPOLYLINE,3688.365397116386,240.9403104994032,0
GEO-009241,LWPOLYLINE,3730.529393240653,215.75197931925453,0
GEO-009242,SOLID,3768.311892702357,241.702311791314,0
GEO-009243,SOLID,3768.311892702357,240.9403212653266,0
GEO-009244,LWPOLYLINE,3796.696400453822,147.0661524454752,0
GEO-009245,LWPOLYLINE,3817.33389507086,147.0661524454752,0
GEO-009246,LWPOLYLINE,3812.592571642176,147.08730748494466,0
GEO-009247,LWPOLYLINE,3810.3277389547984,147.08730748494466,0
GEO-009248,LWPOLYLINE,3811.4284146648406,147.06615244547527,0
GEO-009249,LWPOLYLINE,3811.428403898918,148.67482363382976,0
GEO-009250,LWPOLYLINE,3811.428403898918,153.07748879326715,0
GEO-009251,LWPOLYLINE,3810.7722370169326,150.8973247104221,0
GEO-009252,LWPOLYLINE,3812.06340497551,150.8973247104221,0
GEO-009253,LWPOLYLINE,3811.407238093525,150.8761481391059,0
GEO-009254,LWPOLYLINE,3811.40722194464,154.7919836256239,0
GEO-009255,LWPOLYLINE,3810.4123967934083,155.8503223419189,0
GEO-009256,SOLID,3811.4072434764857,156.2101464165581,0
GEO-009257,SOLID,3811.44956970431,156.2101464165581,0
GEO-009258,SOLID,3811.4283931329937,156.1889806111653,0
GEO-009259,SOLID,3811.449564321348,156.1889806111653,0
GEO-009260,SOLID,3811.4283985159555,156.1466543833414,0
GEO-009261,SOLID,3811.4495697043094,156.1466543833414,0
GEO-009262,SOLID,3811.407232710563,156.10432277255586,0
GEO-009263,SOLID,3811.449558938387,156.10432277255586,0
GEO-009264,SOLID,3811.407232710563,156.0619857788086,0
GEO-009265,SOLID,3811.428403898917,156.0619857788086,0
GEO-009266,SOLID,3811.4283985159555,155.9984775967068,0
GEO-009267,SOLID,3811.4283985159555,155.9984775967068,0
GEO-009268,SOLID,3811.407238093524,155.93498018052838,0
GEO-009269,SOLID,3811.4283985159555,155.93498018052838,0
GEO-009270,SOLID,3811.407238093524,155.87148276435,0
GEO-009271,SOLID,3811.407238093524,155.87148276435,0
GEO-009272,SOLID,3811.407238093524,155.80797996520988,0
GEO-009273,SOLID,3811.407238093524,155.80797996520988,0
GEO-009274,SOLID,3811.407238093524,155.7444825490315,0
GEO-009275,SOLID,3811.407238093524,155.7444825490315,0
GEO-009276,SOLID,3811.407232710563,155.6809851328531,0
GEO-009277,SOLID,3811.4283985159555,155.6809851328531,0
GEO-009278,SOLID,3811.3860615222084,155.63865352206756,0
GEO-009279,SOLID,3811.407232710563,155.63865352206756,0
GEO-009280,SOLID,3811.3860722881313,155.5751507229275,0
GEO-009281,SOLID,3811.407232710563,155.5751507229275,0
GEO-009282,SOLID,3811.40722194464,155.5328191121419,0
GEO-009283,SOLID,3811.4283985159555,155.5328191121419,0
GEO-009284,SOLID,3811.3860722881313,155.5116533067491,0
GEO-009285,SOLID,3811.4283931329937,155.5116533067491,0
GEO-009286,SOLID,3811.3860669051696,155.4904875013563,0
GEO-009287,SOLID,3811.4072434764857,155.4904875013563,0
GEO-009288,LWPOLYLINE,3811.4283985159555,155.82914038764102,0
GEO-009289,LWPOLYLINE,3812.423229050149,155.8503223419189,0
GEO-009290,LWPOLYLINE,3815.323062814119,155.829140387641,0
GEO-009291,LWPOLYLINE,3809.0577314186517,157.0991479237874,0
GEO-009292,LWPOLYLINE,3807.7877346484283,158.66548750135632,0
GEO-009293,LWPOLYLINE,3810.7722370169326,159.27931200663244,0
GEO-009294,LWPOLYLINE,3812.06340497551,159.27931200663244,0
GEO-009295,LWPOLYLINE,3811.4495589383864,164.3169836256239,0
GEO-009296,LWPOLYLINE,3811.386061522208,164.38048104180228,0
GEO-009297,LWPOLYLINE,3811.4283931329937,153.1621466318766,0
GEO-009298,LWPOLYLINE,3811.4283931329937,152.97164900037976,0
GEO-009299,LWPOLYLINE,3815.301897008727,155.8503115759955,0
GEO-009300,LWPOLYLINE,3815.090228188875,155.8503115759955,0
GEO-009301,LWPOLYLINE,3813.841397224045,159.3004831949869,0
GEO-009302,LWPOLYLINE,3811.428393132994,157.14147953457302,0
GEO-009303,LWPOLYLINE,3811.428393132994,161.45948147243925,0
GEO-009304,LWPOLYLINE,3811.343735294384,159.17347221374504,0
GEO-009305,LWPOLYLINE,3814.857398946593,160.61280619303386,0
GEO-009306,LWPOLYLINE,3814.709238308843,160.6551378038194,0
GEO-009307,LWPOLYLINE,3814.857398946593,159.9778104994032,0
GEO-009308,LWPOLYLINE,3815.6829030376434,160.04131868150495,0
GEO-009309,LWPOLYLINE,3816.635401961051,160.6128223419189,0
GEO-009310,LWPOLYLINE,3817.4820664745325,160.04131868150495,0
GEO-009311,LWPOLYLINE,3817.185739816072,156.92981071472167,0
GEO-009312,LWPOLYLINE,3817.1857290501484,156.7181580437554,0
GEO-009313,LWPOLYLINE,3818.095890979809,156.35830705430772,0
GEO-009314,LWPOLYLINE,3819.048389903217,156.92983224656845,0
GEO-009315,LWPOLYLINE,3819.916236370977,156.35830705430772,0
GEO-009316,LWPOLYLINE,3814.010729050148,153.75481071472166,0
GEO-009317,LWPOLYLINE,3814.4340613068894,153.9664849175347,0
GEO-009318,LWPOLYLINE,3814.582232710563,153.4796390957302,0
GEO-009319,LWPOLYLINE,3815.7675662592146,154.09348513285315,0
GEO-009320,LWPOLYLINE,3815.746411219745,153.4584840562608,0
GEO-009321,LWPOLYLINE,3816.7835625988005,153.6701528761122,0
GEO-009322,LWPOLYLINE,3817.9900565698836,153.75481071472166,0
GEO-009323,LWPOLYLINE,3819.217737878206,153.75481071472166,0
GEO-009324,LWPOLYLINE,3808.422719576136,144.94947501288516,0
GEO-009325,LWPOLYLINE,3808.846057215839,145.1611492156982,0
GEO-009326,LWPOLYLINE,3809.015394424905,144.67430877685547,0
GEO-009327,LWPOLYLINE,3810.179562168164,144.94947501288516,0
GEO-009328,LWPOLYLINE,3811.2167458449894,144.864811791314,0
GEO-009329,LWPOLYLINE,3812.44438947258,144.94947501288516,0
GEO-009330,LWPOLYLINE,3813.629728404193,144.94948039584685,0
GEO-009331,SOLID,3822.7949043295544,147.46832427978512,0
GEO-009332,SOLID,3822.7949043295544,146.7063229878743,0
GEO-009333,LWPOLYLINE,3773.624725174416,147.0661524454752,0
GEO-009334,LWPOLYLINE,3749.431229911423,156.2524887932671,0
GEO-009335,LWPOLYLINE,3753.7068948555416,108.8391360812717,0
GEO-009336,SOLID,3719.8190623834817,88.20165761311848,0
GEO-009337,SOLID,3719.8190623834817,88.79432169596353,0
GEO-009338,SOLID,3724.539228081216,75.62866321139865,0
GEO-009339,SOLID,3724.539228081216,74.86666191948784,0
GEO-009340,LWPOLYLINE,3780.7578976546815,147.0661524454752,0
GEO-009341,SOLID,3758.3847316339697,120.03631006876626,0
GEO-009342,SOLID,3758.3847316339697,120.6289849175347,0
GEO-009343,SOLID,3776.7785593690232,147.46832427978512,0
GEO-009344,SOLID,3776.7785593690232,146.7063229878743,0
GEO-009345,SOLID,3690.9900619528453,75.54398922390408,0
GEO-009346,SOLID,3690.9900619528453,74.80315373738605,0
GEO-009347,SOLID,3690.9900619528453,75.54398922390408,0
GEO-009348,SOLID,3690.9900619528453,74.80315373738605,0
GEO-009349,LWPOLYLINE,3690.312729265468,75.16299396091037,0
GEO-009350,LWPOLYLINE,3680.618397439363,75.18415976630317,0
GEO-009351,LWPOLYLINE,3672.786731849289,75.16298319498698,0
GEO-009352,LWPOLYLINE,3672.5750657209182,75.18414900037976,0
GEO-009353,LWPOLYLINE,3674.0143970087265,75.16298319498698,0
GEO-009354,LWPOLYLINE,3674.120230072912,74.86665115356445,0
GEO-009355,LWPOLYLINE,3675.242063513904,75.16298319498698,0
GEO-009356,LWPOLYLINE,3676.469730019082,75.16298319498698,0
GEO-009357,LWPOLYLINE,3679.2848965242592,75.18415976630317,0
GEO-009358,LWPOLYLINE,3680.110396578089,75.18414900037976,0
GEO-009359,LWPOLYLINE,3680.957063783052,75.18414900037976,0
GEO-009360,LWPOLYLINE,3680.5337301805703,75.18414900037976,0
GEO-009361,LWPOLYLINE,3681.719063729223,75.057154168023,0
GEO-009362,LWPOLYLINE,3682.9678960397932,75.39581782023112,0
GEO-009363,LWPOLYLINE,3683.116059369023,75.18414900037976,0
GEO-009364,LWPOLYLINE,3684.1320678202737,75.18414900037976,0
GEO-009365,LWPOLYLINE,3685.3597329797103,75.18414900037976,0
GEO-009366,SOLID,3670.225563083267,88.09580705430773,0
GEO-009367,SOLID,3670.225563083267,88.83665330674913,0
GEO-009368,SOLID,3670.225563083267,88.09580705430773,0
GEO-009369,SOLID,3670.225563083267,88.83665330674913,0
GEO-009370,LWPOLYLINE,3670.881728619512,88.45564727783201,0
GEO-009371,LWPOLYLINE,3680.639564590496,88.39213909573024,0
GEO-009372,LWPOLYLINE,3670.225563083267,88.47681308322483,0
GEO-009373,LWPOLYLINE,3676.131063675393,88.47681308322481,0
GEO-009374,LWPOLYLINE,3676.1310636753933,89.11183030870224,0
GEO-009375,LWPOLYLINE,3677.2952327643925,88.4768346150716,0
GEO-009376,LWPOLYLINE,3679.7293986236145,88.47680231730143,0
GEO-009377,LWPOLYLINE,3680.533731526311,88.47679155137803,0
GEO-009378,LWPOLYLINE,3681.380398731274,88.47679155137803,0
GEO-009379,LWPOLYLINE,3680.9570651287922,88.47679155137804,0
GEO-009380,LWPOLYLINE,3682.18473028823,88.34979671902127,0
GEO-009381,LWPOLYLINE,3683.4123994848887,88.68849266899954,0
GEO-009382,LWPOLYLINE,3683.581728619512,88.47681308322481,0
GEO-009383,LWPOLYLINE,3684.5977316877998,88.4768346150716,0
GEO-009384,LWPOLYLINE,3685.8253995387176,88.4768346150716,0
GEO-009385,LWPOLYLINE,3828.4675716421766,147.4048268636067,0
GEO-009386,LWPOLYLINE,3828.488742830531,149.5214881473117,0
GEO-009387,LWPOLYLINE,3828.488742830531,147.1508156670464,0
GEO-009388,LWPOLYLINE,3828.488742830531,159.76615244547526,0
GEO-009389,LWPOLYLINE,3828.488742830531,158.6443270789252,0
GEO-009390,LWPOLYLINE,3828.4887482134927,154.55914361741804,0
GEO-009391,LWPOLYLINE,3828.023062814119,155.36349266899953,0
GEO-009392,LWPOLYLINE,3828.023062814119,155.913825141059,0
GEO-009393,LWPOLYLINE,3828.9544120810187,155.36349266899953,0
GEO-009394,LWPOLYLINE,3828.827406482739,155.4058242797851,0
GEO-009395,CIRCLE,3828.446352030499,163.1104788886176,0
GEO-009396,LWPOLYLINE,3828.4887374475693,163.08931846618657,0
GEO-009397,LWPOLYLINE,3828.446411219745,164.29582320319275,0
GEO-009398,LWPOLYLINE,3828.425234648429,164.8461502922905,0
GEO-009399,LWPOLYLINE,3828.996722159958,164.29582320319275,0
GEO-009400,LWPOLYLINE,3828.446400453822,163.1104788886176,0
GEO-009401,LWPOLYLINE,3695.837230557378,239.50098190307614,0
GEO-009402,LWPOLYLINE,3695.8372305573785,238.675483194987,0
GEO-009403,LWPOLYLINE,3695.8372305573785,238.0404875013563,0
GEO-009404,LWPOLYLINE,3695.985396578089,237.84999525282115,0
GEO-009405,LWPOLYLINE,3696.620400346163,239.64914254082575,0
GEO-009406,LWPOLYLINE,3697.128401207436,239.64914254082575,0
GEO-009407,LWPOLYLINE,3699.7530633524148,238.6754939609104,0
GEO-009408,LWPOLYLINE,3701.446397762341,238.6754939609104,0
GEO-009409,LWPOLYLINE,3704.748403360621,238.6754939609104,0
GEO-009410,LWPOLYLINE,3706.0607317416298,238.675483194987,0
GEO-009411,LWPOLYLINE,3707.754066151555,238.6754939609104,0
GEO-009412,LWPOLYLINE,3697.8903971163854,238.33681954277887,0
GEO-009413,LWPOLYLINE,3784.2292243131424,145.9443216959635,0
GEO-009414,LWPOLYLINE,3784.2292404620284,145.1188122219509,0
GEO-009415,LWPOLYLINE,3784.2292404620284,144.4838165283203,0
GEO-009416,LWPOLYLINE,3784.377395716815,144.29331889682345,0
GEO-009417,LWPOLYLINE,3785.0123967934073,146.0924823337131,0
GEO-009418,LWPOLYLINE,3785.520386888758,146.0924823337131,0
GEO-009419,LWPOLYLINE,3788.145059799661,145.118828370836,0
GEO-009420,LWPOLYLINE,3789.8383888266244,145.118828370836,0
GEO-009421,LWPOLYLINE,3793.1403998078667,145.1188176049126,0
GEO-009422,LWPOLYLINE,3794.452728188875,145.1188229878743,0
GEO-009423,LWPOLYLINE,3796.146067981762,145.118828370836,0
GEO-009424,LWPOLYLINE,3786.2823935636306,144.78014856974283,0
GEO-009425,LWPOLYLINE,3702.187230557378,87.33381652832031,0
GEO-009426,LWPOLYLINE,3702.187230557378,86.4871627807617,0
GEO-009427,LWPOLYLINE,3702.187230557378,85.89447716606989,0
GEO-009428,LWPOLYLINE,3702.335396578089,85.68280834621854,0
GEO-009429,LWPOLYLINE,3702.970400346162,87.46080059475369,0
GEO-009430,LWPOLYLINE,3703.4784012074365,87.46080059475369,0
GEO-009431,LWPOLYLINE,3706.1030633524156,86.4871520148383,0
GEO-009432,LWPOLYLINE,3707.7963977623413,86.4871520148383,0
GEO-009433,LWPOLYLINE,3711.098403360621,86.4871520148383,0
GEO-009434,LWPOLYLINE,3712.41073174163,86.48714124891492,0
GEO-009435,LWPOLYLINE,3714.1040661515553,86.4871520148383,0
GEO-009436,LWPOLYLINE,3704.240397116385,86.169654168023,0
GEO-009437,LWPOLYLINE,3701.7638983006364,74.08348405626084,0
GEO-009438,LWPOLYLINE,3701.7638983006364,73.23683030870225,0
GEO-009439,LWPOLYLINE,3701.7638983006364,72.64414469401041,0
GEO-009440,LWPOLYLINE,3701.912064321348,72.43248664008246,0
GEO-009441,LWPOLYLINE,3702.54706270646,74.21048965454102,0
GEO-009442,LWPOLYLINE,3703.055068950695,74.21048965454102,0
GEO-009443,LWPOLYLINE,3705.679731095674,73.23679801093206,0
GEO-009444,LWPOLYLINE,3707.3730655056,73.23679801093206,0
GEO-009445,LWPOLYLINE,3710.675065720918,73.23681954277886,0
GEO-009446,LWPOLYLINE,3711.9873967934072,73.23680877685547,0
GEO-009447,LWPOLYLINE,3713.680733894814,73.23679801093206,0
GEO-009448,LWPOLYLINE,3703.8170621681634,72.91931093004015,0
GEO-009449,LWPOLYLINE,3766.8513983006364,176.33964555528425,0
GEO-009450,LWPOLYLINE,3769.412568412399,176.2126507229275,0
GEO-009451,LWPOLYLINE,3771.952567335807,176.33964555528425,0
GEO-009452,SOLID,3764.8405660438957,166.85698793199327,0
GEO-009453,SOLID,3764.8405660438957,166.09498664008242,0
GEO-009454,LWPOLYLINE,3769.391391841083,154.6438229878743,0
GEO-009455,SOLID,3769.793558292431,191.2833178202311,0
GEO-009456,SOLID,3769.03155700052,191.2833178202311,0
GEO-009457,SOLID,3762.681567766444,185.3989816877577,0
GEO-009458,SOLID,3762.681567766444,186.16098836263018,0
GEO-009459,LWPOLYLINE,3759.5700597996606,185.8011481391059,0
GEO-009460,LWPOLYLINE,3763.2107290501485,143.38315158420136,0
GEO-009461,LWPOLYLINE,3834.224902176369,147.0661524454752,0
GEO-009462,LWPOLYLINE,4468.675230326215,153.75483762953016,0
GEO-009463,LWPOLYLINE,4345.781555369786,153.75483762953016,0
GEO-009464,LWPOLYLINE,4346.988055396701,153.75483762953016,0
GEO-009465,LWPOLYLINE,4543.795709655642,152.61183030870225,0
GEO-009466,LWPOLYLINE,4346.924543850248,153.75483762953021,0
GEO-009467,LWPOLYLINE,4505.632223005387,9.821515062120225,0
GEO-009468,LWPOLYLINE,4542.589215684558,20.02383160061306,0
GEO-009469,LWPOLYLINE,4542.589215684558,27.262806193033853,0
GEO-009470,LWPOLYLINE,4513.590878044855,9.821471998426649,0
GEO-009471,LWPOLYLINE,4505.632212239463,51.56214124891493,0
GEO-009472,LWPOLYLINE,4505.632212239463,54.65247802734374,0
GEO-009473,LWPOLYLINE,4505.632212239463,45.76247372097439,0
GEO-009474,LWPOLYLINE,4469.775895270333,50.18634236653645,0
GEO-009475,LWPOLYLINE,4469.987553324261,49.86883375379773,0
GEO-009476,LWPOLYLINE,4471.08821826838,50.18634236653645,0
GEO-009477,LWPOLYLINE,4470.918881059313,50.20748664008245,0
GEO-009478,LWPOLYLINE,4472.421750135512,50.18634236653645,0
GEO-009479,LWPOLYLINE,4473.58591249581,56.38816019694009,0
GEO-009480,LWPOLYLINE,4527.052911634537,56.38816019694009,0
GEO-009481,LWPOLYLINE,4537.212928860014,56.38816019694009,0
GEO-009482,LWPOLYLINE,4529.444755303157,50.18634236653645,0
GEO-009483,LWPOLYLINE,4530.862907328167,50.18634236653645,0
GEO-009484,LWPOLYLINE,4530.8840516017135,49.95349697536892,0
GEO-009485,LWPOLYLINE,4532.259872015938,50.18634236653645,0
GEO-009486,LWPOLYLINE,4532.217561937,50.84250386555989,0
GEO-009487,LWPOLYLINE,4533.381724297296,50.18634236653645,0
GEO-009488,LWPOLYLINE,4533.191232048761,50.20748664008245,0
GEO-009489,LWPOLYLINE,4495.705061937,50.059326002332895,0
GEO-009490,LWPOLYLINE,4497.059738077679,50.05933676825629,0
GEO-009491,LWPOLYLINE,4496.89042240046,50.08049180772569,0
GEO-009492,LWPOLYLINE,4498.32972946494,50.059326002332895,0
GEO-009493,LWPOLYLINE,4499.663218268381,50.05933676825629,0
GEO-009494,LWPOLYLINE,4500.975541266425,50.059326002332895,0
GEO-009495,LWPOLYLINE,4501.229552462986,49.74182815551758,0
GEO-009496,LWPOLYLINE,4501.90690129925,50.05933676825629,0
GEO-009497,LWPOLYLINE,4502.880549879165,50.059326002332895,0
GEO-009498,LWPOLYLINE,4504.235226019845,50.05933676825629,0
GEO-009499,LWPOLYLINE,4504.256413357085,50.71550903320312,0
GEO-009500,LWPOLYLINE,4504.997238077679,50.05933676825629,0
GEO-009501,LWPOLYLINE,4506.013261332074,50.05934753417968,0
GEO-009502,LWPOLYLINE,4507.3890817463,50.05933676825629,0
GEO-009503,LWPOLYLINE,4538.250074856107,50.18632083468966,0
GEO-009504,LWPOLYLINE,4539.075605861967,50.18634236653645,0
GEO-009505,LWPOLYLINE,4540.0915860526675,50.18633160061306,0
GEO-009506,LWPOLYLINE,4541.425074856108,50.18634236653645,0
GEO-009507,LWPOLYLINE,4505.632223005387,57.78516794840495,0
GEO-009508,LWPOLYLINE,4520.300739800226,21.103319973415793,0
GEO-009509,LWPOLYLINE,4521.126227742393,21.103319973415793,0
GEO-009510,LWPOLYLINE,4522.015234632584,21.103319973415793,0
GEO-009511,LWPOLYLINE,4521.5707311874885,21.12448577880859,0
GEO-009512,LWPOLYLINE,4522.92538579632,21.103319973415793,0
GEO-009513,LWPOLYLINE,4522.777203626725,21.12448577880859,0
GEO-009514,LWPOLYLINE,4524.174232910034,21.103319973415793,0
GEO-009515,LWPOLYLINE,4524.00492799874,21.12448577880859,0
GEO-009516,LWPOLYLINE,4524.174232910034,20.44713694254557,0
GEO-009517,LWPOLYLINE,4525.359561075726,21.103319973415793,0
GEO-009518,LWPOLYLINE,4525.380748412966,21.75950300428602,0
GEO-009519,LWPOLYLINE,4530.037397854154,21.103341505262584,0
GEO-009520,LWPOLYLINE,4531.328576578655,21.103319973415793,0
GEO-009521,LWPOLYLINE,4531.180415940906,21.12448577880859,0
GEO-009522,LWPOLYLINE,4470.453222574749,17.293302747938363,0
GEO-009523,LWPOLYLINE,4471.850230326214,17.293345811631944,0
GEO-009524,LWPOLYLINE,4472.061909911989,16.99699223836263,0
GEO-009525,LWPOLYLINE,4473.3107139620115,17.29331351386176,0
GEO-009526,LWPOLYLINE,4473.289569688464,17.10285356309678,0
GEO-009527,LWPOLYLINE,4474.8347380776795,17.29331351386176,0
GEO-009528,LWPOLYLINE,4475.744889241416,17.29331351386176,0
GEO-009529,LWPOLYLINE,4476.7185808850245,17.29331351386176,0
GEO-009530,LWPOLYLINE,4478.200251858061,17.29331351386176,0
GEO-009531,LWPOLYLINE,4480.78256624337,17.29331351386176,0
GEO-009532,LWPOLYLINE,4480.740213100737,17.94948577880859,0
GEO-009533,LWPOLYLINE,4481.459872015938,17.29331351386176,0
GEO-009534,LWPOLYLINE,4482.475916802179,17.29331351386176,0
GEO-009535,LWPOLYLINE,4482.433563659546,17.94948577880859,0
GEO-009536,LWPOLYLINE,4483.576560214451,17.29331351386176,0
GEO-009537,LWPOLYLINE,4484.71956753528,17.29331351386176,0
GEO-009538,LWPOLYLINE,4484.550230326215,17.35684322781033,0
GEO-009539,LWPOLYLINE,4486.815057630631,17.462672254774304,0
GEO-009540,LWPOLYLINE,4486.815057630631,16.700649431016707,0
GEO-009541,LWPOLYLINE,4519.157743245321,31.13632083468967,0
GEO-009542,LWPOLYLINE,4520.491275112456,31.13632083468967,0
GEO-009543,LWPOLYLINE,4520.745243245323,30.79767871432834,0
GEO-009544,LWPOLYLINE,4521.951715684558,31.136331600613065,0
GEO-009545,LWPOLYLINE,4521.90940560562,30.90347544352214,0
GEO-009546,LWPOLYLINE,4523.518071411012,31.13634236653646,0
GEO-009547,LWPOLYLINE,4524.428222574749,31.136331600613065,0
GEO-009548,LWPOLYLINE,4525.401914218359,31.136331600613065,0
GEO-009549,LWPOLYLINE,4526.862397854155,31.136331600613065,0
GEO-009550,LWPOLYLINE,4529.444712239462,31.136331600613065,0
GEO-009551,LWPOLYLINE,4530.947570549738,31.13634236653646,0
GEO-009552,LWPOLYLINE,4531.900074856108,30.543656751844615,0
GEO-009553,LWPOLYLINE,4519.157743245321,44.02682384914822,0
GEO-009554,LWPOLYLINE,4520.470066243369,44.02682384914822,0
GEO-009555,LWPOLYLINE,4520.300761332073,44.0691662258572,0
GEO-009556,LWPOLYLINE,4521.740057630631,44.02683461507162,0
GEO-009557,LWPOLYLINE,4522.607877183582,44.02682384914822,0
GEO-009558,LWPOLYLINE,4523.602691568891,44.026845380995006,0
GEO-009559,LWPOLYLINE,4524.978576578656,44.02682384914822,0
GEO-009560,LWPOLYLINE,4519.157743245321,40.767160627577034,0
GEO-009561,LWPOLYLINE,4520.491275112456,40.767160627577034,0
GEO-009562,LWPOLYLINE,4520.745243245323,40.428496975368915,0
GEO-009563,LWPOLYLINE,4521.951715684558,40.767171393500426,0
GEO-009564,LWPOLYLINE,4521.90940560562,40.51318172878689,0
GEO-009565,LWPOLYLINE,4523.518071411012,40.76718215942381,0
GEO-009566,LWPOLYLINE,4524.893891825237,40.767171393500426,0
GEO-009567,LWPOLYLINE,4538.631059353177,22.41566450330946,0
GEO-009568,LWPOLYLINE,4538.863904744346,22.09815589057074,0
GEO-009569,LWPOLYLINE,4539.9857570257045,22.41566450330946,0
GEO-009570,LWPOLYLINE,4539.8587621933475,22.43680877685546,0
GEO-009571,LWPOLYLINE,4541.319224297297,22.41566450330946,0
GEO-009572,LWPOLYLINE,4519.242406466893,34.41717139350044,0
GEO-009573,LWPOLYLINE,4519.263550740439,34.16318172878689,0
GEO-009574,LWPOLYLINE,4520.575895270333,34.41716062757705,0
GEO-009575,LWPOLYLINE,4521.9729245536455,34.41716062757705,0
GEO-009576,LWPOLYLINE,4523.369910773263,34.41717139350044,0
GEO-009577,LWPOLYLINE,4523.560381489951,34.07849697536892,0
GEO-009578,LWPOLYLINE,4524.745731187489,34.41718215942383,0
GEO-009579,LWPOLYLINE,4526.185049017892,34.41717139350044,0
GEO-009580,LWPOLYLINE,4527.391542988975,34.41717139350044,0
GEO-009581,LWPOLYLINE,4527.243382351225,34.41717139350043,0
GEO-009582,LWPOLYLINE,4528.682743245323,34.41716062757705,0
GEO-009583,LWPOLYLINE,4519.094245829145,14.266484917534719,0
GEO-009584,LWPOLYLINE,4520.40656882719,14.28766148885091,0
GEO-009585,LWPOLYLINE,4521.845908189441,14.287672254774305,0
GEO-009586,LWPOLYLINE,4521.845908189442,14.09713694254557,0
GEO-009587,LWPOLYLINE,4523.137043850249,14.287672254774305,0
GEO-009588,LWPOLYLINE,4524.258896131607,14.287672254774305,0
GEO-009589,LWPOLYLINE,4524.110713962011,14.35116967095269,0
GEO-009590,LWPOLYLINE,4525.16906882719,14.456977166069876,0
GEO-009591,LWPOLYLINE,4525.16906882719,13.695008171929256,0
GEO-009592,LWPOLYLINE,4470.199211378189,30.861154598659937,0
GEO-009593,LWPOLYLINE,4471.490411634536,30.861176130506728,0
GEO-009594,LWPOLYLINE,4472.188904744345,30.861176130506728,0
GEO-009595,LWPOLYLINE,4473.141387518868,30.861176130506728,0
GEO-009596,LWPOLYLINE,4472.993226881119,30.90347544352214,0
GEO-009597,LWPOLYLINE,4474.411378906129,30.861176130506728,0
GEO-009598,LWPOLYLINE,4475.829573994834,30.861176130506728,0
GEO-009599,LWPOLYLINE,4475.850739800227,31.53851420084635,0
GEO-009600,LWPOLYLINE,4517.358585191394,27.79201592339409,0
GEO-009601,LWPOLYLINE,4493.016907758804,32.59684753417969,0
GEO-009602,LWPOLYLINE,4505.632223005387,18.83849266899956,0
GEO-009603,LWPOLYLINE,4529.423567965916,39.20082643296983,0
GEO-009604,LWPOLYLINE,4537.21288579632,39.20082643296983,0
GEO-009605,LWPOLYLINE,4537.234051601713,9.821493530273438,0
GEO-009606,LWPOLYLINE,4529.973900437976,42.4605004204644,0
GEO-009607,LWPOLYLINE,4529.973900437976,39.20083719889323,0
GEO-009608,LWPOLYLINE,4529.973900437976,35.94115244547526,0
GEO-009609,LWPOLYLINE,4529.973900437976,32.63915761311849,0
GEO-009610,LWPOLYLINE,4505.632223005387,48.64115244547526,0
GEO-009611,LWPOLYLINE,4505.632223005387,9.821493530273438,0
GEO-009612,LWPOLYLINE,4529.973900437976,23.66449008517795,0
GEO-009613,LWPOLYLINE,4537.21288579632,21.251491377088755,0
GEO-009614,LWPOLYLINE,4529.973921969823,14.3299930996365,0
GEO-009615,LWPOLYLINE,4476.845554185535,30.9881601969401,0
GEO-009616,LWPOLYLINE,4476.845554185535,30.501325141059027,0
GEO-009617,LWPOLYLINE,4519.157700181629,37.93084581163194,0
GEO-009618,LWPOLYLINE,4520.025605861967,37.952000851101346,0
GEO-009619,LWPOLYLINE,4520.470066243369,37.93082427978515,0
GEO-009620,LWPOLYLINE,4520.914526624771,37.952000851101346,0
GEO-009621,LWPOLYLINE,4521.782410773263,37.952000851101346,0
GEO-009622,LWPOLYLINE,4521.570752719334,37.93082427978515,0
GEO-009623,LWPOLYLINE,4523.137043850249,37.93084581163194,0
GEO-009624,LWPOLYLINE,4524.004906466894,37.952000851101346,0
GEO-009625,LWPOLYLINE,4524.449388380142,38.26949869791666,0
GEO-009626,LWPOLYLINE,4524.555217407107,37.61332643296983,0
GEO-009627,LWPOLYLINE,4525.80406452082,37.93083504570855,0
GEO-009628,LWPOLYLINE,4525.592406466893,37.93082427978515,0
GEO-009629,LWPOLYLINE,4527.116409050715,37.952000851101346,0
GEO-009630,LWPOLYLINE,4526.883585191394,37.952000851101346,0
GEO-009631,LWPOLYLINE,4539.901072272286,21.25148061116536,0
GEO-009632,LWPOLYLINE,4505.653388810779,45.76249525282118,0
GEO-009633,LWPOLYLINE,4522.819578301203,21.12448577880859,0
GEO-009634,LWPOLYLINE,4470.474409911989,17.293302747938363,0
GEO-009635,LWPOLYLINE,4472.104241522774,16.99699223836263,0
GEO-009636,LWPOLYLINE,4474.877048156618,17.29331351386176,0
GEO-009637,LWPOLYLINE,4475.787220852202,17.29331351386176,0
GEO-009638,LWPOLYLINE,4476.760890963964,17.29331351386176,0
GEO-009639,LWPOLYLINE,4480.782555477445,17.94948577880859,0
GEO-009640,LWPOLYLINE,4481.502225158571,17.29331351386176,0
GEO-009641,LWPOLYLINE,4483.618891825237,17.29331351386176,0
GEO-009642,LWPOLYLINE,4484.740733340673,17.29331351386176,0
GEO-009643,LWPOLYLINE,4486.815057630631,17.462672254774304,0
GEO-009644,LWPOLYLINE,4486.815057630631,16.700649431016707,0
GEO-009645,LWPOLYLINE,4519.178909050714,31.115187327067055,0
GEO-009646,LWPOLYLINE,4520.512397854154,31.115187327067055,0
GEO-009647,LWPOLYLINE,4521.972881489951,31.115176561143663,0
GEO-009648,LWPOLYLINE,4521.951737216405,30.90347544352214,0
GEO-009649,LWPOLYLINE,4526.883563659547,31.136331600613065,0
GEO-009650,LWPOLYLINE,4530.968736355131,31.13634236653646,0
GEO-009651,LWPOLYLINE,4531.942384935047,30.543656751844615,0
GEO-009652,LWPOLYLINE,4519.178909050714,44.02682384914822,0
GEO-009653,LWPOLYLINE,4521.782389241416,44.02683461507162,0
GEO-009654,LWPOLYLINE,4523.623900437976,44.026845380995006,0
GEO-009655,LWPOLYLINE,4519.178909050714,40.745984056260845,0
GEO-009656,LWPOLYLINE,4520.512397854154,40.745984056260845,0
GEO-009657,LWPOLYLINE,4521.951737216405,40.51318172878689,0
GEO-009658,LWPOLYLINE,4540.006922831097,22.41566450330946,0
GEO-009659,LWPOLYLINE,4520.597061075726,34.41716062757705,0
GEO-009660,LWPOLYLINE,4521.994047295344,34.41716062757705,0
GEO-009661,LWPOLYLINE,4523.602713100736,34.07849697536892,0
GEO-009662,LWPOLYLINE,4524.788062798273,34.41718215942383,0
GEO-009663,LWPOLYLINE,4527.433896131607,34.41717139350044,0
GEO-009664,LWPOLYLINE,4527.285713962011,34.41717139350043,0
GEO-009665,LWPOLYLINE,4528.703909050715,34.41716062757705,0
GEO-009666,LWPOLYLINE,4520.42769156889,14.266495683458114,0
GEO-009667,LWPOLYLINE,4521.867095526681,14.266495683458114,0
GEO-009668,LWPOLYLINE,4523.158209655641,14.266495683458114,0
GEO-009669,LWPOLYLINE,4524.280040405152,14.266495683458114,0
GEO-009670,LWPOLYLINE,4525.16906882719,14.456977166069876,0
GEO-009671,LWPOLYLINE,4525.16906882719,13.652655029296874,0
GEO-009672,LWPOLYLINE,4470.241586052668,30.861154598659937,0
GEO-009673,LWPOLYLINE,4472.231214823285,30.861176130506728,0
GEO-009674,LWPOLYLINE,4473.162564090184,30.861176130506728,0
GEO-009675,LWPOLYLINE,4475.871927137466,30.861176130506728,0
GEO-009676,LWPOLYLINE,4475.893071411012,31.53851420084635,0
GEO-009677,LWPOLYLINE,4493.0380735641975,32.59684753417969,0
GEO-009678,LWPOLYLINE,4505.653388810779,18.83849266899956,0
GEO-009679,LWPOLYLINE,4529.423567965916,39.20082643296983,0
GEO-009680,LWPOLYLINE,4537.255217407106,39.20082643296983,0
GEO-009681,LWPOLYLINE,4530.016232048762,42.4605004204644,0
GEO-009682,LWPOLYLINE,4530.016232048762,39.20083719889323,0
GEO-009683,LWPOLYLINE,4530.016232048762,35.89882083468967,0
GEO-009684,LWPOLYLINE,4530.016232048762,32.63915761311849,0
GEO-009685,LWPOLYLINE,4530.016232048762,23.66449008517795,0
GEO-009686,LWPOLYLINE,4537.255217407106,21.251491377088755,0
GEO-009687,LWPOLYLINE,4476.845554185535,30.9881601969401,0
GEO-009688,LWPOLYLINE,4476.845554185535,30.501325141059027,0
GEO-009689,LWPOLYLINE,4520.067894409059,37.930824279785156,0
GEO-009690,LWPOLYLINE,4520.512397854154,37.93082427978515,0
GEO-009691,LWPOLYLINE,4520.956901299251,37.930824279785156,0
GEO-009692,LWPOLYLINE,4521.8247423840485,37.93083504570855,0
GEO-009693,LWPOLYLINE,4521.61308433012,37.93082427978515,0
GEO-009694,LWPOLYLINE,4524.047238077679,37.93083504570855,0
GEO-009695,LWPOLYLINE,4524.491741522775,38.26949869791666,0
GEO-009696,LWPOLYLINE,4524.597592081585,37.59216062757703,0
GEO-009697,LWPOLYLINE,4527.158719129655,37.93083504570855,0
GEO-009698,LWPOLYLINE,4526.92591680218,37.93083504570855,0
GEO-009699,LWPOLYLINE,4539.943403883071,21.25148061116536,0
GEO-009700,LWPOLYLINE,4346.924543850248,153.75483762953021,0
GEO-009701,LWPOLYLINE,4527.391542988975,21.124518076578774,0
GEO-009702,SOLID,4180.173562582955,163.7666673024495,0
GEO-009703,SOLID,4180.173562582955,163.0258371988932,0
GEO-009704,SOLID,4180.173562582955,163.7666673024495,0
GEO-009705,SOLID,4180.173562582955,163.0258371988932,0
GEO-009706,LWPOLYLINE,4179.496229895578,163.3856612735324,0
GEO-009707,LWPOLYLINE,4169.801895377992,163.40682707892518,0
GEO-009708,LWPOLYLINE,4163.409561075725,164.59217139350045,0
GEO-009709,LWPOLYLINE,4163.261393709274,164.634503004286,0
GEO-009710,LWPOLYLINE,4164.552558976371,164.59217677646217,0
GEO-009711,LWPOLYLINE,4164.764227796222,164.2958393520779,0
GEO-009712,LWPOLYLINE,4165.8648967775625,164.59216601053873,0
GEO-009713,LWPOLYLINE,4167.198393655444,164.59217139350045,0
GEO-009714,LWPOLYLINE,4163.451894032251,162.47551010979544,0
GEO-009715,LWPOLYLINE,4164.721893493956,162.47549934387206,0
GEO-009716,LWPOLYLINE,4165.970728496008,162.47550472683375,0
GEO-009717,LWPOLYLINE,4168.150895270333,162.3908199734158,0
GEO-009718,LWPOLYLINE,4170.542726827289,162.6871627807617,0
GEO-009719,LWPOLYLINE,4170.69089419374,162.47550472683375,0
GEO-009720,LWPOLYLINE,4171.749226181333,162.47549934387206,0
GEO-009721,LWPOLYLINE,4172.934561075726,162.47549934387206,0
GEO-009722,SOLID,4463.489381920588,209.9734991285536,0
GEO-009723,SOLID,4463.489381920588,209.2538402133518,0
GEO-009724,SOLID,4463.489381920588,209.9734991285536,0
GEO-009725,SOLID,4463.489381920588,209.2538402133518,0
GEO-009726,LWPOLYLINE,4462.833209655641,209.6348354763455,0
GEO-009727,LWPOLYLINE,4453.075385796321,209.67716708713107,0
GEO-009728,LWPOLYLINE,4463.489381920588,209.5925038655599,0
GEO-009729,SOLID,4441.137419386001,209.86767010158965,0
GEO-009730,SOLID,4441.137419386001,209.2961718241374,0
GEO-009731,LWPOLYLINE,4444.799232910036,209.63483547634547,0
GEO-009732,LWPOLYLINE,4443.4445567693565,208.08967785305447,0
GEO-009733,LWPOLYLINE,4443.444578301203,209.2538402133518,0
GEO-009734,LWPOLYLINE,4443.4445567693565,210.3121843126085,0
GEO-009735,SOLID,4180.173562582955,172.995335261027,0
GEO-009736,SOLID,4180.173562582955,172.254499774509,0
GEO-009737,SOLID,4180.173562582955,172.995335261027,0
GEO-009738,SOLID,4180.173562582955,172.254499774509,0
GEO-009739,LWPOLYLINE,4179.496229895578,172.61433461507158,0
GEO-009740,LWPOLYLINE,4169.801895377992,172.6355058034261,0
GEO-009741,LWPOLYLINE,4163.409561075725,173.86317096286345,0
GEO-009742,LWPOLYLINE,4163.261393709274,173.8631709628634,0
GEO-009743,LWPOLYLINE,4164.552558976371,173.86317634582514,0
GEO-009744,LWPOLYLINE,4164.764227796222,173.54567311604808,0
GEO-009745,LWPOLYLINE,4165.8648967775625,173.86316557990176,0
GEO-009746,LWPOLYLINE,4167.198393655444,173.86317096286345,0
GEO-009747,LWPOLYLINE,4163.451894032251,171.74650967915852,0
GEO-009748,LWPOLYLINE,4163.663558814882,171.42900644938152,0
GEO-009749,LWPOLYLINE,4164.721896185437,171.74650967915852,0
GEO-009750,LWPOLYLINE,4167.007893332467,171.6618303087022,0
GEO-009751,LWPOLYLINE,4169.399727580903,171.95816773308638,0
GEO-009752,LWPOLYLINE,4169.547892255875,171.7465042961968,0
GEO-009753,LWPOLYLINE,4170.563895324162,171.7464989132351,0
GEO-009754,LWPOLYLINE,4171.516392901831,171.7465042961968,0
GEO-009755,SOLID,4180.173562582955,183.66333181593149,0
GEO-009756,SOLID,4180.173562582955,182.9225017123752,0
GEO-009757,SOLID,4180.173562582955,183.66333181593149,0
GEO-009758,SOLID,4180.173562582955,182.9225017123752,0
GEO-009759,LWPOLYLINE,4179.496229895578,183.2823365529378,0
GEO-009760,LWPOLYLINE,4169.801895377992,183.3034969753689,0
GEO-009761,LWPOLYLINE,4163.409561075725,184.48884128994405,0
GEO-009762,LWPOLYLINE,4163.261393709274,184.5311782836914,0
GEO-009763,LWPOLYLINE,4164.552558976371,184.48884128994405,0
GEO-009764,LWPOLYLINE,4164.764227796222,184.19250924852156,0
GEO-009765,LWPOLYLINE,4165.8648967775625,184.48884128994405,0
GEO-009766,LWPOLYLINE,4167.198393655444,184.48884128994405,0
GEO-009767,LWPOLYLINE,4163.451894032251,182.3721746232774,0
GEO-009768,LWPOLYLINE,4164.721893493956,182.37216385735405,0
GEO-009769,LWPOLYLINE,4165.970728496008,182.3721746232774,0
GEO-009770,LWPOLYLINE,4168.150895270333,182.2875060187446,0
GEO-009771,LWPOLYLINE,4170.542726827289,182.58383806016704,0
GEO-009772,LWPOLYLINE,4170.69089419374,182.3721746232774,0
GEO-009773,LWPOLYLINE,4171.749226181333,182.3721746232774,0
GEO-009774,LWPOLYLINE,4172.659393493956,182.3721746232774,0
GEO-009775,SOLID,4180.173562582955,193.69633806016708,0
GEO-009776,SOLID,4180.173562582955,192.95550257364903,0
GEO-009777,SOLID,4180.173562582955,193.69633806016708,0
GEO-009778,SOLID,4180.173562582955,192.95550257364903,0
GEO-009779,LWPOLYLINE,4179.496229895578,193.31534279717334,0
GEO-009780,LWPOLYLINE,4169.801895377992,193.33650860256614,0
GEO-009781,LWPOLYLINE,4163.409561075725,194.56417914496524,0
GEO-009782,LWPOLYLINE,4163.261393709274,194.6064892239041,0
GEO-009783,LWPOLYLINE,4164.552558976371,194.56417914496524,0
GEO-009784,LWPOLYLINE,4164.764227796222,194.26783633761937,0
GEO-009785,LWPOLYLINE,4165.8648967775625,194.56417914496524,0
GEO-009786,LWPOLYLINE,4167.198393655444,194.56417914496524,0
GEO-009787,LWPOLYLINE,4163.451894032251,192.4475124782986,0
GEO-009788,LWPOLYLINE,4163.663558814882,192.1511696709527,0
GEO-009789,LWPOLYLINE,4164.721896185437,192.4475124782986,0
GEO-009790,LWPOLYLINE,4167.007893332467,192.3628277248806,0
GEO-009791,LWPOLYLINE,4169.378561775511,192.4475124782986,0
GEO-009792,LWPOLYLINE,4170.563895324162,192.4475124782986,0
GEO-009793,LWPOLYLINE,4171.516392901831,192.4475124782986,0
GEO-009794,SOLID,4180.173562582955,202.16300472683378,0
GEO-009795,SOLID,4180.173562582955,201.42216924031572,0
GEO-009796,SOLID,4180.173562582955,202.16300472683378,0
GEO-009797,SOLID,4180.173562582955,201.42216924031572,0
GEO-009798,LWPOLYLINE,4179.496229895578,201.78200946384004,0
GEO-009799,LWPOLYLINE,4169.801895377992,201.8031752692329,0
GEO-009800,LWPOLYLINE,4163.409561075725,202.98850343492296,0
GEO-009801,LWPOLYLINE,4163.261393709274,203.0308458116319,0
GEO-009802,LWPOLYLINE,4164.552558976371,202.98850343492296,0
GEO-009803,LWPOLYLINE,4164.764227796222,202.69217139350042,0
GEO-009804,LWPOLYLINE,4165.8648967775625,202.98851420084634,0
GEO-009805,LWPOLYLINE,4167.198393655444,202.98850343492296,0
GEO-009806,LWPOLYLINE,4163.451894032251,200.8718367682563,0
GEO-009807,LWPOLYLINE,4164.721893493956,200.87184753417966,0
GEO-009808,LWPOLYLINE,4165.970728496008,200.8718367682563,0
GEO-009809,LWPOLYLINE,4168.150895270333,200.7871627807617,0
GEO-009810,LWPOLYLINE,4170.521558330415,200.87184753417966,0
GEO-009811,LWPOLYLINE,4171.749226181333,200.87184753417966,0
GEO-009812,LWPOLYLINE,4172.659393493956,200.8718367682563,0
GEO-009813,SOLID,4180.173562582955,209.95233332316081,0
GEO-009814,SOLID,4180.173562582955,209.2115086025662,0
GEO-009815,SOLID,4180.173562582955,209.95233332316081,0
GEO-009816,SOLID,4180.173562582955,209.2115086025662,0
GEO-009817,LWPOLYLINE,4179.496229895578,209.57133806016708,0
GEO-009818,LWPOLYLINE,4169.801895377992,209.5925038655599,0
GEO-009819,LWPOLYLINE,4163.409561075725,210.77783203125,0
GEO-009820,LWPOLYLINE,4163.261393709274,210.8201636420356,0
GEO-009821,LWPOLYLINE,4164.552558976371,210.77783203125,0
GEO-009822,LWPOLYLINE,4164.764227796222,210.4814999898275,0
GEO-009823,LWPOLYLINE,4165.8648967775625,210.77783203125,0
GEO-009824,LWPOLYLINE,4167.198393655444,210.77783203125,0
GEO-009825,LWPOLYLINE,4161.957644910057,216.9775620862548,0
GEO-009826,LWPOLYLINE,4162.1693096926865,216.68123004483232,0
GEO-009827,LWPOLYLINE,4163.2276470632405,216.9775620862548,0
GEO-009828,LWPOLYLINE,4165.513644210272,216.8928988646837,0
GEO-009829,LWPOLYLINE,4167.884309961834,216.9775620862548,0
GEO-009830,LWPOLYLINE,4169.069646201967,216.9775620862548,0
GEO-009831,LWPOLYLINE,4170.022143779635,216.9775620862548,0
GEO-009832,SOLID,4180.173562582955,218.2496627807617,0
GEO-009833,SOLID,4180.173562582955,217.5088272942437,0
GEO-009834,SOLID,4180.173562582955,218.2496627807617,0
GEO-009835,SOLID,4180.173562582955,217.5088272942437,0
GEO-009836,LWPOLYLINE,4179.496229895578,217.86866751776802,0
GEO-009837,LWPOLYLINE,4169.801895377992,217.8898333231608,0
GEO-009838,LWPOLYLINE,4163.409561075725,219.0751722547743,0
GEO-009839,LWPOLYLINE,4163.261393709274,219.1175038655599,0
GEO-009840,LWPOLYLINE,4164.552558976371,219.0751722547743,0
GEO-009841,LWPOLYLINE,4164.764227796222,218.7788402133518,0
GEO-009842,LWPOLYLINE,4165.8648967775625,219.0751722547743,0
GEO-009843,LWPOLYLINE,4167.198393655444,219.0751722547743,0
GEO-009844,SOLID,4180.088910127308,226.52849703671097,0
GEO-009845,SOLID,4180.088910127308,225.78766155019295,0
GEO-009846,SOLID,4180.088910127308,226.52849703671097,0
GEO-009847,SOLID,4180.088910127308,225.78766155019295,0
GEO-009848,LWPOLYLINE,4179.411577439931,226.14749100779392,0
GEO-009849,LWPOLYLINE,4169.717242922345,226.16867834503347,0
GEO-009850,LWPOLYLINE,4163.3249086200785,227.35399574480016,0
GEO-009851,LWPOLYLINE,4163.1767412536265,227.3963273555858,0
GEO-009852,LWPOLYLINE,4164.467906520724,227.35397421295335,0
GEO-009853,LWPOLYLINE,4164.679575340574,227.05765293745424,0
GEO-009854,LWPOLYLINE,4165.780244321915,227.35401727664697,0
GEO-009855,LWPOLYLINE,4167.113741199797,227.35399574480016,0
GEO-009856,LWPOLYLINE,4163.367241576605,225.2373075462867,0
GEO-009857,LWPOLYLINE,4164.637241038308,225.23732907813348,0
GEO-009858,LWPOLYLINE,4165.88607604036,225.23731831221016,0
GEO-009859,LWPOLYLINE,4166.923240876819,225.1526658565623,0
GEO-009860,LWPOLYLINE,4167.875739800227,225.23731831221016,0
GEO-009861,LWPOLYLINE,4169.124574802278,225.23731831221016,0
GEO-009862,LWPOLYLINE,4170.352243998937,225.4489978979849,0
GEO-009863,LWPOLYLINE,4170.479241522775,225.23731831221016,0
GEO-009864,SOLID,4180.088910127308,234.95283209259202,0
GEO-009865,SOLID,4180.088910127308,234.21199660607402,0
GEO-009866,SOLID,4180.088910127308,234.95283209259202,0
GEO-009867,SOLID,4180.088910127308,234.21199660607402,0
GEO-009868,LWPOLYLINE,4179.411577439931,234.5718260636749,0
GEO-009869,LWPOLYLINE,4169.717242922345,234.59301340091454,0
GEO-009870,LWPOLYLINE,4163.3249086200785,235.77833080068126,0
GEO-009871,LWPOLYLINE,4163.1767412536265,235.8206624114668,0
GEO-009872,LWPOLYLINE,4164.467906520724,235.77834156660464,0
GEO-009873,LWPOLYLINE,4164.679575340574,235.48199875925872,0
GEO-009874,LWPOLYLINE,4165.780244321915,235.77832003475783,0
GEO-009875,LWPOLYLINE,4167.113741199797,235.77833080068126,0
GEO-009876,LWPOLYLINE,4163.367241576605,233.66167489993796,0
GEO-009877,LWPOLYLINE,4164.637241038308,233.66166413401453,0
GEO-009878,LWPOLYLINE,4165.88607604036,233.66166413401453,0
GEO-009879,LWPOLYLINE,4166.923240876819,233.5770009124434,0
GEO-009880,LWPOLYLINE,4167.875739800227,233.66166413401453,0
GEO-009881,LWPOLYLINE,4169.124574802278,233.66165336809115,0
GEO-009882,LWPOLYLINE,4170.309908350931,233.66165336809115,0
GEO-009883,SOLID,4180.088910127308,243.3348355376875,0
GEO-009884,SOLID,4180.088910127308,242.59400005116953,0
GEO-009885,SOLID,4180.088910127308,243.3348355376875,0
GEO-009886,SOLID,4180.088910127308,242.59400005116953,0
GEO-009887,LWPOLYLINE,4179.411577439931,242.95382950877047,0
GEO-009888,LWPOLYLINE,4169.717242922345,242.97498454823983,0
GEO-009889,LWPOLYLINE,4163.3249086200785,244.2026658565623,0
GEO-009890,LWPOLYLINE,4163.1767412536265,244.2026658565623,0
GEO-009891,LWPOLYLINE,4164.467906520724,244.20267662248568,0
GEO-009892,LWPOLYLINE,4164.679575340574,243.88516800974702,0
GEO-009893,LWPOLYLINE,4165.780244321915,244.2026550906389,0
GEO-009894,LWPOLYLINE,4167.113741199797,244.2026658565623,0
GEO-009895,LWPOLYLINE,4163.367241576605,242.08600995581907,0
GEO-009896,LWPOLYLINE,4164.637241038308,242.08600995581907,0
GEO-009897,LWPOLYLINE,4165.88607604036,242.08599918989563,0
GEO-009898,LWPOLYLINE,4168.066242814686,242.0013359683245,0
GEO-009899,LWPOLYLINE,4170.161742330219,242.08599918989563,0
GEO-009900,LWPOLYLINE,4171.41057329505,242.08598842397225,0
GEO-009901,LWPOLYLINE,4172.5959068437005,242.08597765804885,0
GEO-009902,SOLID,4180.088910127308,251.88616542592536,0
GEO-009903,SOLID,4180.088910127308,251.14532993940736,0
GEO-009904,SOLID,4180.088910127308,251.88616542592536,0
GEO-009905,SOLID,4180.088910127308,251.14532993940736,0
GEO-009906,LWPOLYLINE,4179.411577439931,251.50515939700819,0
GEO-009907,LWPOLYLINE,4169.717242922345,251.5263467342478,0
GEO-009908,LWPOLYLINE,4163.3249086200785,252.75400651072357,0
GEO-009909,LWPOLYLINE,4163.1767412536265,252.7539957448001,0
GEO-009910,LWPOLYLINE,4164.467906520724,252.75399574480014,0
GEO-009911,LWPOLYLINE,4164.679575340574,252.4364978979848,0
GEO-009912,LWPOLYLINE,4165.780244321915,252.75401727664695,0
GEO-009913,LWPOLYLINE,4167.113741199797,252.75400651072357,0
GEO-009914,LWPOLYLINE,4163.367241576605,250.63732907813346,0
GEO-009915,LWPOLYLINE,4164.637241038308,250.63732907813346,0
GEO-009916,LWPOLYLINE,4165.88607604036,250.63733984405684,0
GEO-009917,LWPOLYLINE,4166.923240876819,250.5526658565623,0
GEO-009918,LWPOLYLINE,4167.875739800227,250.63733984405684,0
GEO-009919,LWPOLYLINE,4169.124574802278,250.6373506099803,0
GEO-009920,LWPOLYLINE,4170.034743460641,250.63733984405684,0
GEO-009921,SOLID,4180.173562582955,126.3863262176513,0
GEO-009922,SOLID,4180.173562582955,125.6455014970567,0
GEO-009923,SOLID,4180.173562582955,126.3863262176513,0
GEO-009924,SOLID,4180.173562582955,125.6455014970567,0
GEO-009925,LWPOLYLINE,4179.496229895578,126.0053363376193,0
GEO-009926,LWPOLYLINE,4169.801895377992,126.0265075259738,0
GEO-009927,LWPOLYLINE,4164.086893763104,125.96299934387204,0
GEO-009928,LWPOLYLINE,4163.875227634733,125.9841705322265,0
GEO-009929,LWPOLYLINE,4165.314561614022,125.96299934387204,0
GEO-009930,LWPOLYLINE,4165.420396023947,125.66666191948781,0
GEO-009931,LWPOLYLINE,4166.5422281191995,125.96299934387204,0
GEO-009932,LWPOLYLINE,4167.769894624376,125.96299934387204,0
GEO-009933,LWPOLYLINE,4170.288727742392,125.94184430440265,0
GEO-009934,LWPOLYLINE,4171.30472677346,125.8571756998698,0
GEO-009935,LWPOLYLINE,4172.511227473244,125.94184430440265,0
GEO-009936,LWPOLYLINE,4173.7388953241625,125.94184430440265,0
GEO-009937,LWPOLYLINE,4174.924228872815,125.94184430440265,0
GEO-009938,LWPOLYLINE,4206.314414218359,251.5263359683245,0
GEO-009939,LWPOLYLINE,4206.314414218359,243.0173376908722,0
GEO-009940,LWPOLYLINE,4206.314414218359,234.5930026349911,0
GEO-009941,LWPOLYLINE,4206.314414218359,226.16866757911,0
GEO-009942,LWPOLYLINE,4206.3990666740065,217.8898440890842,0
GEO-009943,LWPOLYLINE,4206.3990666740065,209.5925038655599,0
GEO-009944,LWPOLYLINE,4206.3990666740065,201.8031645033095,0
GEO-009945,LWPOLYLINE,4206.3990666740065,193.3364978366428,0
GEO-009946,LWPOLYLINE,4206.3990666740065,183.3035077412923,0
GEO-009947,LWPOLYLINE,4206.3990666740065,172.6355111863878,0
GEO-009948,LWPOLYLINE,4206.3990666740065,163.4068432278103,0
GEO-009949,LWPOLYLINE,4206.3990666740065,126.0265021430121,0
GEO-009950,LWPOLYLINE,4231.947238077679,203.19092465394846,0
GEO-009951,LWPOLYLINE,4336.976227742392,209.61368043687605,0
GEO-009952,LWPOLYLINE,4334.690234632584,125.9418389214409,0
GEO-009953,SOLID,4463.489381920588,126.2804971906874,0
GEO-009954,SOLID,4463.489381920588,125.56082750956216,0
GEO-009955,SOLID,4463.489381920588,126.2804971906874,0
GEO-009956,SOLID,4463.489381920588,125.56082750956216,0
GEO-009957,LWPOLYLINE,4462.833209655641,125.94182815551756,0
GEO-009958,LWPOLYLINE,4453.075385796321,125.9841651492648,0
GEO-009959,LWPOLYLINE,4463.489381920588,125.899496544732,0
GEO-009960,SOLID,4441.137419386001,126.1746681637234,0
GEO-009961,SOLID,4441.137419386001,125.60316988627116,0
GEO-009962,LWPOLYLINE,4444.799232910036,125.94183353847924,0
GEO-009963,LWPOLYLINE,4443.4445567693565,124.39665438334146,0
GEO-009964,LWPOLYLINE,4443.444578301203,125.56083827548551,0
GEO-009965,LWPOLYLINE,4443.4445567693565,126.6191608428955,0
GEO-009966,LWPOLYLINE,4439.740379336767,125.9418389214409,0
GEO-009967,LWPOLYLINE,4446.640733340673,125.94184430440265,0
GEO-009968,LWPOLYLINE,4447.783729895577,125.94184430440265,0
GEO-009969,LWPOLYLINE,4447.614392686512,125.9841705322265,0
GEO-009970,LWPOLYLINE,4447.783729895577,125.3068432278103,0
GEO-009971,LWPOLYLINE,4448.947892255875,125.94184430440265,0
GEO-009972,LWPOLYLINE,4450.302579162477,125.94184430440265,0
GEO-009973,LWPOLYLINE,4450.302568396553,126.576845380995,0
GEO-009974,LWPOLYLINE,4447.995409481352,209.5501722547743,0
GEO-009975,LWPOLYLINE,4449.1172294649405,209.5501722547743,0
GEO-009976,LWPOLYLINE,4448.969068827191,209.5925038655599,0
GEO-009977,LWPOLYLINE,4449.1172294649405,208.9151765611437,0
GEO-009978,LWPOLYLINE,4450.302568396553,209.5501722547743,0
GEO-009979,LWPOLYLINE,4451.614880628677,209.5501722547743,0
GEO-009980,LWPOLYLINE,4451.614880628678,210.1851679484049,0
GEO-009981,LWPOLYLINE,4233.344202765451,228.51549826727972,0
GEO-009982,LWPOLYLINE,4234.783542127701,228.51549826727972,0
GEO-009983,LWPOLYLINE,4234.063872446576,228.5578406439887,0
GEO-009984,LWPOLYLINE,4236.371063659548,228.5154875013563,0
GEO-009985,LWPOLYLINE,4239.821219129654,228.51549826727972,0
GEO-009986,LWPOLYLINE,4241.260569257828,228.51549826727972,0
GEO-009987,LWPOLYLINE,4240.540894193741,228.5578406439887,0
GEO-009988,LWPOLYLINE,4242.784561075726,228.51549826727972,0
GEO-009989,LWPOLYLINE,4242.53056602805,228.5578406439887,0
GEO-009990,LWPOLYLINE,4242.784561075726,227.4148225572374,0
GEO-009991,LWPOLYLINE,4244.922398930747,228.51549826727972,0
GEO-009992,LWPOLYLINE,4244.922393547784,228.1768346150716,0
GEO-009993,LWPOLYLINE,4247.123734201947,228.5154875013563,0
GEO-009994,LWPOLYLINE,4249.261561291045,228.51549826727972,0
GEO-009995,LWPOLYLINE,4249.0075608604075,228.5578406439887,0
GEO-009996,LWPOLYLINE,4249.261561291045,227.4148225572374,0
GEO-009997,LWPOLYLINE,4251.293564736139,228.5154875013563,0
GEO-009998,LWPOLYLINE,4251.653388810779,227.98633160061303,0
GEO-009999,LWPOLYLINE,4234.2755574153125,131.1488423665364,0
GEO-010000,LWPOLYLINE,4236.286389672053,131.1488477494981,0
GEO-010001,LWPOLYLINE,4239.948224727934,131.1488423665364,0
GEO-010002,LWPOLYLINE,4241.514569688464,131.1488423665364,0
GEO-010003,LWPOLYLINE,4240.731397208199,131.1911632113986,0
GEO-010004,LWPOLYLINE,4243.123224727933,131.1488423665364,0
GEO-010005,LWPOLYLINE,4242.848058491903,131.1911632113986,0
GEO-010006,LWPOLYLINE,4243.123224727933,129.9635142008463,0
GEO-010007,LWPOLYLINE,4245.409223220704,131.1488423665364,0
GEO-010008,LWPOLYLINE,4245.430394409059,130.7678363376193,0
GEO-010009,LWPOLYLINE,4247.758729895579,131.1488477494981,0
GEO-010010,LWPOLYLINE,4250.065894193741,131.1488423665364,0
GEO-010011,LWPOLYLINE,4249.790722574749,131.1911632113986,0
GEO-010012,LWPOLYLINE,4250.065894193741,129.9635142008463,0
GEO-010013,LWPOLYLINE,4252.246052893624,131.1488477494981,0
GEO-010014,LWPOLYLINE,4252.627064305502,130.57733870612245,0
GEO-010015,SOLID,4231.03708153098,251.80150220435422,0
GEO-010016,SOLID,4231.03708153098,251.23000392690196,0
GEO-010017,SOLID,4231.079402375843,243.25016155019296,0
GEO-010018,SOLID,4231.079402375843,242.6786632727407,0
GEO-010019,SOLID,4231.03708153098,234.86816887102086,0
GEO-010020,SOLID,4231.03708153098,234.29665982764521,0
GEO-010021,SOLID,4231.079402375843,226.40150220435416,0
GEO-010022,SOLID,4231.079402375843,225.82999316097852,0
GEO-010023,SOLID,4231.16405483149,218.1226787143283,0
GEO-010024,SOLID,4231.16405483149,217.55118043687605,0
GEO-010025,SOLID,4231.121733986628,209.82532772488065,0
GEO-010026,SOLID,4231.121733986628,209.25382944742842,0
GEO-010027,SOLID,4231.121733986628,202.03599912855364,0
GEO-010028,SOLID,4231.121733986628,201.46450085110135,0
GEO-010029,SOLID,4231.121733986628,193.6116640726725,0
GEO-010030,SOLID,4231.121733986628,193.04016579522025,0
GEO-010031,SOLID,4231.121733986628,183.53633698357476,0
GEO-010032,SOLID,4231.121733986628,182.9648333231608,0
GEO-010033,SOLID,4231.121733986628,172.9106666564941,0
GEO-010034,SOLID,4231.121733986628,172.33916837904184,0
GEO-010035,SOLID,4231.098755344217,163.69405304338056,0
GEO-010036,SOLID,4231.098755344217,163.12256553185165,0
GEO-010037,SOLID,4231.121733986628,126.30166837904184,0
GEO-010038,SOLID,4231.121733986628,125.7301647186279,0
GEO-010039,SOLID,4286.282062152318,126.1746681637234,0
GEO-010040,SOLID,4286.282062152318,125.60316988627116,0
GEO-010041,SOLID,4285.266060429771,209.86767010158965,0
GEO-010042,SOLID,4285.266060429771,209.2961718241374,0
GEO-010043,LWPOLYLINE,4183.5814106656035,254.27799832862175,0
GEO-010044,LWPOLYLINE,4183.602573779515,253.4313230492164,0
GEO-010045,LWPOLYLINE,4183.602573779515,252.60581357520374,0
GEO-010046,LWPOLYLINE,4184.364577762908,254.40500392690194,0
GEO-010047,LWPOLYLINE,4184.87257324122,254.40500392690194,0
GEO-010048,LWPOLYLINE,4187.497246152123,253.43131228329298,0
GEO-010049,LWPOLYLINE,4189.190575179087,253.43131228329298,0
GEO-010050,LWPOLYLINE,4192.492575394404,253.43133381513974,0
GEO-010051,LWPOLYLINE,4193.804906466893,253.43133381513974,0
GEO-010052,LWPOLYLINE,4195.498243568301,253.43131228329298,0
GEO-010053,LWPOLYLINE,4185.676908835396,253.11382520240105,0
GEO-010054,LWPOLYLINE,4183.6237395849075,245.7266684403839,0
GEO-010055,LWPOLYLINE,4183.602573779515,244.8799931609785,0
GEO-010056,LWPOLYLINE,4183.602576470996,244.07564949235876,0
GEO-010057,LWPOLYLINE,4184.364577762908,245.8536740386641,0
GEO-010058,LWPOLYLINE,4184.87257324122,245.8536740386641,0
GEO-010059,LWPOLYLINE,4187.497246152123,244.8799823950552,0
GEO-010060,LWPOLYLINE,4189.190575179087,244.8799823950552,0
GEO-010061,LWPOLYLINE,4192.492575394404,244.8800039269019,0
GEO-010062,LWPOLYLINE,4193.804906466893,244.8800039269019,0
GEO-010063,LWPOLYLINE,4195.498243568301,244.8799823950552,0
GEO-010064,LWPOLYLINE,4185.69807464079,244.5625060800866,0
GEO-010065,LWPOLYLINE,4183.6237395849075,237.32349918989564,0
GEO-010066,LWPOLYLINE,4183.602573779515,236.4980112477298,0
GEO-010067,LWPOLYLINE,4183.602576470996,235.67248024187046,0
GEO-010068,LWPOLYLINE,4184.364577762908,237.4716705935686,0
GEO-010069,LWPOLYLINE,4184.87257324122,237.4716705935686,0
GEO-010070,LWPOLYLINE,4187.497246152123,236.49797894995964,0
GEO-010071,LWPOLYLINE,4189.190575179087,236.49797894995964,0
GEO-010072,LWPOLYLINE,4192.492575394404,236.49800048180646,0
GEO-010073,LWPOLYLINE,4193.804906466893,236.49800048180646,0
GEO-010074,LWPOLYLINE,4195.498243568301,236.49797894995964,0
GEO-010075,LWPOLYLINE,4185.69807464079,236.15932606367494,0
GEO-010076,LWPOLYLINE,4183.6237395849075,228.89916413401454,0
GEO-010077,LWPOLYLINE,4183.602573779515,228.073654660002,0
GEO-010078,LWPOLYLINE,4183.602576470996,227.24814518598936,0
GEO-010079,LWPOLYLINE,4184.364577762908,229.04733553768756,0
GEO-010080,LWPOLYLINE,4184.87257324122,229.04733553768756,0
GEO-010081,LWPOLYLINE,4187.497246152123,228.0736438940786,0
GEO-010082,LWPOLYLINE,4189.190575179087,228.0736438940786,0
GEO-010083,LWPOLYLINE,4192.492575394404,228.0736654259254,0
GEO-010084,LWPOLYLINE,4193.804906466893,228.0736654259254,0
GEO-010085,LWPOLYLINE,4195.498243568301,228.0736438940786,0
GEO-010086,LWPOLYLINE,4185.69807464079,227.71382520240104,0
GEO-010087,LWPOLYLINE,4183.708392040556,220.62032987806538,0
GEO-010088,LWPOLYLINE,4183.6872262351635,219.7948311699761,0
GEO-010089,LWPOLYLINE,4183.687228926645,218.94816665649415,0
GEO-010090,LWPOLYLINE,4184.449230218555,220.7684905158149,0
GEO-010091,LWPOLYLINE,4184.957225696868,220.7684905158149,0
GEO-010092,LWPOLYLINE,4187.58189860777,219.7948419358995,0
GEO-010093,LWPOLYLINE,4189.275227634733,219.7948419358995,0
GEO-010094,LWPOLYLINE,4192.577227850052,219.7948419358995,0
GEO-010095,LWPOLYLINE,4193.889558922541,219.7948419358995,0
GEO-010096,LWPOLYLINE,4195.582896023948,219.7948419358995,0
GEO-010097,LWPOLYLINE,4185.782727096437,219.4349909464518,0
GEO-010098,LWPOLYLINE,4183.708392040556,212.3441769917806,0
GEO-010099,LWPOLYLINE,4183.6872262351635,211.4975124782986,0
GEO-010100,LWPOLYLINE,4183.687228926645,210.67200300428607,0
GEO-010101,LWPOLYLINE,4184.449230218555,212.4711718241374,0
GEO-010102,LWPOLYLINE,4184.957225696868,212.4711718241374,0
GEO-010103,LWPOLYLINE,4187.58189860777,211.4975017123752,0
GEO-010104,LWPOLYLINE,4189.275227634733,211.4975017123752,0
GEO-010105,LWPOLYLINE,4192.577227850052,211.49749094645182,0
GEO-010106,LWPOLYLINE,4193.889558922541,211.49749094645182,0
GEO-010107,LWPOLYLINE,4195.582896023948,211.4975017123752,0
GEO-010108,LWPOLYLINE,4185.782727096437,211.17999309963645,0
GEO-010109,LWPOLYLINE,4183.708392040556,204.53367182413734,0
GEO-010110,LWPOLYLINE,4183.6872262351635,203.7081731160482,0
GEO-010111,LWPOLYLINE,4183.687228926645,202.8826421101888,0
GEO-010112,LWPOLYLINE,4184.449230218555,204.68183246188696,0
GEO-010113,LWPOLYLINE,4184.957225696868,204.68183246188696,0
GEO-010114,LWPOLYLINE,4187.58189860777,203.70817311604821,0
GEO-010115,LWPOLYLINE,4189.275227634733,203.70817311604821,0
GEO-010116,LWPOLYLINE,4192.577227850052,203.70817311604821,0
GEO-010117,LWPOLYLINE,4193.889558922541,203.70817311604821,0
GEO-010118,LWPOLYLINE,4195.582896023948,203.70817311604821,0
GEO-010119,LWPOLYLINE,4185.782727096437,203.36949869791664,0
GEO-010120,LWPOLYLINE,4183.708392040556,196.08816019694007,0
GEO-010121,LWPOLYLINE,4183.6872262351635,195.2415064493815,0
GEO-010122,LWPOLYLINE,4183.687228926645,194.4371735466851,0
GEO-010123,LWPOLYLINE,4184.449230218555,196.21516579522026,0
GEO-010124,LWPOLYLINE,4184.957225696868,196.21516579522026,0
GEO-010125,LWPOLYLINE,4187.58189860777,195.24150644938146,0
GEO-010126,LWPOLYLINE,4189.275227634733,195.24150644938146,0
GEO-010127,LWPOLYLINE,4192.577227850052,195.24150644938146,0
GEO-010128,LWPOLYLINE,4193.889558922541,195.24150644938146,0
GEO-010129,LWPOLYLINE,4195.582896023948,195.24150644938146,0
GEO-010130,LWPOLYLINE,4185.782727096437,194.92400860256615,0
GEO-010131,LWPOLYLINE,4183.666063121251,186.0340042961968,0
GEO-010132,LWPOLYLINE,4183.6872262351635,185.2084948221842,0
GEO-010133,LWPOLYLINE,4183.6872262351635,184.38300149705674,0
GEO-010134,LWPOLYLINE,4184.449230218555,186.18216493394635,0
GEO-010135,LWPOLYLINE,4184.957225696868,186.18216493394635,0
GEO-010136,LWPOLYLINE,4187.58189860777,185.2084948221842,0
GEO-010137,LWPOLYLINE,4189.275227634733,185.2084948221842,0
GEO-010138,LWPOLYLINE,4192.577227850052,185.2085109710693,0
GEO-010139,LWPOLYLINE,4193.889558922541,185.20850558810758,0
GEO-010140,LWPOLYLINE,4195.582896023948,185.2084948221842,0
GEO-010141,LWPOLYLINE,4185.761561291043,184.86983655293778,0
GEO-010142,LWPOLYLINE,4183.666063121251,175.38716816372335,0
GEO-010143,LWPOLYLINE,4183.6872262351635,174.5405090332031,0
GEO-010144,LWPOLYLINE,4183.6872262351635,173.71500494215223,0
GEO-010145,LWPOLYLINE,4184.449230218555,175.51415761311844,0
GEO-010146,LWPOLYLINE,4184.957225696868,175.51415761311844,0
GEO-010147,LWPOLYLINE,4187.58189860777,174.5405036502414,0
GEO-010148,LWPOLYLINE,4189.275227634733,174.5405036502414,0
GEO-010149,LWPOLYLINE,4192.577227850052,174.54049288431798,0
GEO-010150,LWPOLYLINE,4193.889558922541,174.5404982672797,0
GEO-010151,LWPOLYLINE,4195.582896023948,174.5405036502414,0
GEO-010152,LWPOLYLINE,4185.761561291043,174.2230058034261,0
GEO-010153,LWPOLYLINE,4183.666063121251,166.11617397732203,0
GEO-010154,LWPOLYLINE,4183.644894624378,165.26950946384,0
GEO-010155,LWPOLYLINE,4183.644891932897,164.46517117818195,0
GEO-010156,LWPOLYLINE,4184.406898607769,166.2431580437554,0
GEO-010157,LWPOLYLINE,4184.914899469043,166.2431580437554,0
GEO-010158,LWPOLYLINE,4187.58189860777,165.26949331495496,0
GEO-010159,LWPOLYLINE,4189.275227634733,165.26949331495496,0
GEO-010160,LWPOLYLINE,4192.577227850052,165.26950408087833,0
GEO-010161,LWPOLYLINE,4193.889558922541,165.26949869791665,0
GEO-010162,LWPOLYLINE,4195.582896023948,165.26949331495496,0
GEO-010163,LWPOLYLINE,4185.761561291043,164.95200085110136,0
GEO-010164,LWPOLYLINE,4183.6872262351635,128.77816988627114,0
GEO-010165,LWPOLYLINE,4183.6872262351635,127.9314892239041,0
GEO-010166,LWPOLYLINE,4183.6872262351635,127.10599589877654,0
GEO-010167,LWPOLYLINE,4184.449230218555,128.9051593356662,0
GEO-010168,LWPOLYLINE,4184.957225696868,128.9051593356662,0
GEO-010169,LWPOLYLINE,4187.58189860777,127.93150537278915,0
GEO-010170,LWPOLYLINE,4189.275227634733,127.93150537278915,0
GEO-010171,LWPOLYLINE,4192.577227850052,127.93150537278915,0
GEO-010172,LWPOLYLINE,4193.889558922541,127.93150537278915,0
GEO-010173,LWPOLYLINE,4195.582896023948,127.93150537278915,0
GEO-010174,LWPOLYLINE,4233.809888164824,217.974496544732,0
GEO-010175,LWPOLYLINE,4234.952895485651,218.94816665649415,0
GEO-010176,LWPOLYLINE,4235.460896346925,218.94816665649415,0
GEO-010177,LWPOLYLINE,4238.0855584919045,217.974496544732,0
GEO-010178,LWPOLYLINE,4239.778887518869,217.974496544732,0
GEO-010179,LWPOLYLINE,4243.080887734186,217.974496544732,0
GEO-010180,LWPOLYLINE,4244.393221498158,217.974496544732,0
GEO-010181,LWPOLYLINE,4246.0865666740065,217.974496544732,0
GEO-010182,LWPOLYLINE,4236.117057845948,218.29200515747064,0
GEO-010183,LWPOLYLINE,4238.000895270333,121.53915223015676,0
GEO-010184,LWPOLYLINE,4239.694224297298,121.53915223015676,0
GEO-010185,LWPOLYLINE,4242.996235278539,121.53916837904185,0
GEO-010186,LWPOLYLINE,4244.308558276585,121.53916837904185,0
GEO-010187,LWPOLYLINE,4246.0018926865105,121.53915223015676,0
GEO-010188,LWPOLYLINE,4236.244063444229,121.51800795661075,0
GEO-010189,LWPOLYLINE,4351.454241522774,121.53915223015676,0
GEO-010190,LWPOLYLINE,4353.147570549739,121.53915223015676,0
GEO-010191,LWPOLYLINE,4356.449565382095,121.53916837904185,0
GEO-010192,LWPOLYLINE,4357.761899146066,121.53916837904185,0
GEO-010193,LWPOLYLINE,4359.455238938952,121.53915223015676,0
GEO-010194,LWPOLYLINE,4349.7185808850245,121.51800795661075,0
GEO-010195,LWPOLYLINE,4346.6282333406725,205.2321649339464,0
GEO-010196,LWPOLYLINE,4347.771219129652,206.20581351386176,0
GEO-010197,LWPOLYLINE,4348.279219990927,206.20581351386176,0
GEO-010198,LWPOLYLINE,4350.903909050716,205.2321649339464,0
GEO-010199,LWPOLYLINE,4352.597238077678,205.2321649339464,0
GEO-010200,LWPOLYLINE,4355.8992544418825,205.232154168023,0
GEO-010201,LWPOLYLINE,4357.2115666740065,205.2321649339464,0
GEO-010202,LWPOLYLINE,4358.904884935046,205.2321649339464,0
GEO-010203,LWPOLYLINE,4349.147061075725,205.21100989447694,0
GEO-010204,LWPOLYLINE,4443.4445567693565,211.39167268541127,0
GEO-010205,LWPOLYLINE,4443.4445567693565,127.69867074754501,0
GEO-010206,SOLID,4427.336722144112,219.09633806016717,0
GEO-010207,SOLID,4427.336722144112,217.97450731065538,0
GEO-010208,SOLID,4425.071884073773,219.09633806016717,0
GEO-010209,SOLID,4425.071884073773,217.97450731065538,0
GEO-010210,LWPOLYLINE,4416.2454202472745,218.5248397827149,0
GEO-010211,LWPOLYLINE,4418.912419386001,218.5248397827149,0
GEO-010212,LWPOLYLINE,4422.087419386002,218.5248397827149,0
GEO-010213,LWPOLYLINE,4425.304750996787,218.5248397827149,0
GEO-010214,LWPOLYLINE,4428.500916802181,218.5248397827149,0
GEO-010215,LWPOLYLINE,4431.654750996787,218.5248397827149,0
GEO-010216,LWPOLYLINE,4434.364081746298,218.5248397827149,0
GEO-010217,LWPOLYLINE,4426.214923692372,226.77983762953022,0
GEO-010218,LWPOLYLINE,4426.214923692372,220.3875060187446,0
GEO-010219,LWPOLYLINE,4426.214923692372,214.03750601874455,0
GEO-010220,LWPOLYLINE,4426.214923692372,207.6875060187446,0
GEO-010221,LWPOLYLINE,4426.214923692372,201.295174407959,0
GEO-010222,LWPOLYLINE,4414.700208794367,221.12835227118597,0
GEO-010223,LWPOLYLINE,4416.30890689753,221.12833073933922,0
GEO-010224,LWPOLYLINE,4416.0337406615,221.1071756998698,0
GEO-010225,LWPOLYLINE,4417.938727742392,221.12833073933922,0
GEO-010226,LWPOLYLINE,4419.547372015939,221.12833073933922,0
GEO-010227,LWPOLYLINE,4419.674388380142,220.7050038655599,0
GEO-010228,LWPOLYLINE,4421.177235924494,221.12833073933922,0
GEO-010229,LWPOLYLINE,4420.902058922541,221.1071756998698,0
GEO-010230,LWPOLYLINE,4422.7858909639635,221.1283415052626,0
GEO-010231,LWPOLYLINE,4422.7858909639635,221.1283415052626,0
GEO-010232,LWPOLYLINE,4429.389902160525,222.0385142008463,0
GEO-010233,LWPOLYLINE,4429.389902160524,221.21301549275717,0
GEO-010234,LWPOLYLINE,4430.405882351225,221.21301549275717,0
GEO-010235,LWPOLYLINE,4430.956225589208,221.2341705322266,0
GEO-010236,LWPOLYLINE,4431.506568827191,221.21301549275717,0
GEO-010237,LWPOLYLINE,4432.607244537233,221.21300472683376,0
GEO-010238,LWPOLYLINE,4432.332089067127,221.2341705322266,0
GEO-010239,LWPOLYLINE,4434.237043850248,221.21300472683376,0
GEO-010240,LWPOLYLINE,4434.3640602144515,220.8108436584473,0
GEO-010241,LWPOLYLINE,4435.824554616172,221.21300472683376,0
GEO-010242,LWPOLYLINE,4437.454396992882,221.21300472683376,0
GEO-010243,LWPOLYLINE,4437.454396992882,220.9378277248806,0
GEO-010244,LWPOLYLINE,4439.0630843301215,221.21300472683376,0
GEO-010245,LWPOLYLINE,4439.0630843301215,221.21300472683376,0
GEO-010246,SOLID,4427.336722144112,134.21800795661073,0
GEO-010247,SOLID,4427.336722144112,133.09616644117565,0
GEO-010248,SOLID,4425.071884073773,134.21800795661073,0
GEO-010249,SOLID,4425.071884073773,133.09616644117565,0
GEO-010250,LWPOLYLINE,4416.2454202472745,133.6465042961968,0
GEO-010251,LWPOLYLINE,4418.912419386001,133.6465042961968,0
GEO-010252,LWPOLYLINE,4422.087419386002,133.6465042961968,0
GEO-010253,LWPOLYLINE,4425.304750996787,133.6465042961968,0
GEO-010254,LWPOLYLINE,4428.500916802181,133.6465042961968,0
GEO-010255,LWPOLYLINE,4431.654750996787,133.6465042961968,0
GEO-010256,LWPOLYLINE,4434.364081746298,133.6465042961968,0
GEO-010257,LWPOLYLINE,4426.214923692372,141.90150214301212,0
GEO-010258,LWPOLYLINE,4426.214923692372,135.5091705322265,0
GEO-010259,LWPOLYLINE,4426.214923692372,129.15917053222648,0
GEO-010260,LWPOLYLINE,4426.214923692372,122.8091759151882,0
GEO-010261,LWPOLYLINE,4426.214923692372,116.4168389214409,0
GEO-010262,LWPOLYLINE,4414.700208794367,136.24999525282115,0
GEO-010263,LWPOLYLINE,4416.30890689753,136.25000063578284,0
GEO-010264,LWPOLYLINE,4416.0337406615,136.2288402133517,0
GEO-010265,LWPOLYLINE,4417.938727742392,136.25000063578284,0
GEO-010266,LWPOLYLINE,4419.547372015939,136.25000063578284,0
GEO-010267,LWPOLYLINE,4419.674388380142,135.82666837904185,0
GEO-010268,LWPOLYLINE,4421.177235924494,136.25000063578284,0
GEO-010269,LWPOLYLINE,4420.902058922541,136.2288402133517,0
GEO-010270,LWPOLYLINE,4422.7858909639635,136.25000601874456,0
GEO-010271,LWPOLYLINE,4422.7858909639635,136.25000601874456,0
GEO-010272,LWPOLYLINE,4429.389902160525,137.1601787143283,0
GEO-010273,LWPOLYLINE,4429.389902160524,136.3346746232774,0
GEO-010274,LWPOLYLINE,4430.405882351225,136.3346746232774,0
GEO-010275,LWPOLYLINE,4430.956225589208,136.3558350457085,0
GEO-010276,LWPOLYLINE,4431.506568827191,136.3346746232774,0
GEO-010277,LWPOLYLINE,4432.607244537233,136.3346746232774,0
GEO-010278,LWPOLYLINE,4432.332089067127,136.3558350457085,0
GEO-010279,LWPOLYLINE,4434.237043850248,136.3346746232774,0
GEO-010280,LWPOLYLINE,4434.3640602144515,135.9325027889675,0
GEO-010281,LWPOLYLINE,4435.824554616172,136.3346746232774,0
GEO-010282,LWPOLYLINE,4437.454396992882,136.3346746232774,0
GEO-010283,LWPOLYLINE,4437.454396992882,136.059503004286,0
GEO-010284,LWPOLYLINE,4439.0630843301215,136.3346746232774,0
GEO-010285,LWPOLYLINE,4439.0630843301215,136.3346746232774,0
GEO-010286,LWPOLYLINE,4185.782727096437,127.6140021430121,0
GEO-010287,LWPOLYLINE,389.5487135753767,194.3668843530824,0
GEO-010288,LWPOLYLINE,389.186605436141,143.5439210160274,0
GEO-010289,LWPOLYLINE,388.9645136188817,83.64077497359239,0
GEO-010290,LINE,1347.188720289286,273.74855770534936,0
GEO-010291,LWPOLYLINE,1318.5502803489935,182.72884553698844,0
GEO-010292,LWPOLYLINE,1319.735586982837,182.72885630291185,0
GEO-010293,LWPOLYLINE,1320.9844340965524,182.9405143568398,0
GEO-010294,LWPOLYLINE,1321.132573202455,182.72885630291185,0
GEO-010295,LWPOLYLINE,1318.7406755820143,173.77837855021153,0
GEO-010296,LWPOLYLINE,1319.9260468113985,173.77838931613496,0
GEO-010297,LWPOLYLINE,1321.1748723932665,173.99004737006288,0
GEO-010298,LWPOLYLINE,1321.32301149917,173.77838931613496,0
GEO-010299,SOLID,1138.9510648191795,45.55070800781249,0
GEO-010300,SOLID,1139.586065895772,45.55070800781249,0
GEO-010301,LINE,1893.5670697304745,297.2647364298502,0
GEO-010302,LWPOLYLINE,1762.312602767022,101.38635295813626,0
GEO-010303,LWPOLYLINE,2114.707478146027,264.5182954588977,0
GEO-010304,SOLID,2225.650360705212,36.74543151855468,0
GEO-010305,LWPOLYLINE,2753.857543531616,193.84445025126135,0
GEO-010306,LWPOLYLINE,2755.042893229153,193.84445025126135,0
GEO-010307,LWPOLYLINE,2756.2917134280606,194.0561190711127,0
GEO-010308,LWPOLYLINE,2756.439884831733,193.84445025126135,0
GEO-010309,LWPOLYLINE,2753.85755429754,184.95444594489206,0
GEO-010310,LWPOLYLINE,2755.0852140740153,184.95444594489206,0
GEO-010311,LWPOLYLINE,2756.3340504218077,185.16611476474338,0
GEO-010312,LWPOLYLINE,2756.482216442519,184.95444594489206,0
GEO-010313,LWPOLYLINE,2781.06307024509,171.70371371387895,0
GEO-010314,LWPOLYLINE,2781.020699336803,180.63695422110536,0
GEO-010315,LINE,2759.109196894128,212.8097924126519,0
GEO-010316,LWPOLYLINE,2922.471119439667,76.49643970065647,0
GEO-010317,SOLID,2934.4726586276283,44.59830059475368,0
GEO-010318,SOLID,2935.2346599195394,44.59830059475368,0
GEO-010319,SOLID,2935.2346599195394,44.59830059475368,0
GEO-010320,LWPOLYLINE,2838.8416742463664,240.876791551378,0
GEO-010321,LWPOLYLINE,2840.069344788765,240.876791551378,0
GEO-010322,LWPOLYLINE,2840.9795174843493,240.8767807854546,0
GEO-010323,LWPOLYLINE,3320.9740001577547,144.8647902594672,0
GEO-010324,LWPOLYLINE,3326.5831539053133,153.670120578342,0
GEO-010325,LWPOLYLINE,3350.543809160101,140.88546812269425,0
GEO-010326,LWPOLYLINE,3350.543830691947,142.1131386650932,0
GEO-010327,LWPOLYLINE,3350.543809160101,143.340798441569,0
GEO-010328,LWPOLYLINE,3424.3075578901244,195.9188014560276,0
GEO-010329,LWPOLYLINE,3424.3075794219712,197.1464719984266,0
GEO-010330,LWPOLYLINE,3424.3075578901244,198.37413177490237,0
GEO-010331,LWPOLYLINE,3344.109145938529,144.69549073113336,0
GEO-010332,LWPOLYLINE,3345.336827246852,144.69547996520996,0
GEO-010333,LWPOLYLINE,3346.2046629486886,144.69547458224827,0
GEO-010334,LWPOLYLINE,3433.070588895983,190.3308135138618,0
GEO-010335,LWPOLYLINE,3433.0706104278306,191.55848405626074,0
GEO-010336,LWPOLYLINE,3433.070588895983,192.78614383273657,0
GEO-010337,LWPOLYLINE,3333.96091776813,152.87463185086824,0
GEO-010338,LWPOLYLINE,3335.209743349999,152.87461031902146,0
GEO-010339,LWPOLYLINE,3336.0987448572278,152.87460493605977,0
GEO-010340,LWPOLYLINE,3333.890975102485,161.77782136603804,0
GEO-010341,LWPOLYLINE,3335.1398006843538,161.77779983419128,0
GEO-010342,LWPOLYLINE,3336.0288021915835,161.77779445122962,0
GEO-010343,SOLID,3430.8754719947906,114.91396446228025,0
GEO-010344,LWPOLYLINE,3430.854306189397,115.44311498006181,0
GEO-010345,LWPOLYLINE,3814.582227327601,144.94948577880854,0
GEO-010346,LWPOLYLINE,3820.1279051908277,153.75481609768335,0
GEO-010347,LWPOLYLINE,3827.370755607457,153.07388582531087,0
GEO-010348,LWPOLYLINE,3828.59843691578,153.07388582531087,0
GEO-010349,LWPOLYLINE,3829.508604228401,153.07389120827256,0
GEO-010350,LWPOLYLINE,3827.370755607457,161.75649572007936,0
GEO-010351,LWPOLYLINE,3828.59843691578,161.75649572007936,0
GEO-010352,LWPOLYLINE,3829.508604228401,161.75650110304105,0
GEO-010353,LINE,1260.490067672149,297.1800516764323,0
GEO-010354,LINE,4231.947238077679,247.25067102420553,0
GEO-010355,LINE,2680.557332615123,152.37895261976453,0
GEO-010356,LINE,2680.557332615123,300.84195132785374,0
GEO-010357,LINE,3657.33506410603,153.67015287611216,0
GEO-010358,LINE,1759.370415982916,0.338739013671875,0
GEO-010359,LWPOLYLINE,1190.231736651914,19.071198103162974,0
GEO-010360,LWPOLYLINE,1190.0412336374554,19.09233161078559,0
GEO-010361,LWPOLYLINE,1191.5440704158846,19.071198103162974,0
GEO-010362,LWPOLYLINE,1191.3324123619564,19.09233161078559,0
GEO-010363,LWPOLYLINE,1192.9410727843874,19.071198103162974,0
GEO-010364,LWPOLYLINE,1192.750569769929,19.09233161078559,0
GEO-010365,LWPOLYLINE,1194.380406763676,19.071198103162974,0
GEO-010366,LINE,2238.328967967545,276.6373870690155,0
GEO-010367,LINE,2270.891101019639,208.07946786897116,0
GEO-010368,LINE,2233.3569039202703,139.5215486689268,0
GEO-010369,LINE,2194.688324646643,139.5215486689268,0
GEO-010370,LINE,2193.553942472385,141.2969540075642,0
GEO-010371,LWPOLYLINE,2852.022318026725,25.041350102681932,0
GEO-010372,LWPOLYLINE,2853.4569842213023,25.04137968535973,0
GEO-010373,LWPOLYLINE,2853.4569842213023,24.80870206360954,0
GEO-010374,LWPOLYLINE,2854.8335007322275,25.041389546252333,0
GEO-010375,LWPOLYLINE,2856.306935026055,25.04137968535973,0
GEO-010376,LWPOLYLINE,2856.32631168001,24.80870206360954,0
GEO-010377,LWPOLYLINE,2857.741596290186,25.041350102681932,0
GEO-010378,LWPOLYLINE,2858.633395694994,25.04137968535973,0
GEO-010379,LWPOLYLINE,2859.641553632462,25.04137968535973,0
GEO-010380,LWPOLYLINE,2859.6415388411233,25.73931394168429,0
GEO-010381,LWPOLYLINE,2860.901711610725,25.409733328370326,0
GEO-010382,LWPOLYLINE,2860.882320165431,24.711799072045764,0
GEO-010383,LWPOLYLINE,2861.7547626380683,25.196471804146256,0
GEO-010384,LWPOLYLINE,2861.7547626380683,24.401595112687517,0
GEO-010385,LWPOLYLINE,2865.7679289859516,25.041369824467132,0
GEO-010386,LWPOLYLINE,2868.268892940757,25.04137968535973,0
GEO-010387,LWPOLYLINE,2869.08316107751,25.661767882291024,0
GEO-010388,LWPOLYLINE,2869.063764701769,24.808721785394745,0
GEO-010389,LWPOLYLINE,2869.8974242838167,25.04137968535973,0
GEO-010390,LWPOLYLINE,2869.7617186798784,25.27399814175432,0
GEO-010391,LWPOLYLINE,2870.5372039260424,24.401595112687517,0
GEO-010392,LWPOLYLINE,2864.6536272888115,25.041369824467132,0
GEO-010393,LWPOLYLINE,2863.5868814467603,25.02074224574281,0
GEO-010394,LINE,4670.919932460487,139.8571984767646,0
GEO-010395,LINE,4724.152644025872,154.28480293877152,0
GEO-010396,LINE,4756.638204076322,254.1494649555589,0
GEO-010397,LWPOLYLINE,4855.288264974814,261.3632671865623,0
GEO-010398,LWPOLYLINE,4756.638204076322,139.78666068307436,0
GEO-010399,LWPOLYLINE,4855.318204076322,139.78666068307436,0
GEO-010400,LWPOLYLINE,4953.998204076323,150.60736402957954,0
GEO-010401,LINE,4707.298204076322,246.9356627245554,0
GEO-010402,LINE,4756.638204076322,239.7218604935519,0
GEO-010403,LINE,4707.298204076322,232.5080582625485,0
GEO-010404,LINE,4756.638204076322,225.294256031545,0
GEO-010405,LINE,4707.298204076322,218.0804538005415,0
GEO-010406,LINE,4756.638204076322,210.866651569538,0
GEO-010407,LINE,4707.298204076322,203.6528493385346,0
GEO-010408,LINE,4756.638204076322,196.4390471075311,0
GEO-010409,LINE,4707.298204076322,189.2252448765276,0
GEO-010410,LINE,4756.638204076322,182.0114426455242,0
GEO-010411,LINE,4707.298204076322,174.7976404145207,0
GEO-010412,LINE,4756.638204076322,167.5838381835172,0
GEO-010413,LINE,4805.978204076322,160.3700359525138,0
GEO-010414,LINE,4756.638204076322,153.1562337215103,0
GEO-010415,LINE,4953.968264974815,145.94243149050686,0
GEO-010416,LINE,4707.298204076322,138.7286292595033,0
GEO-010417,LINE,4855.318204076322,131.5148270284999,0
GEO-010418,LINE,4707.298204076322,124.3010247974964,0
GEO-010419,LINE,4707.298204076322,117.087222566493,0
GEO-010420,LINE,4707.298204076322,109.8734203354895,0
GEO-010421,LINE,4707.298204076322,102.659618104486,0
GEO-010422,LINE,4707.298204076322,88.23201364247912,0
GEO-010423,LINE,4805.978204076322,73.8044091804722,0
GEO-010424,LINE,4756.638204076322,59.37680471846525,0
GEO-010425,LINE,4756.638204076322,44.94920025645831,0
GEO-010426,LINE,4756.638204076322,37.73539802545486,0
GEO-010427,LINE,4756.638204076322,23.30779356344793,0
GEO-010428,LINE,4724.152644025872,23.30779356344793,0
GEO-010429,LINE,4822.832644025873,139.85719847676464,0
GEO-010430,LINE,4769.599932460488,139.8571984767646,0
GEO-010431,LINE,4953.968264974815,246.9356627245554,0
GEO-010432,LINE,4904.658204076322,232.5080582625485,0
GEO-010433,LINE,4953.968264974815,218.0804538005415,0
GEO-010434,LINE,4904.658204076322,203.6528493385346,0
GEO-010435,LINE,4855.318204076322,117.087222566493,0
GEO-010436,LINE,4855.318204076322,102.659618104486,0
GEO-010437,LINE,4855.318204076322,88.23201364247912,0
GEO-010438,LINE,4868.279932460488,139.8571984767646,0
GEO-010439,LINE,4921.512644025872,139.85719847676464,0
GEO-010440,LINE,4855.28826631427,274.422555353177,0
GEO-010441,LINE,4654.369856575233,139.85719713730902,0
GEO-010442,LINE,5020.192644025872,179.53311074728356,0
GEO-010443,LINE,4966.959932460488,179.53311074728356,0
GEO-010444,LINE,4904.658204076322,160.3700359525138,0
GEO-010445,LINE,4904.658204076322,189.2252448765276,0
GEO-010446,LINE,5003.308264974816,254.1494649555589,0
GEO-010447,LINE,5003.308264974816,239.7218604935519,0
GEO-010448,LINE,5003.308264974816,232.5080582625485,0
GEO-010449,LINE,5003.308264974816,225.2942560315451,0
GEO-010450,LINE,5003.308264974816,210.8666515695382,0
GEO-010451,LINE,5003.308264974816,203.6528493385348,0
GEO-010452,LINE,5003.308264974816,196.4390471075313,0
GEO-010453,LINE,5003.308264974816,189.2252448765279,0
GEO-010454,LINE,5003.308264974816,174.7976404145207,0
GEO-010455,LINE,5003.308264974816,167.5838381835174,0
GEO-010456,LINE,5003.308264974816,160.3700359525139,0
GEO-010457,LINE,5003.308264974816,153.1562337215103,0
GEO-010458,LINE,5056.206676053307,139.85719713730904,0
GEO-010459,LWPOLYLINE,4657.958204076322,139.85719847676458,0
GEO-010460,LWPOLYLINE,4855.288264974814,270.8342078520882,0
GEO-010461,LWPOLYLINE,4854.757530325778,8.880189101440966,0
GEO-010462,LWPOLYLINE,5052.618325873307,139.85719847676458,0
GEO-010463,LINE,4904.658204076322,174.7976404145207,0
GEO-010464,LINE,5003.308264974816,138.7286292595032,0
GEO-010465,LINE,5003.308264974816,131.5148270284997,0
GEO-010466,LINE,5003.308264974816,124.3010247974963,0
GEO-010467,LINE,5003.308264974816,117.0872225664927,0
GEO-010468,LINE,5003.308264974816,102.6596181044858,0
GEO-010469,LINE,5003.308264974816,88.2320136424789,0
GEO-010470,LINE,4739.917974456158,257.3781409908086,0
GEO-010471,LINE,4739.917974456158,250.4909770876338,0
GEO-010472,LINE,4739.917974456158,243.5516752267494,0
GEO-010473,LINE,4739.917974456158,243.0479573110861,0
GEO-010474,LINE,4739.917974456158,236.2483204140438,0
GEO-010475,LINE,4739.917974456158,228.9695969492791,0
GEO-010476,LINE,4739.917974456158,221.5715491929629,0
GEO-010477,LINE,4739.917974456158,214.5314715341645,0
GEO-010478,LINE,4739.917974456158,207.2527480693997,0
GEO-010479,LINE,4743.185060844418,199.9855895009065,0
GEO-010480,LINE,4735.35417539292,199.9855895009065,0
GEO-010481,LINE,4743.185060844418,194.1168383610267,0
GEO-010482,LINE,4739.269618118671,191.75957274486598,0
GEO-010483,LINE,4736.353328662541,185.7761112578421,0
GEO-010484,LINE,4742.316827175477,185.7761112578421,0
GEO-010485,LINE,4743.185060844418,179.0615587775909,0
GEO-010486,LINE,4739.269618118671,176.70429316143014,0
GEO-010487,LINE,4743.16668169442,171.8562080245451,0
GEO-010488,LINE,4739.269618118671,169.51732155838437,0
GEO-010489,LINE,4735.35417539292,179.0615587775909,0
GEO-010490,LINE,4735.372554542921,171.8562080245451,0
GEO-010491,LINE,4739.269618118671,173.7432036921037,0
GEO-010492,LINE,4743.16668169442,160.7138083209697,0
GEO-010493,LINE,4735.372554542921,160.7138083209697,0
GEO-010494,LINE,4743.166928394419,146.3829368539916,0
GEO-010495,LINE,4735.372554542921,146.3829368539917,0
GEO-010496,LINE,4743.166928394419,131.9793355768709,0
GEO-010497,LINE,4735.372554542921,131.979335576871,0
GEO-010498,LINE,4743.166928394419,121.0232805919781,0
GEO-010499,LINE,4735.372554542921,121.0232805919782,0
GEO-010500,LINE,4743.166928394419,112.9146109779818,0
GEO-010501,LINE,4735.372554542921,112.9146109779819,0
GEO-010502,LINE,4743.166928394419,105.5816188090293,0
GEO-010503,LINE,4735.372554542921,105.5816188090294,0
GEO-010504,LINE,4743.166928394419,95.81578437449188,0
GEO-010505,LINE,4735.372554542921,95.815784374492,0
GEO-010506,LINE,4735.204159749755,41.93512944073179,0
GEO-010507,LINE,4739.137981625503,39.69416541175214,0
GEO-010508,LINE,4743.035291901253,53.38306495554802,0
GEO-010509,LINE,4735.240918049754,53.38306495554814,0
GEO-010510,LINE,4739.138104975504,65.41608207732244,0
GEO-010511,LINE,4739.138104975504,80.33732490068583,0
GEO-010512,LINE,4735.204159749755,33.6896587959987,0
GEO-010513,LINE,4739.137981625503,31.448694767019038,0
GEO-010514,LINE,4837.057729285269,229.3534504163824,0
GEO-010515,LWPOLYLINE,4837.057729285269,213.7647801906944,0
GEO-010516,LINE,4841.713272011018,213.7647801906944,0
GEO-010517,LINE,4832.402186559519,213.7647801906944,0
GEO-010518,LINE,4805.978204076322,138.7286292595033,0
GEO-010519,LINE,4987.270768458272,8.884968106204564,0
GEO-010520,LINE,5019.9445398679745,8.886557813639662,0
GEO-010521,LINE,5052.618325873307,18.983336890799038,0
GEO-010522,LINE,5052.618325873307,16.85503593812096,0
GEO-010523,LINE,5052.618333171124,24.30009732950999,0
GEO-010524,LINE,5026.983074138923,8.880189101440966,0
GEO-010525,LINE,5019.9445398679745,40.65693339895652,0
GEO-010526,LWPOLYLINE,5049.6608509023845,17.88061383364392,0
GEO-010527,LWPOLYLINE,5032.908386599436,18.865787853216986,0
GEO-010528,LINE,5033.652892993238,18.865787853216986,0
GEO-010529,LINE,5034.418124384323,18.865787853216986,0
GEO-010530,LINE,5034.035508688781,18.8897013021179,0
GEO-010531,LWPOLYLINE,5035.239153921036,18.865787853216986,0
GEO-010532,LINE,5035.105238401939,18.8897013021179,0
GEO-010533,LINE,5035.239153921036,18.27432777374074,0
GEO-010534,LWPOLYLINE,5036.312072114317,18.865787853216986,0
GEO-010535,LINE,5036.176562326651,18.8897013021179,0
GEO-010536,LINE,5036.312072114317,18.27432777374074,0
GEO-010537,LINE,5037.399338344633,18.865787853216986,0
GEO-010538,LINE,5037.400932613204,19.45724793269323,0
GEO-010539,LWPOLYLINE,5041.517241393051,18.862617275544995,0
GEO-010540,LWPOLYLINE,5042.6635160475425,18.862617285047357,0
GEO-010541,LINE,5042.529600566455,18.88334232033968,0
GEO-010542,LWPOLYLINE,4988.8431163874075,15.4894395480186,0
GEO-010543,LWPOLYLINE,4990.06589236738,15.4894395480186,0
GEO-010544,LINE,4990.277925221936,15.22160854783549,0
GEO-010545,LWPOLYLINE,4991.347655030117,15.4894395480186,0
GEO-010546,LINE,4991.331712648496,15.31726245746758,0
GEO-010547,LWPOLYLINE,4992.726670394182,15.492621775588454,0
GEO-010548,LINE,4993.531757663301,15.492621775588454,0
GEO-010549,LWPOLYLINE,4994.3910486574405,15.492621775588454,0
GEO-010550,LWPOLYLINE,4995.69353008391,15.49103842523465,0
GEO-010551,LINE,4997.966905029323,15.49103842523465,0
GEO-010552,LINE,4997.94777418658,16.08249854272035,0
GEO-010553,LINE,4998.579090172597,15.49103842523465,0
GEO-010554,LINE,4999.459106354066,15.49103842523465,0
GEO-010555,LINE,4999.441569703876,16.08249854272035,0
GEO-010556,LWPOLYLINE,5000.45708932543,15.492621775588454,0
GEO-010557,LWPOLYLINE,5001.450295876674,15.492621775588454,0
GEO-010558,LINE,5001.297249590856,15.55320257488627,0
GEO-010559,LINE,5001.450295876674,14.8995674370449,0
GEO-010560,LWPOLYLINE,5003.305984373985,15.644086283694769,0
GEO-010561,LWPOLYLINE,5003.305984373985,14.956972242323435,0
GEO-010562,LWPOLYLINE,5031.896889291334,27.724474996117806,0
GEO-010563,LWPOLYLINE,5033.081403737862,27.724474996117806,0
GEO-010564,LINE,5033.291842399867,27.437513229212065,0
GEO-010565,LWPOLYLINE,5034.363166400601,27.724474996117806,0
GEO-010566,LINE,5034.3440354818395,27.51403637212152,0
GEO-010567,LWPOLYLINE,5035.742183285042,27.72765722368766,0
GEO-010568,LINE,5036.547270554162,27.72765722368766,0
GEO-010569,LWPOLYLINE,5037.4049674317685,27.72765722368766,0
GEO-010570,LWPOLYLINE,5038.709042974771,27.726073873333846,0
GEO-010571,LWPOLYLINE,5040.982417920182,27.726073873333846,0
GEO-010572,LWPOLYLINE,5042.321572959108,27.726073873333846,0
GEO-010573,LWPOLYLINE,5043.18246675375,27.191999917489134,0
GEO-010574,LWPOLYLINE,5031.896889291334,39.11718755393764,0
GEO-010575,LWPOLYLINE,5033.0622729711395,39.11718755393764,0
GEO-010576,LINE,5032.910820877871,39.17298566155479,0
GEO-010577,LINE,5033.0622729711395,38.52572744595428,0
GEO-010578,LWPOLYLINE,5034.19098927204,39.11718755393764,0
GEO-010579,LINE,5034.937102325494,39.11718755393764,0
GEO-010580,LWPOLYLINE,5035.836249197666,39.11718755393764,0
GEO-010581,LWPOLYLINE,5037.022357950773,39.11718755393764,0
GEO-010582,LWPOLYLINE,5031.896889291334,36.23532457607352,0
GEO-010583,LWPOLYLINE,5033.081403737862,36.23532457607352,0
GEO-010584,LINE,5033.291842399867,35.94995703972802,0
GEO-010585,LWPOLYLINE,5034.363166400601,36.23532457607352,0
GEO-010586,LINE,5034.3440354818395,36.02329172151698,0
GEO-010587,LWPOLYLINE,5035.742183285042,36.23852314770891,0
GEO-010588,LWPOLYLINE,5036.947422766863,36.23852314770891,0
GEO-010589,LWPOLYLINE,5049.125185804249,20.021667528529555,0
GEO-010590,LINE,5049.335624428245,19.734705761623825,0
GEO-010591,LWPOLYLINE,5050.311294443326,20.021667528529555,0
GEO-010592,LINE,5050.177379000249,20.04079833326165,0
GEO-010593,LINE,5050.311294443326,19.428613189986,0
GEO-010594,LWPOLYLINE,5051.47667808512,20.021667528529555,0
GEO-010595,LWPOLYLINE,5031.955875898082,30.624874578064226,0
GEO-010596,LINE,5031.97500668381,30.41443595406794,0
GEO-010597,LWPOLYLINE,5033.161115341893,30.624874578064226,0
GEO-010598,LWPOLYLINE,5034.385485552424,30.624874578064226,0
GEO-010599,LWPOLYLINE,5035.608246784728,30.624874578064226,0
GEO-010600,LINE,5035.797960411442,30.337912811158517,0
GEO-010601,LWPOLYLINE,5036.851747799991,30.624874578064226,0
GEO-010602,LWPOLYLINE,5038.114379696009,30.624874578064226,0
GEO-010603,LWPOLYLINE,5039.188904472924,30.624874578064226,0
GEO-010604,LINE,5039.0549889918375,30.64400538279634,0
GEO-010605,LINE,5039.188904472924,30.03182023952069,0
GEO-010606,LWPOLYLINE,5040.319215042395,30.624874578064226,0
GEO-010607,LWPOLYLINE,5031.841091221728,12.830048511612524,0
GEO-010608,LWPOLYLINE,5033.011234179388,12.830048511612524,0
GEO-010609,LWPOLYLINE,5034.270677538265,12.830048511612524,0
GEO-010610,LINE,5034.253140964092,12.6594657181383,0
GEO-010611,LWPOLYLINE,5035.421713067008,12.830048511612524,0
GEO-010612,LWPOLYLINE,5036.414919656261,12.830048511612524,0
GEO-010613,LINE,5036.261873370442,12.8922235889824,0
GEO-010614,LINE,5036.414919656261,12.23858839412685,0
GEO-010615,LWPOLYLINE,5037.199281833074,12.983096370072644,0
GEO-010616,LWPOLYLINE,5037.199281833074,12.294388098141066,0
GEO-010617,LWPOLYLINE,4988.631083494842,27.494384451129932,0
GEO-010618,LWPOLYLINE,4989.74385749014,27.494384451129932,0
GEO-010619,LINE,4990.391098601485,27.49120929331867,0
GEO-010620,LWPOLYLINE,4991.213722368759,27.49120929331867,0
GEO-010621,LINE,4991.079806887672,27.50874586749053,0
GEO-010622,LINE,4991.213722368759,26.89974918533534,0
GEO-010623,LWPOLYLINE,4992.342438707667,27.49120929331867,0
GEO-010624,LINE,4993.608286963743,27.494388404113216,0
GEO-010625,LINE,4993.629011961026,28.08584851209655,0
GEO-010626,LINE,5030.311871644071,24.77174560629809,0
GEO-010627,LINE,5008.791320051172,29.02421740226865,0
GEO-010628,LINE,5008.791312753356,16.8548353383825,0
GEO-010629,LINE,5040.960015289323,34.85823020829225,0
GEO-010630,LINE,5047.873904240211,34.85823020829225,0
GEO-010631,LINE,5047.873904240212,8.883373457540314,0
GEO-010632,LINE,5041.465098758689,37.7575915136571,0
GEO-010633,LINE,5041.465098758689,34.85823820202559,0
GEO-010634,LINE,5041.465098758689,31.95888489039409,0
GEO-010635,LINE,5041.465098758689,29.05953157876254,0
GEO-010636,LINE,5019.944547165789,8.886557813639662,0
GEO-010637,LINE,5041.465098758689,16.8548353383825,0
GEO-010638,LINE,5041.465102407597,21.11307675997011,0
GEO-010639,LINE,5047.873904240212,18.983956049176307,0
GEO-010640,LINE,5041.465098758688,12.870696576011081,0
GEO-010641,LINE,5050.24611505676,18.98364646998766,0
GEO-010642,LINE,4987.270753862641,24.768561250198744,0
GEO-010643,LINE,4855.28826631427,5.291838921440972,0
GEO-010644,LINE,4953.998204076323,19.700892447946178,0
GEO-010645,LINE,4904.658204076322,59.37680471846525,0
GEO-010646,LINE,4904.658204076322,44.94920025645831,0
GEO-010647,LINE,4904.658204076322,37.73539802545486,0
GEO-010648,LINE,4904.658204076322,23.30779356344793,0
GEO-010649,LWPOLYLINE,4829.737869119142,149.6133684054242,0
GEO-010650,LWPOLYLINE,4829.737872838481,149.61337584410285,0
GEO-010651,LWPOLYLINE,4829.416109075759,150.40312547503464,0
GEO-010652,LWPOLYLINE,4830.132751373287,150.40312547503464,0
GEO-010653,LWPOLYLINE,4833.789006965562,149.6133684054242,0
GEO-010654,LWPOLYLINE,4833.789006965562,149.61337584410285,0
GEO-010655,LWPOLYLINE,4833.789006965562,151.6316232478889,0
GEO-010656,LWPOLYLINE,4833.745126200428,150.40312547503464,0
GEO-010657,LWPOLYLINE,4833.657375828176,150.432374359339,0
GEO-010658,LWPOLYLINE,4834.154625458046,150.40312547503464,0
GEO-010659,LWPOLYLINE,4846.381172366087,142.30085350153223,0
GEO-010660,LWPOLYLINE,4841.101525588794,143.63173352746963,0
GEO-010661,LWPOLYLINE,4841.101525588794,143.6171016466389,0
GEO-010662,LWPOLYLINE,4846.395789369561,144.67010983300634,0
GEO-010663,LWPOLYLINE,4847.434169394436,143.48548538660862,0
GEO-010664,LWPOLYLINE,4846.395789369561,144.3191120633363,0
GEO-010665,LWPOLYLINE,4846.381164927408,146.90774246577155,0
GEO-010666,CIRCLE,4850.183626507054,145.8108587574313,0
GEO-010667,LWPOLYLINE,4846.3811649274085,149.5256291911898,0
GEO-010668,LWPOLYLINE,4841.335524101907,149.35012844668512,0
GEO-010669,LWPOLYLINE,4842.096024848535,149.5256291911898,0
GEO-010670,LWPOLYLINE,4842.929647805922,149.5256291911898,0
GEO-010671,LWPOLYLINE,4843.76327820199,149.5256291911898,0
GEO-010672,LWPOLYLINE,4844.61152560153,149.5256291911898,0
GEO-010673,LWPOLYLINE,4845.357401906007,149.5256291911898,0
GEO-010674,LWPOLYLINE,4841.116142592267,146.23499581073577,0
GEO-010675,LWPOLYLINE,4841.116142592267,146.95162323090665,0
GEO-010676,LWPOLYLINE,4841.116142592267,147.7852536269736,0
GEO-010677,LWPOLYLINE,4841.116142592267,148.6188840230405,0
GEO-010678,LWPOLYLINE,4839.127136634107,142.43247720024115,0
GEO-010679,LWPOLYLINE,4839.039389981193,142.4471016423933,0
GEO-010680,LWPOLYLINE,4839.770634404839,142.43247720024115,0
GEO-010681,LWPOLYLINE,4839.78526628567,142.7981031314027,0
GEO-010682,LWPOLYLINE,4840.516518147992,142.3886038737846,0
GEO-010683,LWPOLYLINE,4839.127136634107,144.77249208608947,0
GEO-010684,LWPOLYLINE,4839.039389981193,144.7871165282417,0
GEO-010685,LWPOLYLINE,4839.799890727822,144.77248092807156,0
GEO-010686,LWPOLYLINE,4840.618904120414,144.7286113209544,0
GEO-010687,LWPOLYLINE,4849.832667171537,146.60062174189733,0
GEO-010688,LWPOLYLINE,4849.744920518624,146.6006217418973,0
GEO-010689,LWPOLYLINE,4850.5200457074025,146.60062174189733,0
GEO-010690,LWPOLYLINE,4846.395781930882,149.55487807549414,0
GEO-010691,LWPOLYLINE,4836.143638854885,149.6133758441029,0
GEO-010692,LWPOLYLINE,4836.991893693104,149.6133758441029,0
GEO-010693,LWPOLYLINE,4837.840141092644,149.6133758441029,0
GEO-010694,LWPOLYLINE,4838.7030203730155,149.423250657446,0
GEO-010695,LWPOLYLINE,4839.010148535569,148.6773743529707,0
GEO-010696,LWPOLYLINE,4839.010148535569,147.84374395690372,0
GEO-010697,LWPOLYLINE,4839.010148535569,147.0101135608368,0
GEO-010698,LWPOLYLINE,4839.010148535569,146.26423725636147,0
GEO-010699,CIRCLE,4837.057729285269,177.4859929429179,0
GEO-010700,LINE,4837.057729285269,172.76052545935815,0
GEO-010701,LWPOLYLINE,1733.9915738651296,215.06930587192437,0
GEO-010702,LWPOLYLINE,1733.9704080597367,214.2437963979118,0
GEO-010703,LWPOLYLINE,1733.9703972938137,213.41829768982257,0
GEO-010704,LWPOLYLINE,1734.732398585724,215.21745574375052,0
GEO-010705,LWPOLYLINE,1735.2404209788447,215.21745574375052,0
GEO-010706,LWPOLYLINE,1737.865066974938,214.2438071638351,0
GEO-010707,LWPOLYLINE,1739.558417533749,214.2438071638351,0
GEO-010708,LWPOLYLINE,1742.860412366106,214.2438071638351,0
GEO-010709,LWPOLYLINE,1744.1727353641531,214.2438071638351,0
GEO-010710,LWPOLYLINE,1745.8660643911167,214.2438071638351,0
GEO-010711,LWPOLYLINE,1736.3199093516469,214.0956357601622,0
GEO-010712,LWPOLYLINE,3247.525649060647,126.6191446940104,0
GEO-010713,LINE,3242.932483578232,120.1738878038194,0
GEO-010714,SOLID,3226.2954769033595,100.96513349745005,0
GEO-010715,LWPOLYLINE,3348.130805069049,136.2076421101888,0
GEO-010716,LWPOLYLINE,3365.4451444312995,112.7280710766913,0
GEO-010717,LWPOLYLINE,3365.4451444312995,110.4632330063516,0
GEO-010718,LWPOLYLINE,3365.4662994707687,111.56389795047059,0
GEO-010719,LWPOLYLINE,3363.857628282414,111.5638979504706,0
GEO-010720,LWPOLYLINE,3359.4549631229766,111.5638979504706,0
GEO-010721,LWPOLYLINE,3361.635127205822,110.9077310684854,0
GEO-010722,LWPOLYLINE,3361.635127205822,112.19889902706291,0
GEO-010723,LWPOLYLINE,3361.656303777138,111.54273214507771,0
GEO-010724,LWPOLYLINE,3357.7404682906204,111.5427429110011,0
GEO-010725,LWPOLYLINE,3356.6821295743257,110.5479069938462,0
GEO-010726,SOLID,3356.322305499686,111.5427375280396,0
GEO-010727,SOLID,3356.322305499686,111.58507452178671,0
GEO-010728,SOLID,3356.343471305079,111.56391409935574,0
GEO-010729,SOLID,3356.343471305079,111.58507452178695,0
GEO-010730,SOLID,3356.385797532903,111.56390333343235,0
GEO-010731,SOLID,3356.385797532903,111.58507452178671,0
GEO-010732,SOLID,3356.4281291436882,111.54274291100135,0
GEO-010733,SOLID,3356.4281291436882,111.58507452178695,0
GEO-010734,SOLID,3356.4704661374362,111.5427429110011,0
GEO-010735,SOLID,3356.4704661374362,111.56390871639405,0
GEO-010736,SOLID,3356.533974319538,111.56390333343231,0
GEO-010737,SOLID,3356.533974319538,111.56390333343231,0
GEO-010738,SOLID,3356.5974717357167,111.5427321450779,0
GEO-010739,SOLID,3356.5974717357167,111.56390333343231,0
GEO-010740,SOLID,3356.6609691518943,111.5427321450779,0
GEO-010741,SOLID,3356.6609691518943,111.5427321450779,0
GEO-010742,SOLID,3356.7244719510345,111.5427321450779,0
GEO-010743,SOLID,3356.7244719510345,111.5427321450779,0
GEO-010744,SOLID,3356.7879693672135,111.5427321450779,0
GEO-010745,SOLID,3356.7879693672135,111.5427321450779,0
GEO-010746,SOLID,3356.8514667833915,111.5427429110011,0
GEO-010747,SOLID,3356.8514667833915,111.56390333343231,0
GEO-010748,SOLID,3356.893798394177,111.5215771056084,0
GEO-010749,SOLID,3356.893798394177,111.5427429110011,0
GEO-010750,SOLID,3356.9573011933176,111.52157172264675,0
GEO-010751,SOLID,3356.9573011933176,111.54274291100135,0
GEO-010752,SOLID,3356.999632804103,111.5427429110014,0
GEO-010753,SOLID,3356.999632804103,111.56390333343235,0
GEO-010754,SOLID,3357.0207986094956,111.5215771056084,0
GEO-010755,SOLID,3357.0207986094956,111.56391409935574,0
GEO-010756,SOLID,3357.041964414888,111.5215771056084,0
GEO-010757,SOLID,3357.041964414888,111.5427375280396,0
GEO-010758,LWPOLYLINE,3356.703311528603,111.5638925675089,0
GEO-010759,LWPOLYLINE,3356.6821295743257,112.5587446335489,0
GEO-010760,LWPOLYLINE,3356.703311528603,115.45857301455746,0
GEO-010761,LWPOLYLINE,3355.433303992457,109.193230853167,0
GEO-010762,LWPOLYLINE,3353.8669644148877,107.92322869998245,0
GEO-010763,LWPOLYLINE,3353.2531399096124,110.9077310684854,0
GEO-010764,LWPOLYLINE,3353.2531399096124,112.19889902706291,0
GEO-010765,LWPOLYLINE,3348.2154682906203,111.58507452178675,0
GEO-010766,LWPOLYLINE,3348.1519708744418,111.5215771056082,0
GEO-010767,LWPOLYLINE,3359.3703052843684,111.563908716394,0
GEO-010768,LWPOLYLINE,3359.5608029158648,111.563908716394,0
GEO-010769,LWPOLYLINE,3356.682140340248,115.43741259212649,0
GEO-010770,LWPOLYLINE,3356.682140340248,115.22574377227511,0
GEO-010771,LWPOLYLINE,3353.231968721257,113.9769128074449,0
GEO-010772,LWPOLYLINE,3355.390972381671,111.563908716394,0
GEO-010773,LWPOLYLINE,3351.0729704438054,111.563908716394,0
GEO-010774,LWPOLYLINE,3353.3589797024997,111.47922934593771,0
GEO-010775,LWPOLYLINE,3351.9196457232106,114.992909147031,0
GEO-010776,LWPOLYLINE,3351.877314112425,114.84473236039615,0
GEO-010777,LWPOLYLINE,3352.554641416841,114.992909147031,0
GEO-010778,LWPOLYLINE,3352.4911332347397,115.81840785512006,0
GEO-010779,LWPOLYLINE,3351.919629574326,116.7708960126044,0
GEO-010780,LWPOLYLINE,3352.4911332347397,117.6175712920096,0
GEO-010781,LWPOLYLINE,3355.6026412015226,117.3212338676255,0
GEO-010782,LWPOLYLINE,3355.814293872489,117.321244633549,0
GEO-010783,LWPOLYLINE,3356.1741448619364,118.23140656320919,0
GEO-010784,LWPOLYLINE,3355.6026196696766,119.18391625254046,0
GEO-010785,LWPOLYLINE,3356.1741448619364,120.0517411884534,0
GEO-010786,LWPOLYLINE,3358.777641201523,114.1462338676256,0
GEO-010787,LWPOLYLINE,3358.5659669987094,114.56957150732819,0
GEO-010788,LWPOLYLINE,3359.0528128205146,114.7177429110011,0
GEO-010789,LWPOLYLINE,3358.438966783391,115.9030656937295,0
GEO-010790,LWPOLYLINE,3359.0739678599834,115.8819052712983,0
GEO-010791,LWPOLYLINE,3358.862299040133,116.9190674162776,0
GEO-010792,LWPOLYLINE,3367.582976903359,108.5582459254597,0
GEO-010793,LWPOLYLINE,3367.371302700546,108.98157818220079,0
GEO-010794,LWPOLYLINE,3367.858143139389,109.15091539126661,0
GEO-010795,LWPOLYLINE,3367.582976903359,110.31507236860216,0
GEO-010796,LWPOLYLINE,3367.66764012493,111.3522345135809,0
GEO-010797,LWPOLYLINE,3367.582960754474,112.5375734451945,0
GEO-010798,LWPOLYLINE,3367.582971520397,113.76525475351696,0
GEO-010799,LWPOLYLINE,3353.1068966213434,78.68435164111528,0
GEO-010800,LINE,3365.188731582445,112.07538348786875,0
GEO-010801,LINE,3365.181521711949,111.07898412255506,0
GEO-010802,LINE,3348.11532950788,129.5831569883486,0
GEO-010803,LWPOLYLINE,3367.571275375779,114.84482597037794,0
GEO-010804,LWPOLYLINE,3358.777619669676,118.12557215328385,0
GEO-010805,LWPOLYLINE,3358.7776304355993,119.35325346160624,0
GEO-010806,LWPOLYLINE,3358.765934290981,120.43282467846734,0
GEO-010807,LWPOLYLINE,1111.6914577813864,78.27437772662952,0
GEO-010808,LWPOLYLINE,1110.548458535001,78.27437772662952,0
GEO-010809,LWPOLYLINE,1115.035792298971,78.27437772662952,0
GEO-010810,CIRCLE,1105.320144857582,78.27437772662952,0
GEO-010811,LWPOLYLINE,1105.3202919759935,78.27438849255293,0
GEO-010812,LWPOLYLINE,1104.3466272471928,77.2583652381584,0
GEO-010813,LWPOLYLINE,1105.574295098111,77.25839753592858,0
GEO-010814,LWPOLYLINE,1106.4844597192525,77.25839753592858,0
GEO-010815,LWPOLYLINE,1113.8292902534458,77.42771321314754,0
GEO-010816,LWPOLYLINE,1115.056958104364,77.42772397907095,0
GEO-010817,LWPOLYLINE,1115.967128108467,77.42771321314754,0
GEO-010818,LWPOLYLINE,1109.4477935908815,78.27437772662952,0
GEO-010819,LWPOLYLINE,1108.5164577813862,78.27437772662952,0
GEO-010820,LWPOLYLINE,1114.2314593962744,79.54437987981422,0
GEO-010821,LWPOLYLINE,1115.310961226482,79.54437987981422,0
GEO-010822,LWPOLYLINE,1115.3109558435199,80.17938633936825,0
GEO-010823,LWPOLYLINE,1104.6217907917421,79.58672225652319,0
GEO-010824,LWPOLYLINE,1105.277960365208,79.58672225652319,0
GEO-010825,LWPOLYLINE,1105.3837920836525,78.31670933741512,0
GEO-010826,LWPOLYLINE,1120.623793698541,86.59288375554664,0
GEO-010827,LWPOLYLINE,1120.623793698541,71.43755343667185,0
GEO-010828,LWPOLYLINE,2912.607509617076,77.89343668619792,0
GEO-010829,LWPOLYLINE,2911.4645022962477,77.89343668619792,0
GEO-010830,LWPOLYLINE,2915.951846826142,77.89343668619792,0
GEO-010831,CIRCLE,2906.278519295444,77.89343668619792,0
GEO-010832,LWPOLYLINE,2906.23633304576,77.89344745212131,0
GEO-010833,LWPOLYLINE,2910.3638265862055,77.89343668619792,0
GEO-010834,LWPOLYLINE,2909.432509617076,77.89343668619792,0
GEO-010835,LWPOLYLINE,2915.147503157522,79.1211179945204,0
GEO-010836,LWPOLYLINE,2916.227013062171,79.1211179945204,0
GEO-010837,LWPOLYLINE,2916.2269915303245,79.75611368815105,0
GEO-010838,LWPOLYLINE,2905.495497559242,79.1634388393826,0
GEO-010839,LWPOLYLINE,2906.151659058265,79.1634388393826,0
GEO-010840,LWPOLYLINE,2906.1939906690513,77.89343668619792,0
GEO-010841,LWPOLYLINE,2918.9151564744443,84.6879401312934,0
GEO-010842,LWPOLYLINE,2918.9363007479897,71.22277221542265,0
GEO-010843,LWPOLYLINE,3348.475175114366,104.62387214933355,0
GEO-010844,LWPOLYLINE,3347.586168224175,104.20053450963084,0
GEO-010845,LWPOLYLINE,3348.475175114366,121.83684111699665,0
GEO-010846,LWPOLYLINE,3348.030677052232,121.45582970511785,0
GEO-010847,LWPOLYLINE,3347.586168224175,121.41350347729394,0
GEO-010848,LINE,3348.11532950788,87.73604208946243,0
GEO-010849,LWPOLYLINE,3365.4451444313,125.33569229527654,0
GEO-010850,LWPOLYLINE,247.55342360565405,241.96013773593165,0
GEO-010851,LWPOLYLINE,247.5745907567873,241.1134570735646,0
GEO-010852,LWPOLYLINE,247.5745921025277,240.30912955382985,0
GEO-010853,LWPOLYLINE,248.3365933944385,242.08713795125016,0
GEO-010854,LWPOLYLINE,248.84459156423156,242.08713795125016,0
GEO-010855,LWPOLYLINE,251.46925774643165,241.1134624565263,0
GEO-010856,LWPOLYLINE,253.16259215635736,241.1134624565263,0
GEO-010857,LWPOLYLINE,256.46459775463757,241.11347322244967,0
GEO-010858,LWPOLYLINE,257.776926135646,241.11346783948795,0
GEO-010859,LWPOLYLINE,259.4702605455718,241.1134624565263,0
GEO-010860,LWPOLYLINE,249.64892581266838,240.79595922674926,0
GEO-010861,LWPOLYLINE,247.45639041613515,202.22465220168846,0
GEO-010862,LWPOLYLINE,247.4775575672685,201.3779715393214,0
GEO-010863,LWPOLYLINE,247.47755891300895,200.57364401958665,0
GEO-010864,LWPOLYLINE,248.2395602049196,202.35165241700696,0
GEO-010865,LWPOLYLINE,248.74755837471264,202.35165241700696,0
GEO-010866,LWPOLYLINE,251.37222455691276,201.3779769222831,0
GEO-010867,LWPOLYLINE,253.06555896683844,201.3779769222831,0
GEO-010868,LWPOLYLINE,256.36756456511864,201.37798768820647,0
GEO-010869,LWPOLYLINE,257.6798929461272,201.37798230524476,0
GEO-010870,LWPOLYLINE,259.37322735605284,201.3779769222831,0
GEO-010871,LWPOLYLINE,249.55189262314946,201.06047369250604,0
GEO-010872,LWPOLYLINE,247.09428227689943,151.35934648792446,0
GEO-010873,LWPOLYLINE,247.1154494280328,150.5126658255574,0
GEO-010874,LWPOLYLINE,247.1154507737732,149.70833830582268,0
GEO-010875,LWPOLYLINE,247.87745206568388,151.48634670324296,0
GEO-010876,LWPOLYLINE,248.38545023547692,151.48634670324296,0
GEO-010877,LWPOLYLINE,251.01011641767704,150.5126712085191,0
GEO-010878,LWPOLYLINE,252.70345082760275,150.5126712085191,0
GEO-010879,LWPOLYLINE,256.0054564258829,150.5126819744425,0
GEO-010880,LWPOLYLINE,257.31778480689144,150.51267659148078,0
GEO-010881,LWPOLYLINE,259.0111192168172,150.5126712085191,0
GEO-010882,LWPOLYLINE,249.18978448391374,150.1951679787421,0
GEO-010883,LWPOLYLINE,247.50720768511755,91.49854282219843,0
GEO-010884,LWPOLYLINE,247.52837483625092,90.65186215983135,0
GEO-010885,LWPOLYLINE,247.52837618199135,89.84753464009665,0
GEO-010886,LWPOLYLINE,248.290377473902,91.62554303751693,0
GEO-010887,LWPOLYLINE,248.79837564369507,91.62554303751693,0
GEO-010888,LWPOLYLINE,251.42304182589524,90.65186754279307,0
GEO-010889,LWPOLYLINE,253.11637623582084,90.65186754279307,0
GEO-010890,LWPOLYLINE,256.41838183410107,90.65187830871648,0
GEO-010891,LWPOLYLINE,257.73071021510964,90.65187292575476,0
GEO-010892,LWPOLYLINE,259.4240446250353,90.65186754279307,0
GEO-010893,LWPOLYLINE,249.60270989213188,90.33436431301604,0
GEO-010894,CIRCLE,683.3758055740869,120.5058852948147,0
GEO-010895,LWPOLYLINE,682.8466943471192,121.67006918695876,0
GEO-010896,LWPOLYLINE,683.9473592912382,121.670047655112,0
GEO-010897,CIRCLE,696.3721483814327,120.5058852948147,0
GEO-010898,LWPOLYLINE,695.8430156226184,121.67006918695876,0
GEO-010899,LWPOLYLINE,696.9436913326606,121.670047655112,0
GEO-010900,LWPOLYLINE,693.1336902560683,112.864738868084,0
GEO-010901,LWPOLYLINE,683.3758556308242,116.29375006464434,0
GEO-010902,LWPOLYLINE,689.175517775803,108.75840036710744,0
GEO-010903,LWPOLYLINE,688.0960186370769,109.2664012283813,0
GEO-010904,LWPOLYLINE,689.0061859496989,109.73207047886955,0
GEO-010905,LWPOLYLINE,683.4181872416098,115.2989249134128,0
GEO-010906,LWPOLYLINE,1289.9965022582965,279.33479590249016,0
GEO-010907,LWPOLYLINE,1289.9965121037665,278.579884688168,0
GEO-010908,LWPOLYLINE,1289.9965121037665,278.01852555744904,0
GEO-010909,LWPOLYLINE,1290.132000531382,277.8249537829069,0
GEO-010910,LWPOLYLINE,1290.7514257794555,279.47029909831053,0
GEO-010911,LWPOLYLINE,1291.2159941001696,279.47029909831053,0
GEO-010912,LWPOLYLINE,1293.6162604753645,278.57985515175966,0
GEO-010913,LWPOLYLINE,1295.1648149807625,278.57985515175966,0
GEO-010914,LWPOLYLINE,1298.1845090653985,278.5798748426985,0
GEO-010915,LWPOLYLINE,1299.3846373302615,278.5798748426985,0
GEO-010916,LWPOLYLINE,1300.933191835659,278.57985515175966,0
GEO-010917,LWPOLYLINE,1290.9840274495325,278.25782157256333,0
GEO-010918,LWPOLYLINE,1303.8634890463513,264.8577194909634,0
GEO-010919,LWPOLYLINE,1303.8846656176675,264.0322315487977,0
GEO-010920,LWPOLYLINE,1303.884654851744,263.20671130886166,0
GEO-010921,LWPOLYLINE,1304.6466453777316,265.0058908946364,0
GEO-010922,LWPOLYLINE,1305.1546677708525,265.0058908946364,0
GEO-010923,LWPOLYLINE,1307.779335298793,264.0322315487977,0
GEO-010924,LWPOLYLINE,1309.47264279391,264.0322315487977,0
GEO-010925,LWPOLYLINE,1312.7746806899604,264.0322207828742,0
GEO-010926,LWPOLYLINE,1314.086971390237,264.0322207828742,0
GEO-010927,LWPOLYLINE,1315.7803111831245,264.0322315487977,0
GEO-010928,LWPOLYLINE,1305.9589899076254,263.6935571306662,0
GEO-010929,LWPOLYLINE,1102.668846892716,65.86928954736003,0
GEO-010930,LWPOLYLINE,1103.8118461391014,65.86928954736003,0
GEO-010931,LWPOLYLINE,1107.960510867902,65.86928954736003,0
GEO-010932,LWPOLYLINE,1107.854676457976,67.03346267358073,0
GEO-010933,LWPOLYLINE,1107.8335106525835,67.60495018510959,0
GEO-010934,LWPOLYLINE,1108.7436779652055,67.03346267358073,0
GEO-010935,LWPOLYLINE,1108.6166777498875,67.0546392448969,0
GEO-010936,CIRCLE,1099.303199451327,65.86928954736003,0
GEO-010937,LWPOLYLINE,1099.3456808720043,65.86930031328342,0
GEO-010938,LWPOLYLINE,1099.261014958953,67.03346267358073,0
GEO-010939,LWPOLYLINE,1099.2610095759915,67.60495018510959,0
GEO-010940,LWPOLYLINE,1099.853679041798,67.03346267358073,0
GEO-010941,LWPOLYLINE,1099.3456808720043,65.84813450789062,0
GEO-010942,LINE,1118.7462050485035,65.86928954736003,0
GEO-010943,LWPOLYLINE,1126.602153300879,65.71300047898714,0
GEO-010944,LWPOLYLINE,1127.723412070605,65.26757206322273,0
GEO-010945,LWPOLYLINE,1128.864351350032,64.81432541807726,0
GEO-010946,LWPOLYLINE,1129.985610119759,64.36889700231279,0
GEO-010947,LWPOLYLINE,1131.1068788948285,63.923464611851074,0
GEO-010948,LWPOLYLINE,1132.2281476698981,63.478032221389384,0
GEO-010949,LWPOLYLINE,1133.369076943982,63.024789550941165,0
GEO-010950,LWPOLYLINE,1162.990854410898,64.80251135058766,0
GEO-010951,LWPOLYLINE,1163.0060762392081,64.20883681888841,0
GEO-010952,LWPOLYLINE,1163.0060801104764,63.61515067338327,0
GEO-010953,LWPOLYLINE,1163.554081414709,64.9090641487572,0
GEO-010954,LWPOLYLINE,1163.9194207792216,64.9090641487572,0
GEO-010955,LWPOLYLINE,1165.807008786295,64.20884069015706,0
GEO-010956,LWPOLYLINE,1167.0248015063135,64.20884069015706,0
GEO-010957,LWPOLYLINE,1169.399511246916,64.20884069015706,0
GEO-010958,LWPOLYLINE,1170.343295572281,64.20884069015706,0
GEO-010959,LWPOLYLINE,1171.561092163568,64.20884069015706,0
GEO-010960,LWPOLYLINE,1164.4978734826113,63.96527595212358,0
GEO-010961,LWPOLYLINE,1116.82122776137,69.97541570635481,0
GEO-010962,LWPOLYLINE,1116.8347463446062,69.44817033159022,0
GEO-010963,LWPOLYLINE,1117.3214325315694,70.07004578900685,0
GEO-010964,LWPOLYLINE,1117.6458922816068,70.07004578900685,0
GEO-010965,LWPOLYLINE,1119.322268802833,69.44817376968362,0
GEO-010966,LWPOLYLINE,1120.4037967188347,69.44817376968362,0
GEO-010967,LWPOLYLINE,1122.512788532173,69.44817376968362,0
GEO-010968,LWPOLYLINE,1123.3509681975524,69.44817376968362,0
GEO-010969,LWPOLYLINE,1124.4324995516465,69.44817376968362,0
GEO-010970,LWPOLYLINE,1118.1596190731354,69.23186268553395,0
GEO-010971,LWPOLYLINE,1116.82122776137,94.35941398380706,0
GEO-010972,LWPOLYLINE,1116.8347463446062,93.83216860904248,0
GEO-010973,LWPOLYLINE,1117.3214325315694,94.45404406645912,0
GEO-010974,LWPOLYLINE,1117.6458922816068,94.45404406645912,0
GEO-010975,LWPOLYLINE,1119.322268802833,93.83217204713588,0
GEO-010976,LWPOLYLINE,1120.4037967188347,93.83217204713588,0
GEO-010977,LWPOLYLINE,1122.512788532173,93.83217204713588,0
GEO-010978,LWPOLYLINE,1123.3509681975524,93.83217204713588,0
GEO-010979,LWPOLYLINE,1124.4324995516465,93.83217204713588,0
GEO-010980,LWPOLYLINE,1118.1596190731354,93.61586096298622,0
GEO-010981,LWPOLYLINE,1718.771303131245,224.95764560002704,0
GEO-010982,LWPOLYLINE,1718.771312976715,224.2027343857048,0
GEO-010983,LWPOLYLINE,1718.771312976715,223.6413752549858,0
GEO-010984,LWPOLYLINE,1718.906801404331,223.44780348044375,0
GEO-010985,LWPOLYLINE,1719.5262266524041,225.0931487958473,0
GEO-010986,LWPOLYLINE,1719.9907949731173,225.0931487958473,0
GEO-010987,LWPOLYLINE,1722.3910613483124,224.20270484929654,0
GEO-010988,LWPOLYLINE,1723.9396158537106,224.20270484929654,0
GEO-010989,LWPOLYLINE,1726.9593099383465,224.20272454023535,0
GEO-010990,LWPOLYLINE,1728.1594382032094,224.20272454023535,0
GEO-010991,LWPOLYLINE,1729.707992708607,224.20270484929654,0
GEO-010992,LWPOLYLINE,1719.7588283224804,223.8806712701002,0
GEO-010993,LWPOLYLINE,2142.2226828392168,215.87743683010666,0
GEO-010994,LWPOLYLINE,2142.2015224167853,215.0519273560941,0
GEO-010995,LWPOLYLINE,2142.201517033824,214.22643941392823,0
GEO-010996,LWPOLYLINE,2142.9635075598117,216.0256082337796,0
GEO-010997,LWPOLYLINE,2143.471529952932,216.0256082337796,0
GEO-010998,LWPOLYLINE,2146.0961813319873,215.05193812201745,0
GEO-010999,LWPOLYLINE,2147.7895318907986,215.05193812201745,0
GEO-011000,LWPOLYLINE,2151.0915105742697,215.05193812201745,0
GEO-011001,LWPOLYLINE,2152.446186714949,215.05193812201745,0
GEO-011002,LWPOLYLINE,2154.1395318907985,215.05193812201745,0
GEO-011003,LWPOLYLINE,2144.3181783175287,214.69209789849316,0
GEO-011004,LWPOLYLINE,2255.5601915642146,97.93825645446776,0
GEO-011005,LWPOLYLINE,2255.560194255695,97.11275236341686,0
GEO-011006,LWPOLYLINE,2255.560196947176,96.28726980421277,0
GEO-011007,LWPOLYLINE,2256.343366735961,98.08643324110244,0
GEO-011008,LWPOLYLINE,2256.851356831311,98.08643324110244,0
GEO-011009,LWPOLYLINE,2259.4760270507322,97.11275774637856,0
GEO-011010,LWPOLYLINE,2261.16936684362,97.11275774637856,0
GEO-011011,LWPOLYLINE,2264.471356293015,97.11276851230197,0
GEO-011012,LWPOLYLINE,2265.783695439947,97.11276312934027,0
GEO-011013,LWPOLYLINE,2267.4770244669107,97.11275774637856,0
GEO-011014,LWPOLYLINE,2257.6557004999313,96.77408332824707,0
GEO-011015,LWPOLYLINE,2205.9076637275402,61.45484641024592,0
GEO-011016,LWPOLYLINE,2205.9076656368184,60.8692516398568,0
GEO-011017,LWPOLYLINE,2205.907667546097,60.2836721436947,0
GEO-011018,LWPOLYLINE,2206.4632312769263,61.5599598219019,0
GEO-011019,LWPOLYLINE,2206.823588477419,61.5599598219019,0
GEO-011020,LWPOLYLINE,2208.6854728352946,60.869255458413555,0
GEO-011021,LWPOLYLINE,2209.8866915063536,60.869255458413555,0
GEO-011022,LWPOLYLINE,2212.2290514951264,60.86926309552707,0
GEO-011023,LWPOLYLINE,2213.159996537982,60.86925927697031,0
GEO-011024,LWPOLYLINE,2214.3612075719275,60.869255458413555,0
GEO-011025,LWPOLYLINE,2207.3941725012246,60.629007141933506,0
GEO-011026,LWPOLYLINE,2221.5232713336304,47.549602380288945,0
GEO-011027,LWPOLYLINE,2221.523273242909,46.96400760989983,0
GEO-011028,LWPOLYLINE,2221.5232751521876,46.378428113737726,0
GEO-011029,LWPOLYLINE,2222.0788388830165,47.654715791944916,0
GEO-011030,LWPOLYLINE,2222.439196083509,47.654715791944916,0
GEO-011031,LWPOLYLINE,2224.3010804413843,46.96401142845658,0
GEO-011032,LWPOLYLINE,2225.5022991124442,46.96401142845658,0
GEO-011033,LWPOLYLINE,2227.844659101216,46.964019065570085,0
GEO-011034,LWPOLYLINE,2228.7756041440716,46.96401524701333,0
GEO-011035,LWPOLYLINE,2229.9768151780186,46.96401142845658,0
GEO-011036,LWPOLYLINE,2223.0097801073143,46.723763111976524,0
GEO-011037,LWPOLYLINE,2199.2195238686645,226.02434232036256,0
GEO-011038,LWPOLYLINE,2199.1983634462335,225.1988328463499,0
GEO-011039,LWPOLYLINE,2199.1983580632723,224.37334490418414,0
GEO-011040,LWPOLYLINE,2199.960348589259,226.1725137240355,0
GEO-011041,LWPOLYLINE,2200.4683709823803,226.1725137240355,0
GEO-011042,LWPOLYLINE,2203.0930223614355,225.19884361227335,0
GEO-011043,LWPOLYLINE,2204.7863729202463,225.19884361227335,0
GEO-011044,LWPOLYLINE,2208.088351603718,225.19884361227335,0
GEO-011045,LWPOLYLINE,2209.4430277443967,225.19884361227335,0
GEO-011046,LWPOLYLINE,2211.136372920246,225.19884361227335,0
GEO-011047,LWPOLYLINE,2201.3150193469764,224.83900338874906,0
GEO-011048,LWPOLYLINE,2811.8656984929125,236.51944278502094,0
GEO-011049,LWPOLYLINE,2811.8656950986287,235.9855694799773,0
GEO-011050,LWPOLYLINE,2811.8656950986287,235.59851252182006,0
GEO-011051,LWPOLYLINE,2811.959126151581,235.4650492869847,0
GEO-011052,LWPOLYLINE,2812.3862254744727,236.5995207259221,0
GEO-011053,LWPOLYLINE,2812.7065508152127,236.5995207259221,0
GEO-011054,LWPOLYLINE,2814.3615526299936,235.98557626854475,0
GEO-011055,LWPOLYLINE,2815.4293128172158,235.98557626854475,0
GEO-011056,LWPOLYLINE,2817.511417349171,235.98557626854475,0
GEO-011057,LWPOLYLINE,2818.3389233479884,235.98557626854475,0
GEO-011058,LWPOLYLINE,2819.406666563791,235.98557626854475,0
GEO-011059,LINE,2813.2086505685934,235.9222380902741,0
GEO-011060,LWPOLYLINE,2815.60926776995,230.14738122767145,0
GEO-011061,LWPOLYLINE,2815.588099273077,229.3007274801129,0
GEO-011062,LWPOLYLINE,2815.588096581596,228.4751964742535,0
GEO-011063,LWPOLYLINE,2816.350103256469,230.27438682595164,0
GEO-011064,LWPOLYLINE,2816.858104117743,230.27438682595164,0
GEO-011065,LWPOLYLINE,2819.4827608797596,229.3006951823427,0
GEO-011066,LWPOLYLINE,2821.176100672647,229.3006951823427,0
GEO-011067,LWPOLYLINE,2824.478100887966,229.30071671418955,0
GEO-011068,LWPOLYLINE,2825.790431960455,229.30071671418955,0
GEO-011069,LWPOLYLINE,2827.4837636789,229.3006951823427,0
GEO-011070,LWPOLYLINE,2817.6836028258313,228.9832081014508,0
GEO-011071,LWPOLYLINE,2905.864594617213,64.3631499350773,0
GEO-011072,LWPOLYLINE,2907.0075938635982,64.3631499350773,0
GEO-011073,LWPOLYLINE,2911.1562585923984,64.3631499350773,0
GEO-011074,LWPOLYLINE,2911.050424182473,65.527323061298,0
GEO-011075,LWPOLYLINE,2911.0292583770806,66.09881057282686,0
GEO-011076,LWPOLYLINE,2911.9394256897026,65.527323061298,0
GEO-011077,LWPOLYLINE,2911.8124254743843,65.5484996326142,0
GEO-011078,CIRCLE,2902.498947175823,64.3631499350773,0
GEO-011079,LWPOLYLINE,2902.5414285965016,64.3631607010007,0
GEO-011080,LWPOLYLINE,2902.45676268345,65.527323061298,0
GEO-011081,LWPOLYLINE,2902.456757300488,66.09881057282686,0
GEO-011082,LWPOLYLINE,2903.049426766294,65.527323061298,0
GEO-011083,LWPOLYLINE,2902.5414285965016,64.34199489560791,0
GEO-011084,LINE,2918.210688693055,64.3631499350773,0
GEO-011085,LWPOLYLINE,2922.335372865485,64.20686086670442,0
GEO-011086,LWPOLYLINE,2923.456631635212,63.761432450940006,0
GEO-011087,LWPOLYLINE,2924.5975709146387,63.30818580579454,0
GEO-011088,LWPOLYLINE,2925.718829684365,62.86275739003007,0
GEO-011089,LWPOLYLINE,2926.840098459435,62.41732499956835,0
GEO-011090,LWPOLYLINE,2927.961367234505,61.97189260910667,0
GEO-011091,LWPOLYLINE,2929.1022965085886,61.51864993865844,0
GEO-011092,LWPOLYLINE,2901.271404911471,63.30482736766736,0
GEO-011093,LWPOLYLINE,2902.456722311237,63.30482736766736,0
GEO-011094,LWPOLYLINE,2903.6843820877125,63.30483813359076,0
GEO-011095,LWPOLYLINE,2910.24606974793,63.320731158268075,0
GEO-011096,LWPOLYLINE,2911.4313871476966,63.320731158268075,0
GEO-011097,LWPOLYLINE,2912.659046924173,63.320741924191466,0
GEO-011098,LWPOLYLINE,2859.184125529315,255.03729671902124,0
GEO-011099,LINE,2863.7660636974633,223.2661093817817,0
GEO-011100,LINE,2859.184125529315,233.7224316695707,0
GEO-011101,LINE,2884.561670900781,256.1167743259006,0
GEO-011102,LINE,2874.5149851973756,246.5071111043294,0
GEO-011103,LWPOLYLINE,2911.231673053966,256.1167958577474,0
GEO-011104,LINE,2928.313161642087,256.1167958577474,0
GEO-011105,LWPOLYLINE,2874.867339074677,256.1167958577474,0
GEO-011106,LWPOLYLINE,2859.1841255293148,245.8932487897166,0
GEO-011107,SOLID,2859.5439657528395,246.8880793239098,0
GEO-011108,SOLID,2859.3322969329884,246.04141481042757,0
GEO-011109,LWPOLYLINE,2861.5336375871493,243.16031068585522,0
GEO-011110,LWPOLYLINE,2861.5336375871493,244.2821629672142,0
GEO-011111,LWPOLYLINE,2861.8087930572556,244.45148402739466,0
GEO-011112,LWPOLYLINE,2861.5336375871493,245.382822528371,0
GEO-011113,LWPOLYLINE,2861.575969197935,246.46231090117365,0
GEO-011114,LINE,2859.184125529315,251.86226973991046,0
GEO-011115,LINE,586.7060452185799,203.1611024727882,0
GEO-011116,LINE,611.4266369071464,203.1611024727882,0
GEO-011117,LINE,646.1781393543206,203.1611024727882,0
GEO-011118,LINE,738.0528067330439,203.1611024727882,0
GEO-011119,LINE,751.7899634950611,203.1611024727882,0
GEO-011120,LWPOLYLINE,1664.1416194690405,200.0250645955404,0
GEO-011121,LWPOLYLINE,1665.326942251769,200.0250645955404,0
GEO-011122,LWPOLYLINE,1667.8246149473525,200.0250645955404,0
GEO-011123,LWPOLYLINE,1670.2376028895187,200.0250645955404,0
GEO-011124,LWPOLYLINE,1672.671778168924,200.0250645955404,0
GEO-011125,LWPOLYLINE,1675.1059426824054,200.0250645955404,0
GEO-011126,LWPOLYLINE,1661.2629568934244,200.0250645955404,0
GEO-011127,LWPOLYLINE,1662.448279676153,200.0250645955404,0
GEO-011128,CIRCLE,659.3227454655795,225.5457915325756,0
GEO-011129,CIRCLE,659.3227453990768,212.041445504039,0
GEO-011130,CIRCLE,674.9014134241571,225.5457915325756,0
GEO-011131,CIRCLE,674.9014133576544,212.041445504039,0
GEO-011132,LWPOLYLINE,658.0527933691321,227.3238053129575,0
GEO-011133,LWPOLYLINE,658.0527933691322,226.6041356318323,0
GEO-011134,LWPOLYLINE,659.2592873402151,227.3238053129575,0
GEO-011135,LWPOLYLINE,659.2381215348222,226.6041356318323,0
GEO-011136,LWPOLYLINE,659.2592873402151,225.8844659507071,0
GEO-011137,LWPOLYLINE,660.4446155059052,226.6041463977557,0
GEO-011138,LWPOLYLINE,674.224120027593,227.3238053129575,0
GEO-011139,LWPOLYLINE,674.2241254105546,226.6041356318323,0
GEO-011140,LWPOLYLINE,675.4094535762447,226.6041356318323,0
GEO-011141,LWPOLYLINE,675.8962940150876,226.9639650894332,0
GEO-011142,LWPOLYLINE,658.66662325737,213.6501352011954,0
GEO-011143,LWPOLYLINE,658.6454574519772,212.93046552007016,0
GEO-011144,LWPOLYLINE,660.084791431266,212.93046552007016,0
GEO-011145,LWPOLYLINE,659.8519621889835,212.9304762859935,0
GEO-011146,LWPOLYLINE,660.0847968142277,212.2108173707917,0
GEO-011147,LWPOLYLINE,673.1234604664357,212.93047628599356,0
GEO-011148,LWPOLYLINE,673.5891297169239,212.9304762859935,0
GEO-011149,LWPOLYLINE,674.0547989674122,212.93047628599356,0
GEO-011150,LWPOLYLINE,675.0284583132511,213.6501352011954,0
GEO-011151,LWPOLYLINE,675.028458313251,212.93047628599356,0
GEO-011152,LWPOLYLINE,676.4466264871469,212.93046552007016,0
GEO-011153,LWPOLYLINE,676.5736213195037,212.5706360624692,0
GEO-011154,LWPOLYLINE,659.3016297169241,225.56695733796835,0
GEO-011155,LWPOLYLINE,659.3227955223168,222.2226093629792,0
GEO-011156,LWPOLYLINE,659.3227955223168,221.18545260096204,0
GEO-011157,LWPOLYLINE,659.3227955223168,220.2329482945927,0
GEO-011158,LWPOLYLINE,659.3227955223168,219.25927818283054,0
GEO-011159,LWPOLYLINE,659.3227955223168,218.32793968185393,0
GEO-011160,LWPOLYLINE,659.3227955223168,217.35428033601525,0
GEO-011161,LWPOLYLINE,659.3227955223168,216.38062099017645,0
GEO-011162,LWPOLYLINE,659.3227955223168,215.3646192676287,0
GEO-011163,LWPOLYLINE,674.9014634808942,222.2226093629792,0
GEO-011164,LWPOLYLINE,674.9014634808942,221.18545260096204,0
GEO-011165,LWPOLYLINE,674.9014634808942,220.2329482945927,0
GEO-011166,LWPOLYLINE,674.9014634808942,219.25927818283054,0
GEO-011167,LWPOLYLINE,674.9014634808942,218.32793968185393,0
GEO-011168,LWPOLYLINE,674.9014634808942,217.35428033601525,0
GEO-011169,LWPOLYLINE,674.9014634808942,216.38062099017645,0
GEO-011170,LWPOLYLINE,674.9014634808942,215.3646192676287,0
GEO-011171,LWPOLYLINE,662.4342927231767,225.5457915325756,0
GEO-011172,LWPOLYLINE,663.2809626196204,225.5457915325756,0
GEO-011173,LWPOLYLINE,664.2122957376353,225.5457915325756,0
GEO-011174,LWPOLYLINE,665.1859604664357,225.5457915325756,0
GEO-011175,LWPOLYLINE,666.159630578198,225.5457915325756,0
GEO-011176,LWPOLYLINE,667.0909636962127,225.5457915325756,0
GEO-011177,LWPOLYLINE,668.0646284250132,225.5457915325756,0
GEO-011178,LWPOLYLINE,669.0171273484209,225.5457915325756,0
GEO-011179,LWPOLYLINE,669.9696262718285,225.5457915325756,0
GEO-011180,LWPOLYLINE,670.9432963835907,225.5457915325756,0
GEO-011181,LWPOLYLINE,671.7476292862871,225.5457915325756,0
GEO-011182,LWPOLYLINE,659.3227955223168,206.1174851480206,0
GEO-011183,LWPOLYLINE,674.9014634808942,206.47460419533598,0
GEO-011184,LWPOLYLINE,659.3227955223169,225.5457915325756,0
GEO-011185,LINE,663.8360199727706,96.8841573840838,0
GEO-011186,LINE,744.5900643013257,67.6635680218334,0
GEO-011187,LINE,819.0152744352738,126.1047467463342,0
GEO-011188,LWPOLYLINE,857.8772649612612,126.1470675911964,0
GEO-011189,LWPOLYLINE,851.5484522985008,126.14706759119645,0
GEO-011190,LWPOLYLINE,851.5272972590312,126.8244056615361,0
GEO-011191,LWPOLYLINE,852.7549462695836,126.14706759119645,0
GEO-011192,SOLID,845.6429342117494,126.5069078147207,0
GEO-011193,SOLID,845.6429342117494,125.7449065228099,0
GEO-011194,LWPOLYLINE,854.3424462695837,126.14707835711985,0
GEO-011195,LWPOLYLINE,855.189143080836,126.14707835711985,0
GEO-011196,LWPOLYLINE,854.7657946752098,126.1894099679054,0
GEO-011197,LWPOLYLINE,856.0569411019403,126.14707835711985,0
GEO-011198,LWPOLYLINE,855.9087696982674,126.1894099679054,0
GEO-011199,LWPOLYLINE,856.0569411019403,125.5120826634892,0
GEO-011200,LWPOLYLINE,857.1152959671206,126.0623936037019,0
GEO-011201,LWPOLYLINE,858.32177917228,126.1470891230432,0
GEO-011202,LWPOLYLINE,859.5494281828323,126.14707835711985,0
GEO-011203,LWPOLYLINE,860.7347778803692,126.14707835711985,0
GEO-011204,SOLID,1089.6538975603876,261.299237373981,0
GEO-011205,SOLID,1089.6538975603876,260.5584018874629,0
GEO-011206,SOLID,1089.6538975603876,261.299237373981,0
GEO-011207,SOLID,1089.6538975603876,260.5584018874629,0
GEO-011208,LWPOLYLINE,1088.997729332662,260.93939715045667,0
GEO-011209,LWPOLYLINE,1129.4583666867325,262.3601191266274,0
GEO-011210,LWPOLYLINE,1079.197567133853,260.6007334982486,0
GEO-011211,LWPOLYLINE,1069.5244011131415,261.0240711379513,0
GEO-011212,LWPOLYLINE,1069.312734984771,261.0029053325584,0
GEO-011213,LWPOLYLINE,1070.815567725979,261.0240711379513,0
GEO-011214,LWPOLYLINE,1070.921402135905,260.6854074857431,0
GEO-011215,LWPOLYLINE,1072.1279008170786,261.0240711379513,0
GEO-011216,LWPOLYLINE,1073.419066757046,261.0240711379513,0
GEO-011217,LWPOLYLINE,1080.7073875060246,261.0240711379513,0
GEO-011218,LWPOLYLINE,1082.019722615735,261.0240711379513,0
GEO-011219,LWPOLYLINE,1081.7868893362315,261.0029053325584,0
GEO-011220,LWPOLYLINE,1083.3108905743125,261.02406037202786,0
GEO-011221,SOLID,1176.4795665417275,261.299237373981,0
GEO-011222,SOLID,1176.4795665417275,260.5372360820701,0
GEO-011223,LWPOLYLINE,1206.2398947074175,260.8970763055944,0
GEO-011224,SOLID,1207.2347252416105,260.5372360820701,0
GEO-011225,SOLID,1206.3880607281285,260.74890490192143,0
GEO-011226,LWPOLYLINE,1204.5253944920992,258.54756424776025,0
GEO-011227,LWPOLYLINE,1205.6472467734575,258.54756424776025,0
GEO-011228,LWPOLYLINE,1205.8165678336386,258.27240877765394,0
GEO-011229,LWPOLYLINE,1206.7479063346145,258.54756424776025,0
GEO-011230,LWPOLYLINE,1207.8273947074176,258.5052326369746,0
GEO-011231,LWPOLYLINE,1092.97706761832,263.5429096389278,0
GEO-011232,LWPOLYLINE,1093.7994387697936,265.39867178108284,0
GEO-011233,LWPOLYLINE,1094.3074369395865,265.39867178108284,0
GEO-011234,LWPOLYLINE,1096.8717292250021,263.56406467839713,0
GEO-011235,LWPOLYLINE,1098.56506901789,263.56406467839713,0
GEO-011236,LWPOLYLINE,1101.867069233208,263.56405391247375,0
GEO-011237,LWPOLYLINE,1103.1794003056975,263.56406467839713,0
GEO-011238,LWPOLYLINE,1104.8727320241426,263.56406467839713,0
GEO-011239,LWPOLYLINE,1095.0513999827194,263.22540102618905,0
GEO-011240,LINE,1213.986891692959,260.8970763055944,0
GEO-011241,LINE,1220.019393846144,259.2727209932457,0
GEO-011242,SOLID,1220.069861277959,250.4440585666233,0
GEO-011243,LWPOLYLINE,1076.0770910932165,260.99851922848666,0
GEO-011244,LWPOLYLINE,1077.412026470171,260.9985281624814,0
GEO-011245,LWPOLYLINE,1262.7750881853121,272.5208979288737,0
GEO-011246,LWPOLYLINE,1260.510255497934,272.5208979288737,0
GEO-011247,LWPOLYLINE,1261.6109204420532,272.54206373426655,0
GEO-011248,LWPOLYLINE,1259.0709215186455,270.42540245056153,0
GEO-011249,LWPOLYLINE,1259.0709242101266,270.1290596432156,0
GEO-011250,LWPOLYLINE,1260.3832552826154,270.4253970675999,0
GEO-011251,LWPOLYLINE,1261.3992516222015,270.3407338460287,0
GEO-011252,LWPOLYLINE,1269.157327901816,272.5420637342665,0
GEO-011253,LWPOLYLINE,1193.6891616640946,260.88098580698124,0
GEO-011254,LWPOLYLINE,1191.4243289767169,260.88098580698124,0
GEO-011255,LWPOLYLINE,1192.5249939208356,260.85983076751177,0
GEO-011256,LWPOLYLINE,1189.9849949974282,258.74315871788343,0
GEO-011257,LWPOLYLINE,1189.984997688909,258.44682667646094,0
GEO-011258,LWPOLYLINE,1191.2973287613986,258.74315871788343,0
GEO-011259,LWPOLYLINE,1192.3133251009845,258.658500879274,0
GEO-011260,LWPOLYLINE,1199.4141984051776,260.8778048639751,0
GEO-011261,LWPOLYLINE,1220.019393846144,224.1096814682425,0
GEO-011262,SOLID,1224.9193808290424,249.79902723500595,0
GEO-011263,SOLID,1224.9193808290424,249.0370259430951,0
GEO-011264,LWPOLYLINE,1140.961880927036,152.83120343808244,0
GEO-011265,LWPOLYLINE,1141.1735497468867,149.91020386871935,0
GEO-011266,LWPOLYLINE,1140.5597090927256,149.91020386871935,0
GEO-011267,LWPOLYLINE,1140.8560411341482,149.698535048868,0
GEO-011268,LWPOLYLINE,1140.8560411341482,151.3283666596536,0
GEO-011269,LWPOLYLINE,1139.2897284713881,151.92103074249866,0
GEO-011270,LWPOLYLINE,1139.2897284713881,154.1435372020527,0
GEO-011271,LWPOLYLINE,1139.289739237311,153.0428614920104,0
GEO-011272,LWPOLYLINE,1139.2897284713881,139.6242779876358,0
GEO-011273,SOLID,1139.649568694912,138.62944745344254,0
GEO-011274,SOLID,1139.437899875061,139.47611196692455,0
GEO-011275,LWPOLYLINE,1141.6392405292227,137.9097777723172,0
GEO-011276,LWPOLYLINE,1141.6392405292227,139.0316300536758,0
GEO-011277,LWPOLYLINE,1141.914395999329,139.20095111385638,0
GEO-011278,LWPOLYLINE,1141.6392405292227,140.13228961483284,0
GEO-011279,LWPOLYLINE,1141.681572140008,141.2117779876356,0
GEO-011280,LWPOLYLINE,1139.289728471388,146.3229976030501,0
GEO-011281,LWPOLYLINE,1139.289728471388,123.58608537443311,0
GEO-011282,LINE,1148.627091297011,98.83305962359083,0
GEO-011283,LINE,1153.0206609146248,100.4874343792155,0
GEO-011284,CIRCLE,1157.414191260047,112.2984490208713,0
GEO-011285,LWPOLYLINE,1156.8215556834705,113.44144557577584,0
GEO-011286,LWPOLYLINE,1157.964563004298,113.44144557577584,0
GEO-011287,LWPOLYLINE,1157.9433971989056,113.9494464370497,0
GEO-011288,LWPOLYLINE,1157.456562143024,108.02277331082905,0
GEO-011289,LWPOLYLINE,1157.414230532239,101.90560793607315,0
GEO-011290,LWPOLYLINE,1159.107559559203,104.80545246596685,0
GEO-011291,LWPOLYLINE,1159.3192283790536,101.88445289660376,0
GEO-011292,LWPOLYLINE,1158.7053877248925,101.88445289660376,0
GEO-011293,LWPOLYLINE,1159.001719766315,101.6727840767524,0
GEO-011294,LWPOLYLINE,1159.001719766315,103.30261568753801,0
GEO-011295,LWPOLYLINE,1157.435407103555,103.89527977038306,0
GEO-011296,LWPOLYLINE,1157.435407103555,106.11778622993711,0
GEO-011297,LWPOLYLINE,1157.4354178694784,105.0171105198948,0
GEO-011298,LWPOLYLINE,1157.414252064085,117.90761353435329,0
GEO-011299,LWPOLYLINE,1157.414252064085,116.74345117405605,0
GEO-011300,LWPOLYLINE,1157.414252064085,115.5792888137587,0
GEO-011301,CIRCLE,1157.371837982984,121.2307849380263,0
GEO-011302,LWPOLYLINE,1157.3930754927692,121.20961913263345,0
GEO-011303,LWPOLYLINE,1157.3930754927692,121.2307849380263,0
GEO-011304,LWPOLYLINE,1156.9485612817507,122.50078709121101,0
GEO-011305,LWPOLYLINE,1157.964563004298,123.0934619399794,0
GEO-011306,LWPOLYLINE,1157.964563004298,122.50078709121101,0
GEO-011307,LWPOLYLINE,1157.964563004298,121.9081122424426,0
GEO-011308,LWPOLYLINE,1156.3135590821971,120.3840988926975,0
GEO-011309,LWPOLYLINE,1157.49889801381,120.3841311904677,0
GEO-011310,LWPOLYLINE,1158.7265685562088,120.3840988926975,0
GEO-011311,LWPOLYLINE,1156.355912359259,111.45176297554255,0
GEO-011312,LWPOLYLINE,1157.5412512908729,111.45179527331274,0
GEO-011313,LWPOLYLINE,1158.768921833272,111.45176297554255,0
GEO-011314,LWPOLYLINE,1179.813664575821,65.74368971004506,0
GEO-011315,LWPOLYLINE,1204.750719944434,65.74370456271701,0
GEO-011316,LWPOLYLINE,1179.8230918987974,79.20881072156308,0
GEO-011317,LWPOLYLINE,1179.8230972817591,79.20882148748649,0
GEO-011318,LWPOLYLINE,1179.357411882386,80.35181804239099,0
GEO-011319,LWPOLYLINE,1180.3946009421734,80.35181804239099,0
GEO-011320,LWPOLYLINE,1185.6862622258782,79.20881072156308,0
GEO-011321,LWPOLYLINE,1185.6862622258782,79.20882148748649,0
GEO-011322,LWPOLYLINE,1185.6862622258782,82.12981029092614,0
GEO-011323,LWPOLYLINE,1185.6227540437767,80.3518072764676,0
GEO-011324,LWPOLYLINE,1185.495753828458,80.39414965317658,0
GEO-011325,LWPOLYLINE,1186.215418126622,80.3518072764676,0
GEO-011326,LWPOLYLINE,1201.3707915091895,65.786046939426,0
GEO-011327,LWPOLYLINE,1193.729612784689,67.71221059163412,0
GEO-011328,LWPOLYLINE,1193.729612784689,67.69106631808812,0
GEO-011329,LWPOLYLINE,1201.3919465486595,69.21504737006293,0
GEO-011330,LWPOLYLINE,1202.8947833270881,67.50054177178276,0
GEO-011331,LWPOLYLINE,1201.3919465486595,68.70704650878906,0
GEO-011332,LWPOLYLINE,1201.370780743266,72.45355555216472,0
GEO-011333,CIRCLE,1206.874044525392,70.82371317545574,0
GEO-011334,LWPOLYLINE,1201.3707807432666,76.24239620632596,0
GEO-011335,LWPOLYLINE,1194.0682764368971,75.98838500976564,0
GEO-011336,LWPOLYLINE,1195.1689413810159,76.24239620632596,0
GEO-011337,LWPOLYLINE,1196.3754353520985,76.24239620632596,0
GEO-011338,LWPOLYLINE,1197.5819400891055,76.24239620632596,0
GEO-011339,LWPOLYLINE,1198.8095998655804,76.24239620632596,0
GEO-011340,LWPOLYLINE,1199.889099004307,76.24239620632596,0
GEO-011341,LWPOLYLINE,1193.750767824158,71.47989620632596,0
GEO-011342,LWPOLYLINE,1193.750767824158,72.5170637342665,0
GEO-011343,LWPOLYLINE,1193.750767824158,73.7235577053494,0
GEO-011344,LWPOLYLINE,1193.750767824158,74.93006244235568,0
GEO-011345,LWPOLYLINE,1190.872099865581,65.97657148573134,0
GEO-011346,LWPOLYLINE,1190.745105033224,65.99771575927736,0
GEO-011347,LWPOLYLINE,1191.803427600634,65.97654995388456,0
GEO-011348,LWPOLYLINE,1191.8246041719499,66.50571662055123,0
GEO-011349,LWPOLYLINE,1192.8829375052835,65.91305253770616,0
GEO-011350,LWPOLYLINE,1190.872099865581,69.3632295396593,0
GEO-011351,LWPOLYLINE,1190.745105033224,69.3843738132053,0
GEO-011352,LWPOLYLINE,1191.845769977343,69.36320800781252,0
GEO-011353,LWPOLYLINE,1193.0311196748794,69.29973212348091,0
GEO-011354,LWPOLYLINE,1206.3661046025875,72.00904134114583,0
GEO-011355,LWPOLYLINE,1206.2391097702307,72.00906287299263,0
GEO-011356,LWPOLYLINE,1207.3609405197421,72.00904134114583,0
GEO-011357,LWPOLYLINE,1201.3919357827358,76.28472781711156,0
GEO-011358,LWPOLYLINE,1189.0094443954745,79.20882148748647,0
GEO-011359,LWPOLYLINE,1190.2582807432666,78.93364448553335,0
GEO-011360,LWPOLYLINE,1190.702784188362,77.85415611273064,0
GEO-011361,LWPOLYLINE,1190.702784188362,73.80822092692057,0
GEO-011362,LWPOLYLINE,1190.702784188362,72.60172695583768,0
GEO-011363,LWPOLYLINE,1190.702784188362,71.52221705118816,0
GEO-011364,LWPOLYLINE,1176.2884027008326,64.05036476982963,0
GEO-011365,LWPOLYLINE,1173.2615741045056,63.90221489800347,0
GEO-011366,LWPOLYLINE,1173.2615741045056,64.51604478624131,0
GEO-011367,LWPOLYLINE,1173.071071090047,64.198546939426,0
GEO-011368,LWPOLYLINE,1174.7009080837945,64.198546939426,0
GEO-011369,LWPOLYLINE,1176.3519108829346,66.31521360609267,0
GEO-011370,LWPOLYLINE,1176.3519108829346,65.743704562717,0
GEO-011371,LWPOLYLINE,1174.1082386179878,65.743704562717,0
GEO-011372,LWPOLYLINE,1175.2300693674997,65.74369379679362,0
GEO-011373,LINE,1172.1770360969808,65.74370456271701,0
GEO-011374,LINE,1210.6345528399906,65.74086441850119,0
GEO-011375,LINE,1166.9068656489248,65.74370456271701,0
GEO-011376,LINE,1213.1606710696635,65.7437153286404,0
GEO-011377,LWPOLYLINE,1220.019393846144,96.41951840718585,0
GEO-011378,LWPOLYLINE,1317.038800178268,286.1496641883706,0
GEO-011379,LWPOLYLINE,1319.963013564033,286.1496641883706,0
GEO-011380,LWPOLYLINE,1322.5431864061475,286.1496641883706,0
GEO-011381,LWPOLYLINE,1325.180723641697,286.1496641883706,0
GEO-011382,LWPOLYLINE,1327.703590417161,286.1496641883706,0
GEO-011383,LWPOLYLINE,1330.3411276527108,286.1496641883706,0
GEO-011384,LWPOLYLINE,1332.9786357248674,286.1496641883706,0
GEO-011385,LWPOLYLINE,1335.501473336939,286.1496641883706,0
GEO-011386,LWPOLYLINE,1338.139010572489,286.1496641883706,0
GEO-011387,LWPOLYLINE,1340.719212577995,286.1496641883706,0
GEO-011388,LWPOLYLINE,1343.2994145835019,286.1496641883706,0
GEO-011389,LWPOLYLINE,1345.8795874256161,286.1496641883706,0
GEO-011390,LWPOLYLINE,1348.345089807644,286.1496641883706,0
GEO-011391,LWPOLYLINE,1350.982627043194,286.1496641883706,0
GEO-011392,LWPOLYLINE,1353.6201642787441,286.1496641883706,0
GEO-011393,LWPOLYLINE,1356.1430310542073,286.1496641883706,0
GEO-011394,LWPOLYLINE,1315.720031560493,289.87377300792315,0
GEO-011395,LWPOLYLINE,1315.720031560493,287.315008433548,0
GEO-011396,LWPOLYLINE,1315.720031560493,286.3023075039401,0
GEO-011397,LWPOLYLINE,1357.708556206441,286.1496641883706,0
GEO-011398,LWPOLYLINE,1358.7245579289884,286.1496641883706,0
GEO-011399,SOLID,1380.5685734319186,286.5306594513643,0
GEO-011400,SOLID,1380.5685734319186,285.81100053616245,0
GEO-011401,SOLID,1380.5685734319186,286.5306594513643,0
GEO-011402,SOLID,1380.5685734319186,285.81100053616245,0
GEO-011403,LWPOLYLINE,1379.912390401048,286.1919957991562,0
GEO-011404,LWPOLYLINE,1370.1545880735744,286.23431664401835,0
GEO-011405,LWPOLYLINE,1363.995080322109,286.1919957991562,0
GEO-011406,LWPOLYLINE,1363.9315613740841,286.8269914927868,0
GEO-011407,LWPOLYLINE,1365.13803381332,286.1919957991562,0
GEO-011408,LWPOLYLINE,1380.5685734319186,286.1496641883706,0
GEO-011409,SOLID,1358.216546301791,286.4248304244003,0
GEO-011410,SOLID,1358.216546301791,285.85333214694805,0
GEO-011411,LWPOLYLINE,1367.6145622353579,286.1496641883706,0
GEO-011412,LWPOLYLINE,1368.630542426059,286.1496641883706,0
GEO-011413,LWPOLYLINE,1369.0327034944455,286.4459962297931,0
GEO-011414,LWPOLYLINE,1370.0698925542329,286.1496641883706,0
GEO-011415,LWPOLYLINE,1371.297584628479,286.1496641883706,0
GEO-011416,LWPOLYLINE,1372.4193830802205,286.1496641883706,0
GEO-011417,LWPOLYLINE,1373.223737514763,286.1496641883706,0
GEO-011418,LWPOLYLINE,1373.3295773076504,285.5570001055255,0
GEO-011419,LWPOLYLINE,1357.3417414255746,286.1496641883706,0
GEO-011420,LWPOLYLINE,1310.2323748575905,288.0852497015412,0
GEO-011421,LWPOLYLINE,1311.248365814215,288.6779137843862,0
GEO-011422,LWPOLYLINE,1311.248365814215,288.0852497015412,0
GEO-011423,LWPOLYLINE,1311.248365814215,287.4925856186962,0
GEO-011424,LWPOLYLINE,1312.264367536763,288.0852497015412,0
GEO-011425,LWPOLYLINE,2116.412505817738,278.4765678673692,0
GEO-011426,LWPOLYLINE,2117.5978124515805,278.47657863329255,0
GEO-011427,LWPOLYLINE,2118.55031675795,278.4765678673692,0
GEO-011428,LWPOLYLINE,4539.3049181611395,20.23133744524246,0
GEO-011429,LWPOLYLINE,4050.163711461082,20.146652691824492,0
GEO-011430,LWPOLYLINE,3556.5978374338674,20.06196064224028,0
GEO-011431,LWPOLYLINE,3073.3436483593905,19.97728318498855,0
GEO-011432,LWPOLYLINE,2482.0175270082905,15.36292229089133,0
GEO-011433,LWPOLYLINE,1951.7296244884135,15.278237537473359,0
GEO-011434,LWPOLYLINE,1453.0820825423425,15.1512211732698,0
GEO-011435,LWPOLYLINE,941.1167351117374,15.066536419851829,0
GEO-011436,LWPOLYLINE,699.6748044249662,204.23093193038915,0
GEO-011437,LWPOLYLINE,699.4631409880765,203.55359386004955,0
GEO-011438,LWPOLYLINE,698.1296414187134,204.23094269631255,0
GEO-011439,LWPOLYLINE,701.0294778741645,203.55358309412617,0
GEO-011440,LWPOLYLINE,699.2726379736179,202.38943149975225,0
GEO-011441,LWPOLYLINE,699.5689700150403,202.3894099679054,0
GEO-011442,LWPOLYLINE,699.865302056463,202.38943149975225,0
GEO-011443,LWPOLYLINE,3430.890408664254,150.6544038037352,0
GEO-011444,LINE,4055.818708379575,298.74648276435,0
GEO-011445,LINE,4054.6122359403385,299.8894900851779,0
GEO-011446,LINE,4545.002203626725,298.7948739372551,0
GEO-011447,LINE,4543.795709655642,299.937881258083,0
GEO-011448,LWPOLYLINE,1168.9061801523426,76.0095292833116,0
GEO-011449,LWPOLYLINE,1168.906201684189,73.5330439249674,0
GEO-011450,SOLID,1173.330005734211,73.19436950683588,0
GEO-011451,SOLID,1173.330005734211,72.55936304728188,0
GEO-011452,LWPOLYLINE,1172.5045177920451,72.8133634779188,0
GEO-011453,LWPOLYLINE,1168.927367489582,68.38953789605033,0
GEO-011454,LWPOLYLINE,1167.5515363094335,73.76586778428818,0
GEO-011455,CIRCLE,1164.143566978941,76.41170111762152,0
GEO-011456,LWPOLYLINE,1168.906190918266,74.52787984212237,0
GEO-011457,LWPOLYLINE,1168.9061693864196,75.26870456271699,0
GEO-011458,LWPOLYLINE,1162.9160096099436,77.66052669948995,0
GEO-011459,LWPOLYLINE,1164.0378618913019,77.66052669948995,0
GEO-011460,LWPOLYLINE,1165.159671108967,77.66052669948995,0
GEO-011461,LWPOLYLINE,1171.6155001359311,71.56452713012693,0
GEO-011462,LWPOLYLINE,1172.5045177920456,71.56453789605031,0
GEO-011463,LWPOLYLINE,1172.5045177920456,71.45870886908635,0
GEO-011464,LWPOLYLINE,1173.3935246822366,71.56453789605031,0
GEO-011465,LWPOLYLINE,1173.24534251264,71.58570370144314,0
GEO-011466,LWPOLYLINE,1174.2825315724272,71.56453789605031,0
GEO-011467,LWPOLYLINE,1174.134360168754,71.58570370144314,0
GEO-011468,LWPOLYLINE,1190.702784188362,76.82758088204974,0
GEO-011469,LWPOLYLINE,1190.702784188362,75.62108691096685,0
GEO-011470,LWPOLYLINE,1190.702784188362,74.54157700631734,0
GEO-011471,LWPOLYLINE,1751.3926443369915,216.6574859475525,0
GEO-011472,LWPOLYLINE,2159.09954978933,215.48512642169825,0
GEO-011473,LINE,4505.632223005387,60.96016794840494,0
GEO-011474,LWPOLYLINE,687.3798015654007,185.2020762039352,0
GEO-011475,LWPOLYLINE,687.3798069483623,183.19123856423255,0
GEO-011476,SOLID,691.845969523978,182.40808223285228,0
GEO-011477,SOLID,691.845969523978,181.75190996790545,0
GEO-011478,LWPOLYLINE,690.9993103934578,182.0270869698586,0
GEO-011479,LWPOLYLINE,687.4009781367168,177.01057577329823,0
GEO-011480,LWPOLYLINE,686.0039703852519,182.9795751273429,0
GEO-011481,CIRCLE,682.617153604412,185.6677454544235,0
GEO-011482,LWPOLYLINE,687.379812331324,183.74158180221536,0
GEO-011483,LWPOLYLINE,687.3798015654007,184.48240652280998,0
GEO-011484,LWPOLYLINE,681.4319787826723,186.8530628541902,0
GEO-011485,LWPOLYLINE,682.511467155475,186.85306823715183,0
GEO-011486,LWPOLYLINE,683.6332979049868,186.85307362011355,0
GEO-011487,LWPOLYLINE,680.9874645716534,184.75758352476316,0
GEO-011488,LWPOLYLINE,681.093298981579,184.1437536365253,0
GEO-011489,LWPOLYLINE,682.0246267166322,184.7575889077248,0
GEO-011490,LWPOLYLINE,683.146473615029,185.07508137157845,0
GEO-011491,LWPOLYLINE,683.146473615029,184.46125148334062,0
GEO-011492,LWPOLYLINE,693.7509727537551,181.96357340479514,0
GEO-011493,LWPOLYLINE,694.9786540620776,181.96357878775683,0
GEO-011494,LWPOLYLINE,694.9786540620776,181.7730865392217,0
GEO-011495,LWPOLYLINE,696.2063030726299,181.96357878775683,0
GEO-011496,LWPOLYLINE,695.9946450187019,181.984755359073,0
GEO-011497,LWPOLYLINE,697.4339789979908,181.96357878775683,0
GEO-011498,LWPOLYLINE,697.2223047951777,181.984755359073,0
GEO-011499,LWPOLYLINE,693.9176882827924,179.87897738585087,0
GEO-011500,LWPOLYLINE,695.3570114961578,179.87897738585087,0
GEO-011501,LWPOLYLINE,695.1665138646608,179.900153957167,0
GEO-011502,LWPOLYLINE,696.5846820385568,179.87897738585087,0
GEO-011503,LWPOLYLINE,697.8123364320709,180.4928180400121,0
GEO-011504,LWPOLYLINE,697.8335183863487,179.87897738585087,0
GEO-011505,LWPOLYLINE,686.1309759835323,175.0844121210901,0
GEO-011506,LWPOLYLINE,687.3797907994773,172.84075062206665,0
GEO-011507,CIRCLE,682.9982790880489,177.9630800796676,0
GEO-011508,LWPOLYLINE,682.4691409276511,179.12724243996485,0
GEO-011509,LWPOLYLINE,682.6384781367169,178.87324200932795,0
GEO-011510,LWPOLYLINE,683.5063084555916,179.12724243996485,0
GEO-011511,LWPOLYLINE,687.3797907994773,172.81958481667385,0
GEO-011512,LINE,687.3797907994773,168.6709254708351,0
GEO-011513,LINE,264.6735233458294,266.3086298823659,0
GEO-011514,LWPOLYLINE,264.6735233458294,270.4601955180343,0
GEO-011515,LINE,265.8972859705252,225.00076996295087,0
GEO-011516,LWPOLYLINE,265.8972859705252,229.15233559861923,0
GEO-011517,LINE,264.2494057805245,168.54518926117288,0
GEO-011518,LWPOLYLINE,264.2494057805245,172.69675489684136,0
GEO-011519,LINE,264.6623311887431,114.95658211688865,0
GEO-011520,LWPOLYLINE,264.6623311887431,119.10814775255704,0
GEO-011521,LINE,1311.259995587567,290.10758828837135,0
GEO-011522,LINE,1308.8218796129324,290.6551162875717,0
GEO-011523,LINE,1313.49001357403,290.6551162875717,0
GEO-011524,LWPOLYLINE,1304.571731877029,290.6551162875717,0
GEO-011525,LWPOLYLINE,1304.571731877029,290.6551162875717,0
GEO-011526,LWPOLYLINE,1094.9456745182906,78.31670933741512,0
GEO-011527,LINE,1100.0797964558851,78.31670933741512,0
GEO-011528,LWPOLYLINE,1311.447047196724,165.44049657445333,0
GEO-011529,LINE,1311.447047196724,170.06425163234974,0
GEO-011530,LWPOLYLINE,1327.227192670964,255.31259512430398,0
GEO-011531,LINE,1327.227192670964,252.31487028032404,0
GEO-011532,LINE,1732.594557233644,91.90549216920314,0
GEO-011533,LINE,1740.278105903977,91.88477395583125,0
GEO-011534,LINE,1747.982760512809,91.88477395583125,0
GEO-011535,LINE,1755.221767403001,91.88477395583125,0
GEO-011536,LINE,1762.333757928988,91.88477395583125,0
GEO-011537,LINE,1747.4641575813162,90.99801149201903,0
GEO-011538,LINE,1747.982760512809,89.935421729278,0
GEO-011539,LWPOLYLINE,1747.9827605128094,86.05820597968703,0
GEO-011540,LWPOLYLINE,1742.318897788543,247.53554166126833,0
GEO-011541,LINE,1742.318897788543,242.946992718801,0
GEO-011542,LWPOLYLINE,2150.3305094988427,247.53556319311505,0
GEO-011543,LINE,2150.330509498843,242.9470142506477,0
GEO-011544,LINE,2142.117401844042,80.47764397332253,0
GEO-011545,LINE,2146.0001233762655,79.39539441891873,0
GEO-011546,LINE,2153.7140117904746,79.39539441891871,0
GEO-011547,LINE,2157.54517867246,80.47764397332251,0
GEO-011548,LINE,2161.303623821742,79.39539441891873,0
GEO-011549,LINE,2168.9871107113468,79.39539441891873,0
GEO-011550,LINE,2172.91215245167,80.47764397332253,0
GEO-011551,LINE,2165.1560019643,80.47764397332253,0
GEO-011552,LINE,2149.73739067716,80.47764397332251,0
GEO-011553,LINE,2157.54517867246,76.8971691766327,0
GEO-011554,LWPOLYLINE,2157.5451786724598,71.58431794749674,0
GEO-011555,LINE,2830.217166760437,256.7564129793943,0
GEO-011556,LWPOLYLINE,2830.217166760437,261.4383373962137,0
GEO-011557,LWPOLYLINE,2828.904838379429,255.6723031785753,0
GEO-011558,LWPOLYLINE,2832.4608336424217,255.6723031785753,0
GEO-011559,LWPOLYLINE,2828.481489973803,256.5612885369195,0
GEO-011560,LWPOLYLINE,2832.037485236796,256.5612885369195,0
GEO-011561,LWPOLYLINE,2850.9124213067716,256.1167958577474,0
GEO-011562,LINE,2834.8392931076064,205.4577039076747,0
GEO-011563,LWPOLYLINE,2838.858552282524,205.4577039076747,0
GEO-011564,LWPOLYLINE,2152.931408597019,171.5770917256673,0
GEO-011565,LWPOLYLINE,2162.074510539073,171.5770917256673,0
GEO-011566,LINE,2151.0535518440815,147.06995127147806,0
GEO-011567,LINE,2150.22217671628,149.9342088889262,0
GEO-011568,LINE,2151.0535518440815,152.81670773893399,0
GEO-011569,LINE,2151.884926971883,149.95245012148587,0
GEO-011570,CIRCLE,2192.839631985586,213.8846708111296,0
GEO-011571,CIRCLE,2192.839631985586,194.5640930175781,0
GEO-011572,LINE,2192.839631985586,202.62366663910814,0
GEO-011573,LINE,2180.8189489355955,202.81961923148606,0
GEO-011574,LINE,2193.292891925523,276.63738706901546,0
GEO-011575,LINE,2180.818948935595,269.6021330928929,0
GEO-011576,LINE,2187.18644570399,143.0723593462016,0
GEO-011577,LINE,2194.783279217498,230.0409522983598,0
GEO-011578,LWPOLYLINE,2202.7635384427176,202.7506722373881,0
GEO-011579,CIRCLE,2192.839631985586,147.9974048190646,0
GEO-011580,LWPOLYLINE,2176.81883712784,147.9974048190646,0
GEO-011581,LINE,2209.692520344409,260.1566719669071,0
GEO-011582,LINE,2218.8983765221947,263.0246623623938,0
GEO-011583,LINE,2228.104232699981,260.1566719669071,0
GEO-011584,LINE,2210.3296338726886,259.5662164405074,0
GEO-011585,LINE,2211.362567979832,259.9620370193712,0
GEO-011586,LINE,2212.15420913756,259.9620370193712,0
GEO-011587,LINE,2212.945850295288,259.9620370193712,0
GEO-011588,LINE,2213.7374914530155,259.9620370193712,0
GEO-011589,LINE,2214.5291326107435,259.9620370193712,0
GEO-011590,LINE,2215.3207737684716,259.9620370193712,0
GEO-011591,LINE,2216.112414926199,259.9620370193712,0
GEO-011592,LINE,2216.9040560839267,259.9620370193712,0
GEO-011593,LINE,2217.6956972416547,259.9620370193712,0
GEO-011594,LINE,2218.4873383993827,259.9620370193712,0
GEO-011595,LINE,2219.27897955711,259.9620370193712,0
GEO-011596,LINE,2220.070620714838,259.9620370193712,0
GEO-011597,LINE,2220.862261872566,259.9620370193712,0
GEO-011598,LINE,2221.653903030294,259.9620370193712,0
GEO-011599,LINE,2222.4455441880214,259.9620370193712,0
GEO-011600,LINE,2223.237185345749,259.9620370193712,0
GEO-011601,LINE,2224.028826503477,259.9620370193712,0
GEO-011602,LINE,2224.820467661205,259.9620370193712,0
GEO-011603,LINE,2225.6121088189325,259.9620370193712,0
GEO-011604,LINE,2226.40374997666,259.9620370193712,0
GEO-011605,LINE,2230.759215998881,259.5662164405074,0
GEO-011606,LINE,2227.436684083804,259.5662164405074,0
GEO-011607,LINE,2214.9325619615815,258.3323628888269,0
GEO-011608,LINE,2214.9325619615815,257.7451046921327,0
GEO-011609,ARC,2210.7007358446103,258.0387337904798,0
GEO-011610,LINE,2222.8641910828082,258.3323628888269,0
GEO-011611,LINE,2222.8641910828082,257.7451046921327,0
GEO-011612,ARC,2227.0960171997785,258.0387337904798,0
GEO-011613,LINE,2218.898376522195,257.13177372386804,0
GEO-011614,LINE,2236.058522550301,259.5662164405074,0
GEO-011615,LWPOLYLINE,2187.706752274181,230.0883734000185,0
GEO-011616,LWPOLYLINE,2187.706752274181,246.9158777063879,0
GEO-011617,LWPOLYLINE,2187.706752274181,243.82554092795905,0
GEO-011618,LWPOLYLINE,2185.971102402355,243.78322008309686,0
GEO-011619,LWPOLYLINE,2186.8177669158367,243.8043858884896,0
GEO-011620,LWPOLYLINE,2189.357760456283,244.8838850272158,0
GEO-011621,LWPOLYLINE,2189.251931429319,241.9628854578527,0
GEO-011622,LWPOLYLINE,2189.251931429319,243.33871663800142,0
GEO-011623,SOLID,2187.7067576571426,219.12404480369167,0
GEO-011624,LWPOLYLINE,2187.706752274181,219.6532222362817,0
GEO-011625,LWPOLYLINE,2187.706752274181,252.99985992793142,0
GEO-011626,LWPOLYLINE,2194.1213566484257,244.00100908441357,0
GEO-011627,LWPOLYLINE,2194.121367414349,243.1755103763243,0
GEO-011628,LWPOLYLINE,2194.121367414349,242.5405039167703,0
GEO-011629,LWPOLYLINE,2194.269538818022,242.35000090231176,0
GEO-011630,LWPOLYLINE,2194.904534511653,244.1491697221631,0
GEO-011631,LWPOLYLINE,2195.412535372926,244.1491697221631,0
GEO-011632,LWPOLYLINE,2198.0372029008668,243.17549961040095,0
GEO-011633,LWPOLYLINE,2199.7305103959843,243.17549961040095,0
GEO-011634,LWPOLYLINE,2203.032526760187,243.17552114224776,0
GEO-011635,LWPOLYLINE,2204.344849758234,243.17552114224776,0
GEO-011636,LWPOLYLINE,2206.0382003170453,243.17549961040095,0
GEO-011637,LWPOLYLINE,2196.2397202381435,243.12170533281756,0
GEO-011638,LWPOLYLINE,2194.7832899700775,239.88270754826146,0
GEO-011639,LWPOLYLINE,2194.7832899700775,246.25159011582673,0
GEO-011640,LINE,2194.783279217498,252.90890301024086,0
GEO-011641,LWPOLYLINE,2197.969745644235,272.8595831129286,0
GEO-011642,LWPOLYLINE,2197.9909168325894,272.0340844048394,0
GEO-011643,LWPOLYLINE,2197.990927598513,271.2085856967502,0
GEO-011644,LWPOLYLINE,2198.7529181245004,273.0077437506782,0
GEO-011645,LWPOLYLINE,2199.260918985774,273.0077437506782,0
GEO-011646,LWPOLYLINE,2201.885581130753,272.0340844048394,0
GEO-011647,LWPOLYLINE,2203.578910157717,272.0340844048394,0
GEO-011648,LWPOLYLINE,2206.8809103730355,272.03409517076284,0
GEO-011649,LWPOLYLINE,2208.1932441370054,272.0340844048394,0
GEO-011650,LWPOLYLINE,2209.8865893128545,272.0340844048394,0
GEO-011651,LWPOLYLINE,2200.3192469361456,271.8859130011665,0
GEO-011652,LINE,2228.9090976882,227.3263496418125,0
GEO-011653,LWPOLYLINE,2337.516185425807,220.8749581598022,0
GEO-011654,LWPOLYLINE,2337.516185425807,219.0436890255798,0
GEO-011655,LINE,2284.598900929982,227.3263496418125,0
GEO-011656,LINE,2197.2637071557647,193.19066976218815,0
GEO-011657,SOLID,2196.76206610901,193.677919039701,0
GEO-011658,SOLID,2197.017081501091,193.86705399822017,0
GEO-011659,LINE,2198.282321555145,180.67297390795414,0
GEO-011660,ARC,2203.496729256294,166.9214974585355,0
GEO-011661,LINE,2208.711136957444,177.12089670044548,0
GEO-011662,LINE,2223.6917738361853,191.8172465067982,0
GEO-011663,LINE,2238.672410714924,208.02235818502731,0
GEO-011664,LWPOLYLINE,2238.714731559786,237.7435698485373,0
GEO-011665,LWPOLYLINE,2238.714731559786,224.4814595279699,0
GEO-011666,LINE,2238.672410714924,248.52789831216558,0
GEO-011667,LINE,2192.839631985586,171.28074891832136,0
GEO-011668,LINE,2204.3138224890763,186.9144088002119,0
GEO-011669,LWPOLYLINE,2208.7322919969156,184.8400976900644,0
GEO-011670,LWPOLYLINE,2208.7322919969156,188.43843532976712,0
GEO-011671,LINE,2208.7111369574463,190.06434350210463,0
GEO-011672,LINE,2175.5678993260526,147.4535563432801,0
GEO-011673,LINE,2175.97285735859,193.7070176099514,0
GEO-011674,LINE,2193.604281825288,171.2807489183213,0
GEO-011675,LWPOLYLINE,2192.694554059487,171.4238799578045,0
GEO-011676,LWPOLYLINE,2193.371886746864,171.21221113795303,0
GEO-011677,LWPOLYLINE,2192.6945594424487,169.87871156859,0
GEO-011678,LWPOLYLINE,2193.371881363903,172.77854533256024,0
GEO-011679,LWPOLYLINE,2194.5360383412385,171.0217081234946,0
GEO-011680,LWPOLYLINE,2194.5360437242,171.31804016491697,0
GEO-011681,LWPOLYLINE,2194.5360383412385,171.6143722063393,0
GEO-011682,LWPOLYLINE,2175.2221559315576,194.92393324110242,0
GEO-011683,LWPOLYLINE,2175.0104871117064,194.24660055372445,0
GEO-011684,LWPOLYLINE,2173.6769875423433,194.9239278581407,0
GEO-011685,LWPOLYLINE,2176.5768213063134,194.24660593668614,0
GEO-011686,LWPOLYLINE,2174.819984097248,193.08244895935053,0
GEO-011687,LWPOLYLINE,2175.1163161386703,193.0824435763888,0
GEO-011688,LWPOLYLINE,2175.412648180093,193.08244895935053,0
GEO-011689,CIRCLE,2192.839631985586,213.8846708111296,0
GEO-011690,LINE,2193.604281825288,202.6408303447855,0
GEO-011691,CIRCLE,2192.839631985586,194.5640930175781,0
GEO-011692,CIRCLE,2192.839631985586,147.9974048190646,0
GEO-011693,SOLID,2192.839621219663,177.49325102073237,0
GEO-011694,LWPOLYLINE,2192.839631985586,178.0224284533224,0
GEO-011695,SOLID,2238.6723999490005,192.89674564552433,0
GEO-011696,LWPOLYLINE,2238.672410714924,193.42592307811447,0
GEO-011697,LWPOLYLINE,2182.3325695320827,264.6257403055826,0
GEO-011698,LINE,2184.9561607954724,264.6680826822916,0
GEO-011699,LINE,2187.706752274181,262.57446090865403,0
GEO-011700,LWPOLYLINE,907.4439968922914,58.88568216959636,0
GEO-011701,LWPOLYLINE,1419.4517189973749,59.05505167643228,0
GEO-011702,LWPOLYLINE,1918.0569293326612,59.18206804063585,0
GEO-011703,LWPOLYLINE,2448.302500241752,59.26675279405381,0
GEO-011704,LWPOLYLINE,3039.6709747354844,63.88111368815103,0
GEO-011705,LWPOLYLINE,3522.9251422781153,63.965798441569,0
GEO-011706,LWPOLYLINE,4016.448706226391,64.05048319498698,0
GEO-011707,LWPOLYLINE,4505.632223005387,64.13516794840493,0
GEO-011708,LINE,1186.4072781334048,65.74367226494681,0
GEO-011709,SOLID,1356.0543430435919,259.89865020883525,0
GEO-011710,SOLID,1356.0543430435919,258.7768086934001,0
GEO-011711,SOLID,1353.789494207329,259.89865020883525,0
GEO-011712,SOLID,1353.789494207329,258.7768086934001,0
GEO-011713,LWPOLYLINE,1344.9630196149085,259.3271411654596,0
GEO-011714,LWPOLYLINE,1347.6300187536344,259.3271411654596,0
GEO-011715,LWPOLYLINE,1350.8261845590268,259.3271411654596,0
GEO-011716,LWPOLYLINE,1354.02235036442,259.3271411654596,0
GEO-011717,LWPOLYLINE,1357.218516169813,259.3271411654596,0
GEO-011718,LWPOLYLINE,1360.3935161698125,259.3271411654596,0
GEO-011719,LWPOLYLINE,1363.0816811139316,259.3271411654596,0
GEO-011720,LWPOLYLINE,1354.911357254611,268.42881429168034,0
GEO-011721,LWPOLYLINE,1354.911357254611,262.05764848628746,0
GEO-011722,LWPOLYLINE,1354.911357254611,255.6864719149713,0
GEO-011723,LWPOLYLINE,1354.911357254611,249.31530610957856,0
GEO-011724,LWPOLYLINE,1345.2276051835784,261.86768597460804,0
GEO-011725,LWPOLYLINE,1346.87861336568,261.86768597460804,0
GEO-011726,LWPOLYLINE,1346.6034363637268,261.8253543638225,0
GEO-011727,LWPOLYLINE,1348.487268405149,261.86768597460804,0
GEO-011728,LWPOLYLINE,1350.095934210542,261.86768597460804,0
GEO-011729,LWPOLYLINE,1350.2440733164449,261.4443483349054,0
GEO-011730,LWPOLYLINE,1351.7257442894804,261.86768597460804,0
GEO-011731,LWPOLYLINE,1351.471743858844,261.8253543638225,0
GEO-011732,LWPOLYLINE,1353.3344100948734,261.86768597460804,0
GEO-011733,LWPOLYLINE,1353.3344100948734,261.86768597460804,0
GEO-011734,LWPOLYLINE,1358.1075015281565,262.8408155835911,0
GEO-011735,LWPOLYLINE,1358.086335722764,262.03648268089466,0
GEO-011736,LWPOLYLINE,1359.144669056097,262.03648268089466,0
GEO-011737,LWPOLYLINE,1359.6950015281564,262.0364719149713,0
GEO-011738,LWPOLYLINE,1360.245334000216,262.03648268089466,0
GEO-011739,LWPOLYLINE,1361.3248546707891,262.03648268089466,0
GEO-011740,LWPOLYLINE,1361.0496884347594,262.0364719149713,0
GEO-011741,LWPOLYLINE,1362.9546647497286,262.03648268089466,0
GEO-011742,LWPOLYLINE,1363.081681113932,261.63431084658475,0
GEO-011743,LWPOLYLINE,1364.5421862815745,262.03648268089466,0
GEO-011744,LWPOLYLINE,1366.172007126437,262.03648268089466,0
GEO-011745,LWPOLYLINE,1366.1719963605135,261.7401506394722,0
GEO-011746,LWPOLYLINE,1354.911335722764,273.21248009707307,0
GEO-011747,LWPOLYLINE,1354.911335722764,266.8413142916803,0
GEO-011748,LINE,1314.422740098585,249.2949480565721,0
GEO-011749,LINE,1329.9779127367185,237.0936910674418,0
GEO-011750,LINE,1321.907763204195,242.9036610527496,0
GEO-011751,LINE,1318.16525165139,248.7136310380574,0
GEO-011752,LWPOLYLINE,1335.854429709201,237.6016919287156,0
GEO-011753,LWPOLYLINE,1333.910121361745,237.6016919287156,0
GEO-011754,LWPOLYLINE,1331.437565486956,237.6016919287156,0
GEO-011755,LWPOLYLINE,1328.6240137121945,237.6016919287156,0
GEO-011756,LWPOLYLINE,1326.104500161949,237.6016919287156,0
GEO-011757,LWPOLYLINE,1324.016989329444,237.6016919287156,0
GEO-011758,LWPOLYLINE,1322.521216858223,243.2559262138982,0
GEO-011759,LWPOLYLINE,1322.521216858223,240.82176170041623,0
GEO-011760,LWPOLYLINE,1322.521216858223,238.40876299232696,0
GEO-011761,LWPOLYLINE,1322.546117060568,248.28279438269124,0
GEO-011762,LWPOLYLINE,1322.546117060568,245.8486298692093,0
GEO-011763,LWPOLYLINE,1321.3904391271535,249.2080504234162,0
GEO-011764,LWPOLYLINE,1319.3029282946482,249.2080504234162,0
GEO-011765,LWPOLYLINE,1317.309674993428,249.223795980657,0
GEO-011766,LWPOLYLINE,1315.222164160923,249.223795980657,0
GEO-011767,LWPOLYLINE,1369.1513815364397,237.1047536099654,0
GEO-011768,LINE,1364.3979846753484,236.86918413532754,0
GEO-011769,LWPOLYLINE,195.27444852798868,234.05686273201025,0
GEO-011770,LWPOLYLINE,195.3379459441671,234.05686273201025,0
GEO-011771,LWPOLYLINE,193.70810895041978,234.05686273201025,0
GEO-011772,LWPOLYLINE,193.7716171325216,234.05686273201025,0
GEO-011773,LWPOLYLINE,194.1102754017681,234.35319477343273,0
GEO-011774,LWPOLYLINE,194.1526123955152,234.35319477343273,0
GEO-011775,LWPOLYLINE,194.0467833685515,233.78168573005712,0
GEO-011776,LWPOLYLINE,194.0467833685515,233.7181990798021,0
GEO-011777,LWPOLYLINE,194.1102754017681,233.69702250848596,0
GEO-011778,LWPOLYLINE,194.1102754017681,233.78168573005712,0
GEO-011779,LWPOLYLINE,194.4912760477234,234.0568734979336,0
GEO-011780,LWPOLYLINE,194.91461099594534,234.3955263842183,0
GEO-011781,LWPOLYLINE,194.91461099594534,234.3531947734328,0
GEO-011782,LWPOLYLINE,194.935779492819,233.8028407695265,0
GEO-011783,LWPOLYLINE,194.935779492819,233.7393648851949,0
GEO-011784,LWPOLYLINE,194.9992769089974,233.76051992466432,0
GEO-011785,LWPOLYLINE,193.72927744729344,234.07801777147967,0
GEO-011786,LWPOLYLINE,192.16294594416715,234.09920510871922,0
GEO-011787,LWPOLYLINE,192.586278200908,234.39552638421833,0
GEO-011788,LWPOLYLINE,192.4592779855898,233.78167496413374,0
GEO-011789,LWPOLYLINE,192.4592779855898,233.6970117425626,0
GEO-011790,LWPOLYLINE,192.5016095963754,233.6970117425626,0
GEO-011791,LWPOLYLINE,192.5016095963754,233.78167496413374,0
GEO-011792,LWPOLYLINE,192.924947236078,234.0568734979336,0
GEO-011793,LWPOLYLINE,193.2847766936788,234.3955263842183,0
GEO-011794,LWPOLYLINE,193.2847766936788,234.3531947734328,0
GEO-011795,LWPOLYLINE,193.3482794928188,234.35319477343273,0
GEO-011796,LWPOLYLINE,193.30593711611,233.78168573005712,0
GEO-011797,LWPOLYLINE,193.30593711611,233.69702250848596,0
GEO-011798,LWPOLYLINE,193.36944798969245,233.7181990798021,0
GEO-011799,LWPOLYLINE,193.36944798969245,233.78168573005712,0
GEO-011800,LWPOLYLINE,191.73961637890704,232.32119132833725,0
GEO-011801,LWPOLYLINE,191.61261078062682,232.3211913283373,0
GEO-011802,LWPOLYLINE,192.77678121536675,232.2365281067661,0
GEO-011803,LWPOLYLINE,193.7927775549527,232.38469951043908,0
GEO-011804,LWPOLYLINE,193.89860927339754,231.7708588562778,0
GEO-011805,LWPOLYLINE,194.82994508289318,232.38468874451564,0
GEO-011806,LWPOLYLINE,195.6554437909825,232.38469951043908,0
GEO-011807,LWPOLYLINE,195.74010970403447,231.7708588562778,0
GEO-011808,LWPOLYLINE,195.46494077652392,234.0568519660869,0
GEO-011809,LWPOLYLINE,287.24617874693763,234.1526299964932,0
GEO-011810,LWPOLYLINE,196.3748232080413,194.2927184584629,0
GEO-011811,LWPOLYLINE,196.4171602017886,194.2715418871467,0
GEO-011812,LWPOLYLINE,194.7873232080413,194.2715418871467,0
GEO-011813,LWPOLYLINE,194.8508313901429,194.2715418871467,0
GEO-011814,LWPOLYLINE,195.1894896593894,194.5678739285692,0
GEO-011815,LWPOLYLINE,195.2318266531367,194.5678739285692,0
GEO-011816,LWPOLYLINE,195.12599762617285,193.9963648851936,0
GEO-011817,LWPOLYLINE,195.12599762617285,193.9328782349386,0
GEO-011818,LWPOLYLINE,195.1894896593894,193.9117016636224,0
GEO-011819,LWPOLYLINE,195.1894896593894,193.9963648851936,0
GEO-011820,LWPOLYLINE,195.5704903053449,194.2715526530701,0
GEO-011821,LWPOLYLINE,195.9938252535669,194.6102055393548,0
GEO-011822,LWPOLYLINE,195.9938252535669,194.5678739285692,0
GEO-011823,LWPOLYLINE,196.01499375044045,194.017519924663,0
GEO-011824,LWPOLYLINE,196.01499375044045,193.9540440403314,0
GEO-011825,LWPOLYLINE,196.0784911666187,193.9751990798008,0
GEO-011826,LWPOLYLINE,194.8084917049149,194.2926969266161,0
GEO-011827,LWPOLYLINE,193.2421602017887,194.3138842638557,0
GEO-011828,LWPOLYLINE,193.66549245852957,194.6102055393548,0
GEO-011829,LWPOLYLINE,193.5384922432113,193.9963541192702,0
GEO-011830,LWPOLYLINE,193.5384922432113,193.911690897699,0
GEO-011831,LWPOLYLINE,193.5808238539966,193.911690897699,0
GEO-011832,LWPOLYLINE,193.5808238539966,193.9963541192702,0
GEO-011833,LWPOLYLINE,194.0041614936992,194.2715526530701,0
GEO-011834,LWPOLYLINE,194.36399095130025,194.6102055393548,0
GEO-011835,LWPOLYLINE,194.36399095130025,194.5678739285692,0
GEO-011836,LWPOLYLINE,194.4274937504403,194.5678739285692,0
GEO-011837,LWPOLYLINE,194.3851513737313,193.9963648851936,0
GEO-011838,LWPOLYLINE,194.3851513737313,193.9117016636224,0
GEO-011839,LWPOLYLINE,194.44866224731402,193.9328782349386,0
GEO-011840,LWPOLYLINE,194.44866224731402,193.9963648851936,0
GEO-011841,LWPOLYLINE,192.81883063652845,192.53587048347373,0
GEO-011842,LWPOLYLINE,192.69182503824828,192.5358704834737,0
GEO-011843,LWPOLYLINE,193.85599547298807,192.4512072619026,0
GEO-011844,LWPOLYLINE,194.8719918125742,192.59937866557556,0
GEO-011845,LWPOLYLINE,195.9091593405147,192.5993678996521,0
GEO-011846,LWPOLYLINE,197.155188340773,143.54388871825725,0
GEO-011847,LWPOLYLINE,197.2186857569516,143.54388871825725,0
GEO-011848,LWPOLYLINE,195.5888487632043,143.54388871825725,0
GEO-011849,LWPOLYLINE,195.6523569453061,143.54388871825725,0
GEO-011850,LWPOLYLINE,195.9910152145526,143.84022075967977,0
GEO-011851,LWPOLYLINE,196.0333522082996,143.84022075967977,0
GEO-011852,LWPOLYLINE,195.92752318133574,143.2687117163041,0
GEO-011853,LWPOLYLINE,195.92752318133574,143.2052250660491,0
GEO-011854,LWPOLYLINE,195.9910152145526,143.18404849473296,0
GEO-011855,LWPOLYLINE,195.9910152145526,143.2687117163041,0
GEO-011856,LWPOLYLINE,196.37201586050782,143.5438994841806,0
GEO-011857,LWPOLYLINE,196.79535080872955,143.8825523704653,0
GEO-011858,LWPOLYLINE,196.79535080872955,143.8402207596798,0
GEO-011859,LWPOLYLINE,196.81651930560335,143.2898667557735,0
GEO-011860,LWPOLYLINE,196.81651930560335,143.2263908714419,0
GEO-011861,LWPOLYLINE,196.8800167217819,143.2475459109113,0
GEO-011862,LWPOLYLINE,195.61001726007794,143.56504375772664,0
GEO-011863,LWPOLYLINE,194.0436857569514,143.5862310949662,0
GEO-011864,LWPOLYLINE,194.4670180136925,143.88255237046536,0
GEO-011865,LWPOLYLINE,194.340017798374,143.26870095038075,0
GEO-011866,LWPOLYLINE,194.340017798374,143.18403772880959,0
GEO-011867,LWPOLYLINE,194.3823494091598,143.18403772880959,0
GEO-011868,LWPOLYLINE,194.3823494091598,143.26870095038075,0
GEO-011869,LWPOLYLINE,194.8056870488624,143.5438994841806,0
GEO-011870,LWPOLYLINE,195.1655165064633,143.8825523704653,0
GEO-011871,LWPOLYLINE,195.1655165064633,143.8402207596798,0
GEO-011872,LWPOLYLINE,195.2290193056033,143.84022075967977,0
GEO-011873,LWPOLYLINE,195.1866769288945,143.2687117163041,0
GEO-011874,LWPOLYLINE,195.1866769288945,143.18404849473296,0
GEO-011875,LWPOLYLINE,195.25018780247694,143.2052250660491,0
GEO-011876,LWPOLYLINE,195.25018780247694,143.2687117163041,0
GEO-011877,LWPOLYLINE,193.62035619169134,141.80821731458423,0
GEO-011878,LWPOLYLINE,193.49335059341115,141.8082173145843,0
GEO-011879,LWPOLYLINE,194.65752102815122,141.7235540930131,0
GEO-011880,LWPOLYLINE,195.6735173677371,141.87172549668605,0
GEO-011881,LWPOLYLINE,196.7106848956775,141.87171473076265,0
GEO-011882,LWPOLYLINE,197.9219754467094,83.7042616238474,0
GEO-011883,LWPOLYLINE,197.9643124404567,83.68308505253123,0
GEO-011884,LWPOLYLINE,196.3344754467094,83.68308505253123,0
GEO-011885,LWPOLYLINE,196.3979836288113,83.68308505253123,0
GEO-011886,LWPOLYLINE,196.7366418980578,83.97941709395374,0
GEO-011887,LWPOLYLINE,196.7789788918048,83.97941709395374,0
GEO-011888,LWPOLYLINE,196.67314986484095,83.4079080505781,0
GEO-011889,LWPOLYLINE,196.67314986484095,83.34442140032309,0
GEO-011890,LWPOLYLINE,196.7366418980578,83.32324482900691,0
GEO-011891,LWPOLYLINE,196.7366418980578,83.4079080505781,0
GEO-011892,LWPOLYLINE,197.117642544013,83.6830958184546,0
GEO-011893,LWPOLYLINE,197.54097749223476,84.02174870473931,0
GEO-011894,LWPOLYLINE,197.54097749223476,83.97941709395377,0
GEO-011895,LWPOLYLINE,197.56214598910856,83.4290630900475,0
GEO-011896,LWPOLYLINE,197.56214598910856,83.36558720571588,0
GEO-011897,LWPOLYLINE,197.6256434052871,83.3867422451853,0
GEO-011898,LWPOLYLINE,196.35564394358312,83.70424009200062,0
GEO-011899,LWPOLYLINE,194.7893124404565,83.7254274292402,0
GEO-011900,LWPOLYLINE,195.2126446971977,84.02174870473934,0
GEO-011901,LWPOLYLINE,195.0856444818791,83.40789728465472,0
GEO-011902,LWPOLYLINE,195.0856444818791,83.32323406308353,0
GEO-011903,LWPOLYLINE,195.127976092665,83.32323406308353,0
GEO-011904,LWPOLYLINE,195.127976092665,83.40789728465472,0
GEO-011905,LWPOLYLINE,195.5513137323676,83.6830958184546,0
GEO-011906,LWPOLYLINE,195.91114318996847,84.02174870473931,0
GEO-011907,LWPOLYLINE,195.91114318996847,83.97941709395377,0
GEO-011908,LWPOLYLINE,195.9746459891085,83.97941709395374,0
GEO-011909,LWPOLYLINE,195.9323036123996,83.4079080505781,0
GEO-011910,LWPOLYLINE,195.9323036123996,83.32324482900691,0
GEO-011911,LWPOLYLINE,195.99581448598215,83.34442140032309,0
GEO-011912,LWPOLYLINE,195.99581448598215,83.4079080505781,0
GEO-011913,LWPOLYLINE,194.36598287519655,81.94741364885826,0
GEO-011914,LWPOLYLINE,194.23897727691636,81.94741364885823,0
GEO-011915,LWPOLYLINE,195.4031477116564,81.8627504272871,0
GEO-011916,LWPOLYLINE,196.4191440512422,82.01092183096006,0
GEO-011917,LWPOLYLINE,197.4563115791827,82.01091106503662,0
GEO-011918,LWPOLYLINE,194.8296602017885,194.2715526530701,0
GEO-011919,LWPOLYLINE,196.39599170491493,194.2715526530701,0
GEO-011920,LWPOLYLINE,190.71443470151019,194.40914250485207,0
GEO-011921,LWPOLYLINE,195.6311857569516,143.5438994841806,0
GEO-011922,LWPOLYLINE,197.94314394358304,83.6830958184546,0
GEO-011923,LWPOLYLINE,196.37681244045675,83.6830958184546,0
GEO-011924,LWPOLYLINE,288.19391485987626,83.6830958184546,0
GEO-011925,LWPOLYLINE,264.6930051804376,237.75364542605791,PDF_Geometry
GEO-011926,LINE,264.6476637014663,235.4764700838484,0
GEO-011927,LWPOLYLINE,265.8608584566566,198.26289445397572,PDF_Geometry
GEO-011928,LWPOLYLINE,264.7172937249612,88.24518020929278,PDF_Geometry
GEO-011929,LWPOLYLINE,196.92208138036256,192.6476744070519,0
GEO-011930,LWPOLYLINE,197.7720851116811,141.8738339017175,0
GEO-011931,LINE,264.7286818262783,85.53158675259013,0
GEO-011932,LINE,265.8018220644833,195.71981643500536,0
GEO-011933,LWPOLYLINE,268.2539951479176,87.08772570834302,PDF_Geometry
GEO-011934,LWPOLYLINE,268.41817221767997,87.08772570834302,PDF_Geometry
GEO-011935,LWPOLYLINE,268.2539951479176,87.41607984786667,PDF_Geometry
GEO-011936,LWPOLYLINE,268.41817221767997,87.41607984786667,PDF_Geometry
GEO-011937,LWPOLYLINE,269.21169472152906,88.01806243699406,PDF_Geometry
GEO-011938,LWPOLYLINE,269.21169472152906,88.01806243699406,PDF_Geometry
GEO-011939,LWPOLYLINE,269.0475176517673,88.9483991656451,PDF_Geometry
GEO-011940,LWPOLYLINE,269.07488049672753,90.17972718886026,PDF_Geometry
GEO-011941,LWPOLYLINE,269.0475176517673,91.32896667719389,PDF_Geometry
GEO-011942,LWPOLYLINE,268.9490336003124,84.70243374756183,0
GEO-011943,LWPOLYLINE,269.18610041011345,86.63148725364107,0
GEO-011944,LWPOLYLINE,269.0754444146536,85.76661401934987,PDF_Geometry
GEO-011945,LWPOLYLINE,268.1662400473382,91.97559580224979,PDF_Geometry
GEO-011946,LWPOLYLINE,268.3304171171003,91.97559580224979,PDF_Geometry
GEO-011947,LWPOLYLINE,268.1662400473382,92.30394994177344,PDF_Geometry
GEO-011948,LWPOLYLINE,268.3304171171003,92.30394994177344,PDF_Geometry
GEO-011949,LWPOLYLINE,269.9060214858292,197.46907413821205,PDF_Geometry
GEO-011950,LWPOLYLINE,270.08336366388625,197.46907413821205,PDF_Geometry
GEO-011951,LWPOLYLINE,269.9060214858292,197.82375849432498,PDF_Geometry
GEO-011952,LWPOLYLINE,270.08336366388625,197.82375849432498,PDF_Geometry
GEO-011953,LWPOLYLINE,270.940517524493,198.47401314719954,PDF_Geometry
GEO-011954,LWPOLYLINE,270.940517524493,198.47401314719954,PDF_Geometry
GEO-011955,LWPOLYLINE,270.7631753464365,199.4789521561871,PDF_Geometry
GEO-011956,LWPOLYLINE,270.7927323761126,200.80901849161233,PDF_Geometry
GEO-011957,LWPOLYLINE,270.7631753464365,202.0504137380087,PDF_Geometry
GEO-011958,LWPOLYLINE,270.6567940094193,194.89250926079495,0
GEO-011959,LWPOLYLINE,270.9128708443634,196.97625061914596,0
GEO-011960,LWPOLYLINE,270.7933415137552,196.0420245220761,PDF_Geometry
GEO-011961,LWPOLYLINE,269.8112294378599,202.7488950642898,PDF_Geometry
GEO-011962,LWPOLYLINE,269.9885716159167,202.7488950642898,PDF_Geometry
GEO-011963,LWPOLYLINE,269.8112294378599,203.1035794204027,PDF_Geometry
GEO-011964,LWPOLYLINE,269.9885716159167,203.1035794204027,PDF_Geometry
GEO-011965,LWPOLYLINE,268.17501373078255,237.25319205579345,PDF_Geometry
GEO-011966,LWPOLYLINE,268.34521094676586,237.25319205579345,PDF_Geometry
GEO-011967,LWPOLYLINE,268.17501373078255,237.59358648775935,PDF_Geometry
GEO-011968,LWPOLYLINE,268.34521094676586,237.59358648775935,PDF_Geometry
GEO-011969,LWPOLYLINE,269.16783082401696,238.21764294636415,PDF_Geometry
GEO-011970,LWPOLYLINE,269.16783082401696,238.21764294636415,PDF_Geometry
GEO-011971,LWPOLYLINE,268.9976336080341,239.18209383693477,PDF_Geometry
GEO-011972,LWPOLYLINE,269.0259998106979,240.45857295680827,PDF_Geometry
GEO-011973,LWPOLYLINE,268.9976336080341,241.6499534686896,PDF_Geometry
GEO-011974,LWPOLYLINE,268.8955382825379,234.7804347357831,0
GEO-011975,LWPOLYLINE,269.1412980045784,236.7802239675746,0
GEO-011976,LWPOLYLINE,269.02658440671485,235.8836370272178,PDF_Geometry
GEO-011977,LWPOLYLINE,268.08404077196053,242.32029358998454,PDF_Geometry
GEO-011978,LWPOLYLINE,268.2542379879439,242.32029358998454,PDF_Geometry
GEO-011979,LWPOLYLINE,268.08404077196053,242.66068802195036,PDF_Geometry
GEO-011980,LWPOLYLINE,268.2542379879439,242.66068802195036,PDF_Geometry
GEO-011981,SOLID,300.4102585845594,234.5510561098314,0
GEO-011982,SOLID,300.4102585845594,233.7890548179206,0
GEO-011983,SOLID,304.78779604320516,144.0876584517148,0
GEO-011984,SOLID,304.78779604320516,143.325657159804,0
GEO-011985,LWPOLYLINE,287.73358299233547,194.4092051979446,0
GEO-011986,LWPOLYLINE,759.3454780118581,138.6908955734889,0
GEO-011987,SOLID,759.4301412334291,139.1989179666096,0
GEO-011988,SOLID,759.9381420947032,139.5587366582871,0
GEO-011989,LWPOLYLINE,760.9541438172507,136.9764007411321,0
GEO-011990,LWPOLYLINE,760.9541545831742,138.09822072472042,0
GEO-011991,LWPOLYLINE,761.2081442478877,138.28875603694917,0
GEO-011992,LWPOLYLINE,760.9541438172507,139.220073006079,0
GEO-011993,LWPOLYLINE,761.0388178047453,140.2572512999429,0
GEO-011994,LWPOLYLINE,776.0258011347637,144.66119352196557,0
GEO-011995,LWPOLYLINE,628.139666009087,243.37334011917025,PDF_Geometry
GEO-011996,LWPOLYLINE,635.7225570092755,243.3681102242531,0
GEO-011997,LWPOLYLINE,626.2638737090526,241.41053866238266,0
GEO-011998,LWPOLYLINE,626.7718718788456,241.41053866238266,0
GEO-011999,LWPOLYLINE,632.030284151713,241.19018696504216,0
GEO-012000,LWPOLYLINE,632.5382823215059,241.19018696504216,0
GEO-012001,LWPOLYLINE,652.8240185281695,243.3881698184979,PDF_Geometry
GEO-012002,LWPOLYLINE,685.4212249508959,243.3681102242531,0
GEO-012003,LWPOLYLINE,652.4984873731279,241.29738074408516,0
GEO-012004,LWPOLYLINE,653.0064855429209,241.29738074408516,0
GEO-012005,LWPOLYLINE,658.2648978157882,241.0770290467447,0
GEO-012006,LWPOLYLINE,658.7728959855813,241.0770290467447,0
GEO-012007,LWPOLYLINE,718.018431373622,243.3790095049778,PDF_Geometry
GEO-012008,LWPOLYLINE,716.1426390735876,241.41620804819019,0
GEO-012009,LWPOLYLINE,716.6506372433805,241.41620804819019,0
GEO-012010,LWPOLYLINE,721.9090495162478,241.1958563508498,0
GEO-012011,LWPOLYLINE,722.4170476860409,241.1958563508498,0
GEO-012012,LWPOLYLINE,721.7885556175315,243.3681102242531,0
GEO-012013,LWPOLYLINE,752.006209705872,243.35721094352834,PDF_Geometry
GEO-012014,LWPOLYLINE,751.6806785508303,241.26642186911565,0
GEO-012015,LWPOLYLINE,752.1886767206233,241.26642186911565,0
GEO-012016,LWPOLYLINE,757.4470889934906,241.0460701717752,0
GEO-012017,LWPOLYLINE,757.9550871632837,241.0460701717752,0
GEO-012018,LWPOLYLINE,758.4010914317265,243.3681102242531,0
GEO-012019,LWPOLYLINE,628.321993336372,203.68905558856125,PDF_Geometry
GEO-012020,LWPOLYLINE,627.5856901586754,201.88305364040508,0
GEO-012021,LWPOLYLINE,628.0936883284685,201.88305364040508,0
GEO-012022,LWPOLYLINE,633.3521006013359,201.6627019430646,0
GEO-012023,LWPOLYLINE,633.8600987711288,201.6627019430646,0
GEO-012024,LINE,635.8147871220083,203.1611024727882,0
GEO-012025,LWPOLYLINE,635.8209236259622,203.8711024727883,0
GEO-012026,LWPOLYLINE,631.7133452981328,126.11564602705894,PDF_Geometry
GEO-012027,LWPOLYLINE,630.9770421204364,124.1410969441659,0
GEO-012028,LWPOLYLINE,631.4850402902293,124.1410969441659,0
GEO-012029,LWPOLYLINE,636.7434525630968,123.92074524682545,0
GEO-012030,LWPOLYLINE,637.2514507328897,123.92074524682545,0
GEO-012031,LWPOLYLINE,637.5091786004981,126.1047467463342,0
GEO-012032,LWPOLYLINE,719.3273262437326,126.19920711956951,PDF_Geometry
GEO-012033,LWPOLYLINE,718.5910230660362,124.22465803667644,0
GEO-012034,LWPOLYLINE,719.0990212358292,124.22465803667644,0
GEO-012035,LWPOLYLINE,724.3574335086965,124.00430633933601,0
GEO-012036,LWPOLYLINE,724.8654316784896,124.00430633933601,0
GEO-012037,LWPOLYLINE,722.4397891644132,126.1047467463342,0
GEO-012038,LWPOLYLINE,743.4653076183693,126.09384746560946,PDF_Geometry
GEO-012039,LWPOLYLINE,741.7668182845479,123.61109492143115,0
GEO-012040,LWPOLYLINE,742.2748164543409,123.61109492143115,0
GEO-012041,LWPOLYLINE,747.6527670481119,123.26380361769691,0
GEO-012042,LWPOLYLINE,748.1607652179049,123.26380361769691,0
GEO-012043,LWPOLYLINE,745.9391507232615,126.1047467463342,0
GEO-012044,LWPOLYLINE,751.4804890489697,203.8602031920635,PDF_Geometry
GEO-012045,LWPOLYLINE,751.1549578939282,201.7694141176508,0
GEO-012046,LWPOLYLINE,751.6629560637211,201.7694141176508,0
GEO-012047,LWPOLYLINE,756.9213683365886,201.5490624203103,0
GEO-012048,LWPOLYLINE,757.4293665063815,201.5490624203103,0
GEO-012049,LWPOLYLINE,689.1499205373525,209.71555515500305,PDF_Geometry
GEO-012050,LINE,689.1111480960582,206.28928707706297,0
GEO-012051,LWPOLYLINE,687.5504378778619,247.4301714545626,PDF_Geometry
GEO-012052,LWPOLYLINE,687.338193922676,129.46876221521455,PDF_Geometry
GEO-012053,LINE,687.5116654365675,251.5995027353787,0
GEO-012054,LINE,687.5116654365675,244.8950991025751,0
GEO-012055,LINE,687.2994214813817,127.27866472540205,0
GEO-012056,LWPOLYLINE,689.118578414166,129.97990953593694,0
GEO-012057,LWPOLYLINE,689.118578414166,130.2575625486598,0
GEO-012058,LWPOLYLINE,689.2390145028432,133.13161622939435,0
GEO-012059,LWPOLYLINE,689.2390145028432,133.40926924211715,0
GEO-012060,LWPOLYLINE,689.2045785076392,246.37032811053814,0
GEO-012061,LWPOLYLINE,689.2045785076392,246.64798112326093,0
GEO-012062,LWPOLYLINE,689.3250145963166,249.5220348039956,0
GEO-012063,LWPOLYLINE,689.3250145963166,249.79968781671835,0
GEO-012064,LWPOLYLINE,690.787096917224,207.9290569274317,0
GEO-012065,LWPOLYLINE,690.787096917224,208.20670994015455,0
GEO-012066,LWPOLYLINE,690.9075330059013,211.08076362088914,0
GEO-012067,LWPOLYLINE,690.9075330059013,211.3584166336119,0
GEO-012068,LWPOLYLINE,650.226869516174,203.75866299963957,PDF_Geometry
GEO-012069,LWPOLYLINE,648.3775696890041,202.0169094505267,0
GEO-012070,LWPOLYLINE,648.885567858797,202.0169094505267,0
GEO-012071,LWPOLYLINE,654.1439801316643,201.7965577531863,0
GEO-012072,LWPOLYLINE,654.6519783014573,201.7965577531863,0
GEO-012073,LINE,687.9110888648181,203.1611024727882,0
GEO-012074,LWPOLYLINE,679.9735888648181,203.8711024727883,0
GEO-012075,LWPOLYLINE,650.5065230043467,125.98445805116145,PDF_Geometry
GEO-012076,LWPOLYLINE,648.6572231771767,124.24270450204861,0
GEO-012077,LWPOLYLINE,649.1652213469697,124.24270450204861,0
GEO-012078,LWPOLYLINE,654.4236336198371,124.02235280470815,0
GEO-012079,LWPOLYLINE,654.93163178963,124.02235280470815,0
GEO-012080,LWPOLYLINE,680.1134156089045,126.1047467463342,0
GEO-012081,LWPOLYLINE,671.8966853431956,123.30213674025521,PDF_Geometry
GEO-012082,LWPOLYLINE,680.0349602652841,115.30450870809679,0
GEO-012083,LWPOLYLINE,674.5310606810908,123.1448479802192,0
GEO-012084,LWPOLYLINE,674.5152370018756,122.8223346687544,0
GEO-012085,LWPOLYLINE,674.4574562453298,118.95529272436585,0
GEO-012086,LWPOLYLINE,674.4574562453298,118.6323914625289,0
GEO-012087,LINE,755.4129760399486,55.99283186785673,0
GEO-012088,LINE,800.8045116829892,44.32209571388006,0
GEO-012089,SOLID,867.8407140854408,44.71769997107107,0
GEO-012090,SOLID,867.8407140854408,43.97686448455305,0
GEO-012091,SOLID,867.8407140854408,44.71769997107107,0
GEO-012092,SOLID,867.8407140854408,43.97686448455305,0
GEO-012093,LWPOLYLINE,867.1634083128713,44.357859747546755,0
GEO-012094,LWPOLYLINE,857.4055198580103,44.37902555293955,0
GEO-012095,SOLID,845.1746652416934,44.72270907146043,0
GEO-012096,SOLID,845.1746652416934,43.960697013626216,0
GEO-012097,LWPOLYLINE,855.3265417079817,44.40465372563247,0
GEO-012098,LWPOLYLINE,759.5527366465627,130.243527509766,PDF_Geometry
GEO-012099,LWPOLYLINE,759.5581370519187,134.1548242704179,0
GEO-012100,LINE,759.5527366465627,129.1858543356442,0
GEO-012101,LWPOLYLINE,761.5440621439898,129.6585807151678,0
GEO-012102,LWPOLYLINE,761.5440621439898,129.9362337278906,0
GEO-012103,LWPOLYLINE,761.6644982326673,132.8102874086252,0
GEO-012104,LWPOLYLINE,761.6644982326673,133.087940421348,0
GEO-012105,LWPOLYLINE,1092.9019658211964,264.61362101624434,0
GEO-012106,LWPOLYLINE,1220.0858062455854,256.5767294335483,PDF_Geometry
GEO-012107,LINE,1220.1199680765299,257.6483656808969,0
GEO-012108,LINE,1220.019393846144,252.4665750151376,0
GEO-012109,LWPOLYLINE,1223.3231097151993,253.19922822980175,0
GEO-012110,LWPOLYLINE,1223.3002575361052,252.92251723727583,0
GEO-012111,LWPOLYLINE,1223.2632290898514,256.67825512828585,0
GEO-012112,LWPOLYLINE,1223.2433482481465,256.40131479607135,0
GEO-012113,CIRCLE,1237.921299133923,118.2535814992957,0
GEO-012114,LWPOLYLINE,1237.3498552890173,119.41772232774619,0
GEO-012115,LWPOLYLINE,1238.4505309990595,119.41772232774619,0
GEO-012116,LWPOLYLINE,1237.879016572722,103.5850754703786,0
GEO-012117,LWPOLYLINE,1237.879016572722,94.52573395494348,0
GEO-012118,SOLID,1237.879038104569,92.76889674587773,0
GEO-012119,LWPOLYLINE,1237.879027338645,91.09673352430653,0
GEO-012120,LWPOLYLINE,1237.879027338645,107.20457891547406,0
GEO-012121,LWPOLYLINE,1237.879027338645,113.3852417064083,0
GEO-012122,LWPOLYLINE,1239.57235636561,110.7817292179372,0
GEO-012123,LWPOLYLINE,1239.76286476303,107.79722146647231,0
GEO-012124,LWPOLYLINE,1239.1490294918303,107.79722146647231,0
GEO-012125,LWPOLYLINE,1239.4665327216076,107.5855849443911,0
GEO-012126,LWPOLYLINE,1239.4665327216076,109.21540578925335,0
GEO-012127,LWPOLYLINE,1237.8578507673296,108.64389674587764,0
GEO-012128,LWPOLYLINE,1237.8578507673296,110.88755824490116,0
GEO-012129,LWPOLYLINE,1237.857850767329,109.78691483262895,0
GEO-012130,LWPOLYLINE,1239.57235636561,100.07140105224705,0
GEO-012131,LWPOLYLINE,1239.76286476303,97.08689330078224,0
GEO-012132,LWPOLYLINE,1239.1490294918303,97.08689330078224,0
GEO-012133,LWPOLYLINE,1239.4665327216076,96.87525677870107,0
GEO-012134,LWPOLYLINE,1239.4665327216076,98.50507762356327,0
GEO-012135,LWPOLYLINE,1237.8578507673296,97.93356858018763,0
GEO-012136,LWPOLYLINE,1237.8578507673296,100.17723007921106,0
GEO-012137,LWPOLYLINE,1237.857850767329,99.07656513509214,0
GEO-012138,LWPOLYLINE,1239.445356150291,101.3625797767479,0
GEO-012139,LWPOLYLINE,1239.445356150291,102.547907942438,0
GEO-012140,LWPOLYLINE,1239.445356150291,103.77556771891369,0
GEO-012141,LWPOLYLINE,1239.445356150291,112.2845875282128,0
GEO-012142,LWPOLYLINE,1239.445356150291,113.46991569390289,0
GEO-012143,LWPOLYLINE,1239.4453669162144,114.65523309366961,0
GEO-012144,LWPOLYLINE,1236.863020233136,117.40689545396691,0
GEO-012145,LWPOLYLINE,1238.0483591647499,117.40692775173704,0
GEO-012146,LWPOLYLINE,1239.276029707149,117.40689545396691,0
GEO-012147,LWPOLYLINE,1226.3608885264885,106.35216677013565,PDF_Geometry
GEO-012148,LWPOLYLINE,1225.6245853487915,104.37761768724255,0
GEO-012149,LWPOLYLINE,1226.132583518585,104.37761768724255,0
GEO-012150,LWPOLYLINE,1231.390995791452,104.1572659899021,0
GEO-012151,LWPOLYLINE,1231.8989939612454,104.1572659899021,0
GEO-012152,LWPOLYLINE,1222.6667132288355,106.3412674894109,0
GEO-012153,LINE,671.8715371462279,122.42213341792765,0
GEO-012154,LINE,687.3135942663488,128.4525827044699,0
GEO-012155,LWPOLYLINE,2276.935387126407,101.65794521346038,PDF3_Geometry
GEO-012156,LWPOLYLINE,2273.1329085859775,90.84117661846113,PDF3_Geometry
GEO-012157,LWPOLYLINE,2273.1329085859775,112.4747138084594,PDF3_Geometry
GEO-012158,LWPOLYLINE,2273.1329085859775,109.7612938810377,PDF3_Geometry
GEO-012159,LWPOLYLINE,2269.330430045548,101.65794521346038,PDF3_Geometry
GEO-012160,LWPOLYLINE,2269.994952161168,101.65794521346012,PDF3_Geometry
GEO-012161,LWPOLYLINE,2270.585623881739,101.65794521346012,PDF3_Geometry
GEO-012162,LWPOLYLINE,2271.213230188397,101.65794521346012,PDF3_Geometry
GEO-012163,LWPOLYLINE,2271.840817717938,101.65794521346012,PDF3_Geometry
GEO-012164,LWPOLYLINE,2272.468424024596,101.65794521346012,PDF3_Geometry
GEO-012165,LWPOLYLINE,2273.059095745167,101.65794521346012,PDF3_Geometry
GEO-012166,LWPOLYLINE,2273.797449478721,101.65794521346012,PDF3_Geometry
GEO-012167,LWPOLYLINE,2274.388121199292,101.65794521346012,PDF3_Geometry
GEO-012168,LWPOLYLINE,2275.015708728834,101.65794521346012,PDF3_Geometry
GEO-012169,LWPOLYLINE,2275.643315035492,101.65794521346012,PDF3_Geometry
GEO-012170,LWPOLYLINE,2276.27088378791,101.65794521346012,PDF3_Geometry
GEO-012171,LINE,2273.1456153392637,93.55459654588253,0
GEO-012172,LINE,2263.338396085583,118.1889402869405,0
GEO-012173,LINE,2280.417658610124,94.19109543947252,0
GEO-012174,LINE,2287.414667769693,79.32450537370823,0
GEO-012175,LWPOLYLINE,2287.414667769693,69.2574220445421,0
GEO-012176,LINE,2283.899930093841,90.83785429350064,0
GEO-012177,LINE,2285.1909897924716,79.32274598132972,0
GEO-012178,LINE,2286.127762122637,74.34595329458224,0
GEO-012179,LINE,2284.07595557289,87.48461314752876,0
GEO-012180,LINE,2283.607852826064,86.38088574863468,0
GEO-012181,LINE,2284.0601757934974,85.2771583497406,0
GEO-012182,LINE,2285.133134988293,86.50177006869899,0
GEO-012183,LINE,2284.8385966540045,86.82237556013843,0
GEO-012184,LINE,2284.544058319716,87.15354027598369,0
GEO-012185,LINE,2284.512498760931,85.67796687645932,0
GEO-012186,LINE,2284.821764011933,86.07877540317804,0
GEO-012187,LINE,2285.132082125614,86.15622597958054,0
GEO-012188,LWPOLYLINE,2249.251170353514,81.12021858701627,0
GEO-012189,LWPOLYLINE,2233.0163408959133,62.446483322031895,0
GEO-012190,LINE,2273.132908585986,115.7471463285444,0
GEO-012191,LINE,2262.410713290028,124.641303379633,0
GEO-012192,LINE,2262.360004791279,113.24787792907085,0
GEO-012193,LINE,2265.8452174184135,109.1428883146163,0
GEO-012194,SOLID,2267.385674783901,117.93383395701005,0
GEO-012195,SOLID,2267.385674783901,118.52649803985511,0
GEO-012196,LWPOLYLINE,2262.424824900194,120.1295324840597,0
GEO-012197,LWPOLYLINE,2262.3599940253553,117.3528675435254,0
GEO-012198,LINE,2283.899930093841,82.2990724693459,0
GEO-012199,SOLID,2268.2662671835833,109.5460819167672,0
GEO-012200,SOLID,2268.2662671835833,108.78408062485636,0
GEO-012201,SOLID,2273.4536339074857,88.89217982926269,0
GEO-012202,LINE,2249.251170353514,85.58825737941376,0
GEO-012203,LINE,2261.352412896423,86.9330996044764,0
GEO-012204,LINE,2273.4536554393326,88.46296680596731,0
GEO-012205,LINE,2868.3434061573485,165.18130988426304,0
GEO-012206,LWPOLYLINE,2867.95087324163,140.15903310446237,PDF_Geometry
GEO-012207,LINE,2867.95087324163,141.1352733771574,0
GEO-012208,LWPOLYLINE,2868.0659834864155,187.2171947489546,PDF_Geometry
GEO-012209,LWPOLYLINE,2928.006059631908,190.74507550617085,PDF_Geometry
GEO-012210,LWPOLYLINE,2922.1210748927024,190.881113688151,0
GEO-012211,LWPOLYLINE,2894.753048530205,190.881113688151,0
GEO-012212,LINE,2868.065983486415,189.4897062335961,0
GEO-012213,LINE,2868.0408808074963,186.336090718868,0
GEO-012214,LWPOLYLINE,2888.73864921864,190.81676370324806,PDF_Geometry
GEO-012215,LINE,2889.619753248727,190.79166102432862,0
GEO-012216,LINE,2868.343406157348,158.79668572706873,0
GEO-012217,LWPOLYLINE,2887.291457667485,188.97112788821335,0
GEO-012218,LWPOLYLINE,2887.7994558372784,188.97112788821335,0
GEO-012219,LWPOLYLINE,2893.057868110145,188.7507761908729,0
GEO-012220,LWPOLYLINE,2893.5658662799387,188.7507761908729,0
GEO-012221,SOLID,755.4129760399485,59.384944999117096,0
GEO-012222,LINE,2868.095727970633,135.5469541388939,0
GEO-012223,LWPOLYLINE,2927.0304960292788,188.7507761908729,0
GEO-012224,LWPOLYLINE,2927.5384941990715,188.7507761908729,0
GEO-012225,LWPOLYLINE,2933.660081341316,188.97112788821335,0
GEO-012226,LWPOLYLINE,2934.1680795111097,188.97112788821335,0
GEO-012227,LWPOLYLINE,2870.8590151469944,187.5062197246152,0
GEO-012228,LWPOLYLINE,2870.83913430529,187.2292793924006,0
GEO-012229,LWPOLYLINE,2870.925153141361,184.2274734003086,0
GEO-012230,LWPOLYLINE,2870.9052722996566,183.950533068094,0
GEO-012231,LINE,2868.257005634195,182.11770616867875,0
GEO-012232,LINE,825.301820082789,89.43039886839752,0
GEO-012233,LINE,835.537071411944,95.31191588707583,0
GEO-012234,LWPOLYLINE,856.9886751822405,95.5019155199932,0
GEO-012235,SOLID,844.7638333576174,95.72882331391547,0
GEO-012236,SOLID,844.7638333576174,94.96682202200466,0
GEO-012237,SOLID,867.4431631182542,95.83101053617983,0
GEO-012238,SOLID,867.4431631182542,95.09018581558522,0
GEO-012239,SOLID,867.4431631182542,95.83101053617983,0
GEO-012240,SOLID,867.4431631182542,95.09018581558522,0
GEO-012241,LWPOLYLINE,866.7658573456847,95.47118107857892,0
GEO-012242,LINE,875.4264162492964,60.357119003100415,0
GEO-012243,LINE,872.9498985931821,61.87024199797375,0
GEO-012244,LINE,909.9068912723541,61.87024199797375,0
GEO-012245,LINE,928.8510622453902,60.357119003100415,0
GEO-012246,LINE,939.0110364071741,60.35711900310042,0
GEO-012247,LINE,1387.416335621501,60.467360864862414,0
GEO-012248,LINE,1384.9398179653872,61.98048385973574,0
GEO-012249,LINE,1421.896810644559,61.98048385973574,0
GEO-012250,LINE,1440.840981617595,60.467360864862414,0
GEO-012251,LINE,1451.000955779379,60.46736086486242,0
GEO-012252,LINE,1886.040821330325,60.578480987745635,0
GEO-012253,LINE,1883.5643036742104,62.09160398261897,0
GEO-012254,LINE,1920.521296353383,62.09160398261897,0
GEO-012255,LINE,1939.465467326419,60.578480987745635,0
GEO-012256,LINE,1949.625441488203,60.578480987745635,0
GEO-012257,LINE,2416.269980990593,60.78553822261135,0
GEO-012258,LINE,2413.793463334479,62.298661217484685,0
GEO-012259,LINE,2450.7504560136513,62.298661217484685,0
GEO-012260,LINE,2469.694626986687,60.78553822261135,0
GEO-012261,LINE,2479.854601148471,60.785538222611365,0
GEO-012262,LINE,3007.629887571662,65.41522571455033,0
GEO-012263,LINE,3005.153369915548,66.92834870942366,0
GEO-012264,LINE,3042.11036259472,66.92834870942366,0
GEO-012265,LINE,3061.054533567756,65.41522571455032,0
GEO-012266,LINE,3071.21450772954,65.41522571455033,0
GEO-012267,LINE,3490.865587604065,65.43604566938546,0
GEO-012268,LINE,3488.3890699479507,66.94916866425879,0
GEO-012269,LINE,3525.3460626271226,66.94916866425879,0
GEO-012270,LINE,3544.290233600159,65.43604566938545,0
GEO-012271,LINE,3554.450207761943,65.43604566938546,0
GEO-012272,LINE,3984.405430936855,65.59177916116249,0
GEO-012273,LINE,3981.9289132807407,67.10490215603582,0
GEO-012274,LINE,4018.8859059599126,67.10490215603582,0
GEO-012275,LINE,4037.830076932948,65.59177916116249,0
GEO-012276,LINE,4047.990051094733,65.59177916116249,0
GEO-012277,LINE,4473.587159784856,65.65958321589522,0
GEO-012278,LINE,4471.110642128742,67.17270621076855,0
GEO-012279,LINE,4508.067634807914,67.17270621076855,0
GEO-012280,LINE,4527.01180578095,65.65958321589522,0
GEO-012281,LINE,4537.171779942734,65.65958321589522,0
GEO-012282,LWPOLYLINE,1367.9320722092375,262.0367347741558,0
GEO-012283,LWPOLYLINE,1367.9320722092375,262.0367347741558,0
GEO-012284,LWPOLYLINE,1321.4367276197354,263.16203401019476,0
GEO-012285,LWPOLYLINE,1183.2290596935986,65.68630047515708,PDF_Geometry
GEO-012286,LWPOLYLINE,1206.8838876132781,65.71436333349436,PDF_Geometry
GEO-012287,LINE,1218.6862899818234,65.7437153286404,0
GEO-012288,LWPOLYLINE,1184.389014491267,65.74367390704015,0
GEO-012289,LWPOLYLINE,1183.4867020812094,63.342062508262075,0
GEO-012290,LWPOLYLINE,1183.994700251003,63.342062508262075,0
GEO-012291,LWPOLYLINE,1189.2531125238704,63.12171081092162,0
GEO-012292,LWPOLYLINE,1189.7611106936636,63.12171081092162,0
GEO-012293,LWPOLYLINE,1205.0880688932534,64.01712530359428,0
GEO-012294,LWPOLYLINE,1205.5960670630466,64.01712530359428,0
GEO-012295,LWPOLYLINE,1210.8544793359144,63.796773606253836,0
GEO-012296,LWPOLYLINE,1211.3624775057074,63.796773606253836,0
GEO-012297,LWPOLYLINE,2225.1949386659026,100.28621695766348,0
GEO-012298,LWPOLYLINE,2225.194941357383,99.4607128666126,0
GEO-012299,LWPOLYLINE,2225.194944048864,98.63523030740853,0
GEO-012300,LWPOLYLINE,2225.978113837649,100.43439374429815,0
GEO-012301,LWPOLYLINE,2226.486103932999,100.43439374429815,0
GEO-012302,LWPOLYLINE,2229.11077415242,99.46071824957431,0
GEO-012303,LWPOLYLINE,2230.804113945308,99.46071824957431,0
GEO-012304,LWPOLYLINE,2234.106103394703,99.46072901549772,0
GEO-012305,LWPOLYLINE,2235.418442541635,99.460723632536,0
GEO-012306,LWPOLYLINE,2237.1117715685996,99.46071824957431,0
GEO-012307,LWPOLYLINE,2227.2904476016192,99.1220438314428,0
GEO-012308,LINE,2192.228175951795,116.58323090931805,0
GEO-012309,LINE,2192.228175951795,81.6565714013853,0
GEO-012310,LINE,2157.493673583291,120.2608296204441,0
GEO-012311,SOLID,2118.038737042052,120.7770032170306,0
GEO-012312,SOLID,2118.038737042052,120.03617849643601,0
GEO-012313,SOLID,2118.038737042052,120.7770032170306,0
GEO-012314,SOLID,2118.038737042052,120.03617849643601,0
GEO-012315,LWPOLYLINE,2117.361404354674,120.3960079540369,0
GEO-012316,LWPOLYLINE,2107.6670698370895,120.41717375942969,0
GEO-012317,LINE,2125.5932707666816,120.4171737594297,0
GEO-012318,LINE,2163.4987534402594,141.1200686649099,0
GEO-012319,LWPOLYLINE,2135.3067973858024,120.3960187199603,0
GEO-012320,LWPOLYLINE,2133.0631358867786,120.3960187199603,0
GEO-012321,LWPOLYLINE,2134.163822362744,120.41717375942966,0
GEO-012322,LWPOLYLINE,2168.131951481888,59.3904393764684,0
GEO-012323,LINE,2148.851107648249,120.4171737594297,0
GEO-012324,LWPOLYLINE,2163.496072088892,120.4171737594297,0
GEO-012325,LWPOLYLINE,2163.4537404781067,122.1528343971792,0
GEO-012326,LWPOLYLINE,2163.474884751653,121.30616988369725,0
GEO-012327,LINE,2166.370461499224,121.3643739237886,0
GEO-012328,LINE,2166.644550404475,120.3666460050826,0
GEO-012329,LINE,2166.429205329314,119.3689180863766,0
GEO-012330,LINE,2165.916970377204,120.4171737594297,0
GEO-012331,LINE,2098.446177229911,120.39600795403695,0
GEO-012332,LINE,1606.5206981882511,118.2468336853374,0
GEO-012333,LINE,1729.9620301985185,118.2468336853374,0
GEO-012334,LWPOLYLINE,1735.0215281381645,118.225678645868,0
GEO-012335,LWPOLYLINE,1732.777866639141,118.225678645868,0
GEO-012336,LWPOLYLINE,1733.878553115107,118.2468336853374,0
GEO-012337,LWPOLYLINE,1755.3354684609856,118.2468336853374,0
GEO-012338,LWPOLYLINE,1755.3142811237458,119.135829809605,0
GEO-012339,LINE,1758.2098578713171,119.1940338496964,0
GEO-012340,LINE,1758.483946776568,118.19630593099035,0
GEO-012341,LINE,1755.1609698591194,120.0144980981567,0
GEO-012342,LINE,1757.756366749297,118.2468336853374,0
GEO-012343,LINE,1758.2896401047647,117.1985780122843,0
GEO-012344,SOLID,1588.7837044446642,118.6066631429383,0
GEO-012345,SOLID,1588.7837044446642,117.8658384223437,0
GEO-012346,SOLID,1588.7837044446642,118.6066631429383,0
GEO-012347,SOLID,1588.7837044446642,117.8658384223437,0
GEO-012348,LWPOLYLINE,1588.106371757286,118.22566787994461,0
GEO-012349,LWPOLYLINE,1578.412037239701,118.2468336853374,0
GEO-012350,LINE,1569.191144632522,118.22566787994465,0
GEO-012351,LINE,1675.640407463783,118.2468336853374,0
GEO-012352,LWPOLYLINE,2218.777264337976,256.2248136572562,0
GEO-012353,LINE,2221.698274673262,254.72357879274026,0
GEO-012354,LINE,2218.731475207504,253.2223439282243,0
GEO-012355,LINE,2215.764675741746,254.72357879274026,0
GEO-012356,LINE,2215.8231992136098,256.2248136572562,0
GEO-012357,LINE,2201.6128238511737,147.1856774651475,0
GEO-012358,LWPOLYLINE,2205.1433066915497,214.26157508097654,0
GEO-012359,LINE,2197.36918950074,221.1396399921214,0
GEO-012360,LINE,2197.4948671416023,222.1614836056724,0
GEO-012361,LINE,2196.8426802490103,221.6505617988969,0
GEO-012362,LINE,2198.0213763933316,221.6505617988969,0
GEO-012363,LWPOLYLINE,2197.408563979107,219.89835915287586,0
GEO-012364,LWPOLYLINE,2198.711839615844,220.68243345778876,0
GEO-012365,LWPOLYLINE,2198.711839615844,220.87649525381045,0
GEO-012366,LWPOLYLINE,2198.7960167816004,222.8852759750306,0
GEO-012367,LWPOLYLINE,2198.7960167816004,223.0793377710523,0
GEO-012368,LWPOLYLINE,2868.350991834084,162.220897146814,PDF_Geometry
GEO-012369,LINE,2868.3760945130034,163.1020011769006,0
GEO-012370,LINE,2868.343406157349,161.00430126296945,0
GEO-012371,LWPOLYLINE,2870.8590151469944,161.7779047317344,0
GEO-012372,LWPOLYLINE,2870.83913430529,161.5009643995198,0
GEO-012373,LWPOLYLINE,2870.925153141361,158.4991584074279,0
GEO-012374,LWPOLYLINE,2870.9052722996566,158.2222180752133,0
GEO-012375,LWPOLYLINE,2870.8590151469944,141.163550262956,0
GEO-012376,LWPOLYLINE,2870.83913430529,140.8866099307414,0
GEO-012377,SOLID,4180.173562582955,154.0541515945984,0
GEO-012378,SOLID,4180.173562582955,153.31332149104207,0
GEO-012379,SOLID,4180.173562582955,154.0541515945984,0
GEO-012380,SOLID,4180.173562582955,153.31332149104207,0
GEO-012381,LWPOLYLINE,4179.496229895578,153.6731455656813,0
GEO-012382,LWPOLYLINE,4169.801895377992,153.6943113710741,0
GEO-012383,LWPOLYLINE,4163.409561075725,154.87965568564925,0
GEO-012384,LWPOLYLINE,4163.261393709274,154.9219872964348,0
GEO-012385,LWPOLYLINE,4164.552558976371,154.87966106861094,0
GEO-012386,LWPOLYLINE,4164.764227796222,154.5833236442267,0
GEO-012387,LWPOLYLINE,4165.8648967775625,154.87965030268754,0
GEO-012388,LWPOLYLINE,4167.198393655444,154.87965568564925,0
GEO-012389,LWPOLYLINE,4206.3990666740065,153.6943275199592,0
GEO-012390,SOLID,4231.095119433507,153.96845501565514,0
GEO-012391,SOLID,4231.095119433507,153.39696750412628,0
GEO-012392,LWPOLYLINE,4183.666063121251,156.40365826947084,0
GEO-012393,LWPOLYLINE,4183.644894624378,155.5569937559889,0
GEO-012394,LWPOLYLINE,4183.644891932897,154.75265547033086,0
GEO-012395,LWPOLYLINE,4184.406898607769,156.53064233590425,0
GEO-012396,LWPOLYLINE,4184.914899469043,156.53064233590425,0
GEO-012397,LWPOLYLINE,4187.58189860777,155.55697760710382,0
GEO-012398,LWPOLYLINE,4189.275227634733,155.55697760710382,0
GEO-012399,LWPOLYLINE,4192.577227850052,155.5569883730272,0
GEO-012400,LWPOLYLINE,4193.889558922541,155.55698299006548,0
GEO-012401,LWPOLYLINE,4195.582896023948,155.55697760710382,0
GEO-012402,LWPOLYLINE,4185.761561291043,155.23948514325014,0
GEO-012403,LINE,4231.947238077679,158.55058537388476,0
GEO-012404,LWPOLYLINE,4162.984286555594,152.94320933759104,0
GEO-012405,LWPOLYLINE,4164.0002855866605,152.858524584173,0
GEO-012406,LWPOLYLINE,4165.206791669407,152.94320395462935,0
GEO-012407,LWPOLYLINE,4166.434454137365,152.94320395462935,0
GEO-012408,LWPOLYLINE,4167.619787686016,152.94320395462935,0
GEO-012409,LWPOLYLINE,4233.128928183045,122.35196397570135,0
GEO-012410,LWPOLYLINE,4233.128922800084,121.5264545016888,0
GEO-012411,LWPOLYLINE,4233.1289174171225,120.70095579359955,0
GEO-012412,LWPOLYLINE,4233.912084514426,122.50013537937436,0
GEO-012413,LWPOLYLINE,4234.420074609777,122.50013537937436,0
GEO-012414,LWPOLYLINE,4346.537720891821,122.3980922974205,0
GEO-012415,LWPOLYLINE,4346.537715508859,121.5725828234079,0
GEO-012416,LWPOLYLINE,4346.537710125897,120.74708411531876,0
GEO-012417,LWPOLYLINE,4347.320877223201,122.54626370109345,0
GEO-012418,LWPOLYLINE,4347.828867318551,122.54626370109345,0
GEO-012419,LWPOLYLINE,4161.836195882432,208.95132430905005,0
GEO-012420,LWPOLYLINE,4163.106195344136,208.95132430905005,0
GEO-012421,LWPOLYLINE,4164.355030346187,208.95132430905005,0
GEO-012422,LWPOLYLINE,4166.535197120513,208.8666610874788,0
GEO-012423,LWPOLYLINE,4168.905862872076,208.95132430905005,0
GEO-012424,LWPOLYLINE,4170.133528031513,208.95132430905005,0
GEO-012425,LWPOLYLINE,4171.512341188603,208.95132430905005,0
GEO-012426,LWPOLYLINE,1301.8444993500316,269.0106583687975,PDF_Geometry
GEO-012427,LWPOLYLINE,2209.2326420625222,231.19155819788466,PDF_Geometry
GEO-012428,LWPOLYLINE,1320.4975738625549,268.7532230801053,0
GEO-012429,LWPOLYLINE,1300.016647822196,269.8247795960333,0
GEO-012430,LWPOLYLINE,1300.016647822196,269.5503915375906,0
GEO-012431,LWPOLYLINE,1299.897627955584,266.71013419053907,0
GEO-012432,LWPOLYLINE,1299.897627955584,266.4357461320965,0
GEO-012433,LINE,1301.8819743561605,270.0575142837588,0
GEO-012434,LWPOLYLINE,2211.944591110334,231.29761045991376,0
GEO-012435,LWPOLYLINE,2211.944591110334,231.02322240147112,0
GEO-012436,LWPOLYLINE,2211.825571243722,228.18296505441964,0
GEO-012437,LWPOLYLINE,2211.825571243722,227.90857699597694,0
GEO-012438,LWPOLYLINE,1732.617120166253,223.5657100295848,PDF_Geometry
GEO-012439,LWPOLYLINE,1735.5592698857886,223.67176229161396,0
GEO-012440,LWPOLYLINE,1735.5592698857886,223.39737423317126,0
GEO-012441,LWPOLYLINE,1735.440250019177,220.55711688611976,0
GEO-012442,LWPOLYLINE,1735.440250019177,220.28272882767706,0
GEO-012443,LINE,1732.655892607547,226.3196063130197,0
GEO-012444,LWPOLYLINE,2140.82165045111,221.92040051003056,PDF_Geometry
GEO-012445,LWPOLYLINE,2143.3864555756254,222.04352377095256,0
GEO-012446,LWPOLYLINE,2143.3864555756254,221.76913571250986,0
GEO-012447,LWPOLYLINE,2140.835506485988,219.4431458770292,0
GEO-012448,LWPOLYLINE,2821.272800219752,236.53828072865235,PDF_Geometry
GEO-012449,LWPOLYLINE,2823.9847492675635,235.86452775847465,0
GEO-012450,LWPOLYLINE,2823.9847492675635,235.59013970003195,0
GEO-012451,LINE,2821.418522007665,233.44276322200398,0
GEO-012452,LINE,1174.303675845973,100.92270499335396,0
GEO-012453,SOLID,1174.105857641905,97.9483272069217,0
GEO-012454,SOLID,1174.647581825881,97.98375298731389,0
GEO-012455,LWPOLYLINE,1733.046776419314,114.9121735343775,0
GEO-012456,LWPOLYLINE,1730.1257768499504,114.70051548044965,0
GEO-012457,LWPOLYLINE,1730.1257768499504,115.31435613461085,0
GEO-012458,LWPOLYLINE,1729.914118796023,115.0180133272649,0
GEO-012459,LWPOLYLINE,1731.5439504068086,115.0180133272649,0
GEO-012460,LWPOLYLINE,1734.2321045850044,115.0391683667343,0
GEO-012461,LWPOLYLINE,1735.4174435166174,115.0391683667343,0
GEO-012462,LWPOLYLINE,1736.5924895834514,115.0391683667343,0
GEO-012463,LWPOLYLINE,1753.2138675771555,114.5126983700209,0
GEO-012464,LWPOLYLINE,1754.5897095232272,114.5126983700209,0
GEO-012465,LWPOLYLINE,1755.6268770511679,114.4280405314114,0
GEO-012466,LWPOLYLINE,1756.854547593567,114.5126983700209,0
GEO-012467,LWPOLYLINE,1758.039864993334,114.5126983700209,0
GEO-012468,LWPOLYLINE,1753.108027784268,114.8936882500529,0
GEO-012469,LWPOLYLINE,1759.3142277872057,114.53424948216725,0
GEO-012470,LWPOLYLINE,2163.9544538724513,117.2213609507926,0
GEO-012471,LWPOLYLINE,2161.033454303088,117.32716844590975,0
GEO-012472,LWPOLYLINE,2162.40929624916,117.32716844590975,0
GEO-012473,LINE,2195.1456475621594,143.79824545827,0
GEO-012474,LINE,2194.475169845217,142.59564919294095,0
GEO-012475,LINE,2195.1376401216335,142.0975777500098,0
GEO-012476,LINE,2195.80011039805,142.58934772089924,0
GEO-012477,LWPOLYLINE,2134.098836196268,118.0513242833145,0
GEO-012478,LWPOLYLINE,2131.0931626394104,117.88198707424874,0
GEO-012479,LWPOLYLINE,2131.0931626394104,118.49581696248666,0
GEO-012480,LWPOLYLINE,2130.902681156799,118.1994849210641,0
GEO-012481,LWPOLYLINE,2132.532512767584,118.1994849210641,0
GEO-012482,LINE,264.6405130944217,90.95096647569746,0
GEO-012483,LWPOLYLINE,1216.67583728124,64.18455304453752,0
GEO-012484,LWPOLYLINE,1213.6278536454433,64.01522660139518,0
GEO-012485,LWPOLYLINE,1213.6278536454433,64.62905648963303,0
GEO-012486,LWPOLYLINE,1213.416174059669,64.3327352141339,0
GEO-012487,LWPOLYLINE,1215.046016436378,64.3327352141339,0
GEO-012488,LWPOLYLINE,1216.739345463342,66.44940188080056,0
GEO-012489,LWPOLYLINE,1216.739345463342,65.87789283742491,0
GEO-012490,LWPOLYLINE,1214.4533523535324,65.87789283742491,0
GEO-012491,LWPOLYLINE,1215.5751723371213,65.87788207150152,0
GEO-012492,LINE,1744.628171210477,118.2468336853374,0
GEO-012493,LINE,2201.6745576100584,218.7249693353904,0
GEO-012494,LINE,2204.986384917,217.94056467491362,0
GEO-012495,LINE,2201.129637332637,208.0418546414448,0
GEO-012496,LINE,2204.97052995507,209.7100210520328,0
GEO-012497,LWPOLYLINE,2947.2682318958477,239.53354919328467,PDF_Geometry
GEO-012498,LWPOLYLINE,2951.3425053107067,221.15804668621175,0
GEO-012499,LWPOLYLINE,2951.772079418714,241.02676031441337,0
GEO-012500,LWPOLYLINE,2951.772079418714,240.330511235021,0
GEO-012501,LWPOLYLINE,2147.9940636150322,171.0895575358322,0
GEO-012502,LWPOLYLINE,2135.5095387591564,179.6832190348557,0
GEO-012503,LWPOLYLINE,2136.652535314061,179.6832190348557,0
GEO-012504,LWPOLYLINE,2137.8166976743587,179.6832190348557,0
GEO-012505,LWPOLYLINE,2132.165190784167,176.48706399538625,0
GEO-012506,LWPOLYLINE,2132.165190784167,175.42873066205289,0
GEO-012507,LWPOLYLINE,2132.165190784167,174.34922075740334,0
GEO-012508,CIRCLE,2141.139818905485,179.7255506456413,0
GEO-012509,LWPOLYLINE,2140.631857450834,180.84739216107636,0
GEO-012510,LWPOLYLINE,2140.653044788073,181.418901204452,0
GEO-012511,LWPOLYLINE,2141.5632174836574,180.84739216107636,0
GEO-012512,LWPOLYLINE,2141.436211885378,180.8685472005457,0
GEO-012513,CIRCLE,2141.13981877248,171.0895575358322,0
GEO-012514,LWPOLYLINE,2139.658230402766,172.2113882853439,0
GEO-012515,LWPOLYLINE,2140.377889317967,172.2113882853439,0
GEO-012516,LWPOLYLINE,2140.0180598603665,172.2325540907367,0
GEO-012517,LWPOLYLINE,2141.224564597373,172.2113882853439,0
GEO-012518,LWPOLYLINE,2141.182232986587,172.7405549520106,0
GEO-012519,LWPOLYLINE,2142.1347265270333,172.2113882853439,0
GEO-012520,LWPOLYLINE,2142.325208009645,171.95738785470695,0
GEO-012521,CIRCLE,2132.207482855325,171.1318891466178,0
GEO-012522,LWPOLYLINE,2131.614879843954,172.27488570152235,0
GEO-012523,LWPOLYLINE,2131.6360456493476,172.8252181735818,0
GEO-012524,LWPOLYLINE,2132.6308815665025,172.57121774294484,0
GEO-012525,LWPOLYLINE,2132.630881566503,172.0208852708854,0
GEO-012526,LWPOLYLINE,2148.2518811358655,179.6832190348557,0
GEO-012527,LWPOLYLINE,2135.50954952508,171.1318891466178,0
GEO-012528,LWPOLYLINE,2136.6525460799844,171.1318891466178,0
GEO-012529,LWPOLYLINE,2137.816708440282,171.1318891466178,0
GEO-012530,CIRCLE,2132.207482988331,179.7255506456413,0
GEO-012531,LWPOLYLINE,2132.2075439268,179.7255506456412,0
GEO-012532,LWPOLYLINE,2131.530216622384,180.84739216107636,0
GEO-012533,LWPOLYLINE,2131.509050816991,181.418901204452,0
GEO-012534,LWPOLYLINE,2132.080549094443,180.84739216107636,0
GEO-012535,LWPOLYLINE,2132.927202842001,180.84739216107636,0
GEO-012536,LWPOLYLINE,2132.186367355484,179.7255506456412,0
GEO-012537,LWPOLYLINE,1740.423356845779,185.2816786159092,0
GEO-012538,LWPOLYLINE,1732.3041365904319,193.0051790523858,0
GEO-012539,LWPOLYLINE,1733.3313977167513,193.0051790523858,0
GEO-012540,LWPOLYLINE,1734.3776814805356,193.0051790523858,0
GEO-012541,LWPOLYLINE,1729.298424409717,190.13265436134532,0
GEO-012542,LWPOLYLINE,1729.298424409717,189.18148378488425,0
GEO-012543,LWPOLYLINE,1729.298424409717,188.211280895151,0
GEO-012544,CIRCLE,1737.364316255712,193.0432243273151,0
GEO-012545,LWPOLYLINE,1736.907789021406,194.05147249197756,0
GEO-012546,LWPOLYLINE,1736.9268310104849,194.5651127309448,0
GEO-012547,LWPOLYLINE,1737.744843124694,194.05147249197756,0
GEO-012548,LWPOLYLINE,1737.630697624099,194.0704854536347,0
GEO-012549,CIRCLE,1737.364316136174,185.2816786159092,0
GEO-012550,LWPOLYLINE,1736.032747698033,186.28991710476416,0
GEO-012551,LWPOLYLINE,1736.679536723445,186.28991710476416,0
GEO-012552,LWPOLYLINE,1736.356142210739,186.3089397422287,0
GEO-012553,LWPOLYLINE,1737.44048092526,186.28991710476416,0
GEO-012554,LWPOLYLINE,1737.402435650331,186.7655023929947,0
GEO-012555,LWPOLYLINE,1738.258483363661,186.28991710476416,0
GEO-012556,LWPOLYLINE,1738.4296774250352,186.06163577938116,0
GEO-012557,CIRCLE,1729.336434148649,185.3197238908384,0
GEO-012558,LWPOLYLINE,1728.803835835636,186.34698501715803,0
GEO-012559,LWPOLYLINE,1728.8228584731014,186.8415929428532,0
GEO-012560,LWPOLYLINE,1729.7169611371685,186.61331161747023,0
GEO-012561,LWPOLYLINE,1729.716961137168,186.1187036917751,0
GEO-012562,LWPOLYLINE,1732.3041462662395,185.3197238908384,0
GEO-012563,LWPOLYLINE,1733.331407392559,185.3197238908384,0
GEO-012564,LWPOLYLINE,1734.377691156343,185.3197238908384,0
GEO-012565,CIRCLE,1729.336434268186,193.0432243273151,0
GEO-012566,LWPOLYLINE,1729.336489036261,193.04322432731504,0
GEO-012567,LWPOLYLINE,1728.727745285778,194.05147249197756,0
GEO-012568,LWPOLYLINE,1728.7087226483136,194.5651127309448,0
GEO-012569,LWPOLYLINE,1729.222353211473,194.05147249197756,0
GEO-012570,LWPOLYLINE,1729.983278061673,194.05147249197756,0
GEO-012571,LWPOLYLINE,1729.317456722989,193.0432243273151,0
GEO-012572,LWPOLYLINE,1741.6874558618447,193.0051790523858,0
GEO-012573,LINE,1744.1635617493457,193.0051790523858,0
GEO-012574,LWPOLYLINE,1743.3317808070415,185.2816786159092,0
GEO-012575,LWPOLYLINE,1740.4035855187544,171.0916941507021,0
GEO-012576,LWPOLYLINE,1732.2843652634074,178.8151945871788,0
GEO-012577,LWPOLYLINE,1733.3116263897275,178.8151945871788,0
GEO-012578,LWPOLYLINE,1734.3579101535115,178.8151945871788,0
GEO-012579,LWPOLYLINE,1729.278653082692,175.9426698961382,0
GEO-012580,LWPOLYLINE,1729.278653082692,174.99149931967713,0
GEO-012581,LWPOLYLINE,1729.278653082692,174.0212964299439,0
GEO-012582,CIRCLE,1737.344544928687,178.853239862108,0
GEO-012583,LWPOLYLINE,1736.888017694381,179.86148802677045,0
GEO-012584,LWPOLYLINE,1736.907059683461,180.3751282657377,0
GEO-012585,LWPOLYLINE,1737.725071797669,179.86148802677045,0
GEO-012586,LWPOLYLINE,1737.610926297074,179.8805009884276,0
GEO-012587,CIRCLE,1737.34454480915,171.0916941507021,0
GEO-012588,LWPOLYLINE,1736.012976371008,172.09993263955704,0
GEO-012589,LWPOLYLINE,1736.659765396421,172.09993263955704,0
GEO-012590,LWPOLYLINE,1736.3363708837146,172.1189552770217,0
GEO-012591,LWPOLYLINE,1737.420709598235,172.09993263955704,0
GEO-012592,LWPOLYLINE,1737.382664323306,172.5755179277876,0
GEO-012593,LWPOLYLINE,1738.2387120366366,172.09993263955704,0
GEO-012594,LWPOLYLINE,1738.409906098011,171.8716513141741,0
GEO-012595,CIRCLE,1729.316662821624,171.1297394256313,0
GEO-012596,LWPOLYLINE,1728.784064508612,172.15700055195094,0
GEO-012597,LWPOLYLINE,1728.8030871460765,172.6516084776461,0
GEO-012598,LWPOLYLINE,1729.6971898101435,172.42332715226314,0
GEO-012599,LWPOLYLINE,1729.697189810144,171.928719226568,0
GEO-012600,LWPOLYLINE,1741.6676845348206,178.8151945871788,0
GEO-012601,LWPOLYLINE,1732.2843749392155,171.1297394256313,0
GEO-012602,LWPOLYLINE,1733.3116360655345,171.1297394256313,0
GEO-012603,LWPOLYLINE,1734.3579198293191,171.1297394256313,0
GEO-012604,CIRCLE,1729.316662941162,178.853239862108,0
GEO-012605,LWPOLYLINE,1729.3167177092364,178.853239862108,0
GEO-012606,LWPOLYLINE,1728.707973958754,179.86148802677045,0
GEO-012607,LWPOLYLINE,1728.6889513212896,180.3751282657377,0
GEO-012608,LWPOLYLINE,1729.202581884449,179.86148802677045,0
GEO-012609,LWPOLYLINE,1729.9635067346485,179.86148802677045,0
GEO-012610,LWPOLYLINE,1729.297685395964,178.853239862108,0
GEO-012611,LINE,1744.143790422321,178.8151945871788,0
GEO-012612,LWPOLYLINE,1740.3635375272574,157.1293821318832,0
GEO-012613,LWPOLYLINE,1732.2443172719109,164.8528825683598,0
GEO-012614,LWPOLYLINE,1733.27157839823,164.8528825683598,0
GEO-012615,LWPOLYLINE,1734.3178621620145,164.8528825683598,0
GEO-012616,LWPOLYLINE,1729.238605091195,161.9803578773193,0
GEO-012617,LWPOLYLINE,1729.238605091195,161.02918730085827,0
GEO-012618,LWPOLYLINE,1729.238605091195,160.058984411125,0
GEO-012619,CIRCLE,1737.304496937191,164.8909278432891,0
GEO-012620,LWPOLYLINE,1736.847969702884,165.89917600795155,0
GEO-012621,LWPOLYLINE,1736.867011691964,166.4128162469188,0
GEO-012622,LWPOLYLINE,1737.685023806172,165.89917600795155,0
GEO-012623,LWPOLYLINE,1737.570878305577,165.9181889696087,0
GEO-012624,CIRCLE,1737.304496817653,157.1293821318832,0
GEO-012625,LWPOLYLINE,1735.972928379511,158.13762062073815,0
GEO-012626,LWPOLYLINE,1736.619717404924,158.13762062073815,0
GEO-012627,LWPOLYLINE,1736.2963228922174,158.1566432582027,0
GEO-012628,LWPOLYLINE,1737.380661606739,158.13762062073815,0
GEO-012629,LWPOLYLINE,1737.3426163318095,158.6132059089687,0
GEO-012630,LWPOLYLINE,1738.1986640451396,158.13762062073815,0
GEO-012631,LWPOLYLINE,1738.3698581065141,157.90933929535515,0
GEO-012632,CIRCLE,1729.276614830127,157.1674274068124,0
GEO-012633,LWPOLYLINE,1728.744016517115,158.19468853313202,0
GEO-012634,LWPOLYLINE,1728.7630391545795,158.6892964588272,0
GEO-012635,LWPOLYLINE,1729.657141818647,158.46101513344425,0
GEO-012636,LWPOLYLINE,1729.657141818647,157.9664072077491,0
GEO-012637,LWPOLYLINE,1741.6276365433237,164.8528825683598,0
GEO-012638,LWPOLYLINE,1732.244326947718,157.1674274068124,0
GEO-012639,LWPOLYLINE,1733.271588074038,157.1674274068124,0
GEO-012640,LWPOLYLINE,1734.317871837822,157.1674274068124,0
GEO-012641,CIRCLE,1729.276614949665,164.8909278432891,0
GEO-012642,LWPOLYLINE,1729.276669717739,164.89092784328903,0
GEO-012643,LWPOLYLINE,1728.667925967257,165.89917600795155,0
GEO-012644,LWPOLYLINE,1728.6489033297926,166.4128162469188,0
GEO-012645,LWPOLYLINE,1729.162533892952,165.89917600795155,0
GEO-012646,LWPOLYLINE,1729.9234587431515,165.89917600795155,0
GEO-012647,LWPOLYLINE,1729.257637404467,164.890927843289,0
GEO-012648,LINE,1744.103742430824,164.8528825683598,0
GEO-012649,LWPOLYLINE,1740.4064280418036,143.4563851604325,0
GEO-012650,LWPOLYLINE,1732.2872077864558,151.1798855969092,0
GEO-012651,LWPOLYLINE,1733.3144689127755,151.1798855969092,0
GEO-012652,LWPOLYLINE,1734.3607526765595,151.1798855969092,0
GEO-012653,LWPOLYLINE,1729.281495605741,148.30736090586868,0
GEO-012654,LWPOLYLINE,1729.281495605741,147.35619032940753,0
GEO-012655,LWPOLYLINE,1729.281495605741,146.3859874396744,0
GEO-012656,CIRCLE,1737.347387451736,151.2179308718385,0
GEO-012657,LWPOLYLINE,1736.89086021743,152.22617903650087,0
GEO-012658,LWPOLYLINE,1736.9099022065095,152.7398192754681,0
GEO-012659,LWPOLYLINE,1737.727914320718,152.22617903650087,0
GEO-012660,LWPOLYLINE,1737.6137688201225,152.2451919981581,0
GEO-012661,CIRCLE,1737.347387332198,143.4563851604325,0
GEO-012662,LWPOLYLINE,1736.015818894057,144.4646236492875,0
GEO-012663,LWPOLYLINE,1736.662607919469,144.4646236492875,0
GEO-012664,LWPOLYLINE,1736.339213406763,144.4836462867521,0
GEO-012665,LWPOLYLINE,1737.423552121284,144.4646236492875,0
GEO-012666,LWPOLYLINE,1737.385506846355,144.9402089375181,0
GEO-012667,LWPOLYLINE,1738.241554559685,144.4646236492875,0
GEO-012668,LWPOLYLINE,1738.412748621059,144.23634232390452,0
GEO-012669,CIRCLE,1729.319505344673,143.4944304353618,0
GEO-012670,LWPOLYLINE,1728.78690703166,144.5216915616814,0
GEO-012671,LWPOLYLINE,1728.8059296691254,145.0162994873766,0
GEO-012672,LWPOLYLINE,1729.7000323331927,144.7880181619936,0
GEO-012673,LWPOLYLINE,1729.700032333192,144.2934102362984,0
GEO-012674,LWPOLYLINE,1741.6705270578686,151.1798855969092,0
GEO-012675,LWPOLYLINE,1732.2872174622635,143.4944304353618,0
GEO-012676,LWPOLYLINE,1733.314478588583,143.4944304353618,0
GEO-012677,LWPOLYLINE,1734.3607623523671,143.4944304353618,0
GEO-012678,CIRCLE,1729.31950546421,151.2179308718385,0
GEO-012679,LWPOLYLINE,1729.3195602322849,151.2179308718384,0
GEO-012680,LWPOLYLINE,1728.710816481802,152.22617903650087,0
GEO-012681,LWPOLYLINE,1728.6917938443376,152.7398192754681,0
GEO-012682,LWPOLYLINE,1729.205424407497,152.22617903650087,0
GEO-012683,LWPOLYLINE,1729.9663492576974,152.22617903650087,0
GEO-012684,LWPOLYLINE,1729.300527919013,151.2179308718384,0
GEO-012685,LINE,1744.1466329453697,151.1798855969092,0
GEO-012686,LWPOLYLINE,433.9130043845855,287.7820357428656,0
GEO-012687,LWPOLYLINE,436.55881618607214,287.7820357428656,0
GEO-012688,LWPOLYLINE,438.9083067120595,287.7820357428656,0
GEO-012689,LWPOLYLINE,438.95065985469193,288.9673746744791,0
GEO-012690,LWPOLYLINE,440.9402886253082,287.7820357428656,0
GEO-012691,LWPOLYLINE,440.62282307626305,287.8667097303603,0
GEO-012692,LWPOLYLINE,443.14164004539293,287.7820357428656,0
GEO-012693,LWPOLYLINE,403.6023006831424,148.63236821492512,0
GEO-012694,LWPOLYLINE,281.7246382151859,297.0953669230143,0
GEO-012695,LWPOLYLINE,281.89397676999204,148.6323682149251,0
GEO-012696,LWPOLYLINE,281.9151277722402,148.63236821492512,0
GEO-012697,LWPOLYLINE,482.2999733787262,148.63236821492512,0
GEO-012698,LWPOLYLINE,479.9293170473459,149.775375535753,0
GEO-012699,LWPOLYLINE,440.5592933623145,148.63236821492512,0
GEO-012700,LWPOLYLINE,478.72280154441626,3.5560383266872817,0
GEO-012701,LWPOLYLINE,281.7246382151859,148.63236821492512,0
GEO-012702,LWPOLYLINE,477.5162860414866,14.901362186008026,0
GEO-012703,LWPOLYLINE,477.5162860414866,22.119170973036024,0
GEO-012704,LWPOLYLINE,448.5179484017839,4.699002583821614,0
GEO-012705,LWPOLYLINE,440.5592825963911,46.39734022352429,0
GEO-012706,LWPOLYLINE,440.5592825963911,49.53000861273871,0
GEO-012707,LWPOLYLINE,440.5592825963911,40.59767269558377,0
GEO-012708,LWPOLYLINE,404.7241529645009,45.042696380615226,0
GEO-012709,LWPOLYLINE,404.9358110184288,44.72518776787651,0
GEO-012710,LWPOLYLINE,406.0364651966245,45.042696380615226,0
GEO-012711,LWPOLYLINE,405.86714951940553,45.08501722547742,0
GEO-012712,LWPOLYLINE,407.39115210322706,45.042696380615226,0
GEO-012713,LWPOLYLINE,408.5553359953712,51.202182600233286,0
GEO-012714,LWPOLYLINE,461.9799819914649,51.202182600233286,0
GEO-012715,LWPOLYLINE,472.1399561532487,51.202182600233286,0
GEO-012716,LWPOLYLINE,464.3717825963911,45.042696380615226,0
GEO-012717,LWPOLYLINE,465.78995615324874,45.042696380615226,0
GEO-012718,LWPOLYLINE,465.81114349048835,44.78871748182508,0
GEO-012719,LWPOLYLINE,467.1869854365604,45.042696380615226,0
GEO-012720,LWPOLYLINE,467.144632293928,45.72003445095485,0
GEO-012721,LWPOLYLINE,468.30879465422527,45.042696380615226,0
GEO-012722,LWPOLYLINE,468.11830240569014,45.08501722547742,0
GEO-012723,LWPOLYLINE,430.632132293928,44.91570154825845,0
GEO-012724,LWPOLYLINE,432.00796347407675,44.91570154825845,0
GEO-012725,LWPOLYLINE,431.8386477968578,44.91571231418185,0
GEO-012726,LWPOLYLINE,433.2779656272613,44.91569078233506,0
GEO-012727,LWPOLYLINE,434.5902886253082,44.91570154825845,0
GEO-012728,LWPOLYLINE,435.9238204924416,44.91570154825845,0
GEO-012729,LWPOLYLINE,436.15662281991536,44.598192935519734,0
GEO-012730,LWPOLYLINE,436.8340147198721,44.91570154825845,0
GEO-012731,LWPOLYLINE,437.8076632997873,44.91570154825845,0
GEO-012732,LWPOLYLINE,439.2046710512523,44.91570154825845,0
GEO-012733,LWPOLYLINE,439.20464951940545,45.59303961859808,0
GEO-012734,LWPOLYLINE,439.9243084346074,44.91570154825845,0
GEO-012735,LWPOLYLINE,440.9614974943946,44.91570154825845,0
GEO-012736,LWPOLYLINE,442.31613057138026,44.91570154825845,0
GEO-012737,LWPOLYLINE,473.17714521303606,45.042685614691834,0
GEO-012738,LWPOLYLINE,474.0026331552019,45.042696380615226,0
GEO-012739,LWPOLYLINE,475.0186564095965,45.042696380615226,0
GEO-012740,LWPOLYLINE,476.3521452130361,45.042696380615226,0
GEO-012741,LWPOLYLINE,440.5592933623145,52.62036692301432,0
GEO-012742,LWPOLYLINE,440.5592933623145,55.79536692301432,0
GEO-012743,LWPOLYLINE,455.2278101571551,15.980850558810758,0
GEO-012744,LWPOLYLINE,456.0532980993208,15.98085055881076,0
GEO-012745,LWPOLYLINE,456.9423480532053,15.98085055881076,0
GEO-012746,LWPOLYLINE,456.49782307626305,16.00201636420355,0
GEO-012747,LWPOLYLINE,457.85249921694236,15.98085055881076,0
GEO-012748,LWPOLYLINE,457.70431704734597,16.00201636420355,0
GEO-012749,LWPOLYLINE,459.0801589934181,15.98085055881076,0
GEO-012750,LWPOLYLINE,458.93197682382174,16.00201636420355,0
GEO-012751,LWPOLYLINE,459.0801589934181,15.32468905978732,0
GEO-012752,LWPOLYLINE,460.3290061071334,15.980850558810758,0
GEO-012753,LWPOLYLINE,460.30781876989374,16.6370120578342,0
GEO-012754,LWPOLYLINE,464.96451127477656,15.959695519341354,0
GEO-012755,LWPOLYLINE,466.25564693558385,15.95970628526475,0
GEO-012756,LWPOLYLINE,466.10748629783427,16.00201636420355,0
GEO-012757,LWPOLYLINE,405.40150180076387,12.14969982571072,0
GEO-012758,LWPOLYLINE,406.7773006831424,12.14969982571072,0
GEO-012759,LWPOLYLINE,407.0313118797028,11.853367784288189,0
GEO-012760,LWPOLYLINE,408.23780585078566,12.149689059787324,0
GEO-012761,LWPOLYLINE,408.2166615772396,11.98038414849175,0
GEO-012762,LWPOLYLINE,409.7829634740767,12.149689059787324,0
GEO-012763,LWPOLYLINE,410.7142912091299,12.149689059787324,0
GEO-012764,LWPOLYLINE,411.666817047346,12.149689059787324,0
GEO-012765,LWPOLYLINE,413.1484664885352,12.14969982571072,0
GEO-012766,LWPOLYLINE,415.7096366002974,12.14967829386393,0
GEO-012767,LWPOLYLINE,415.6884707949045,12.82701636420356,0
GEO-012768,LWPOLYLINE,416.4292955154992,12.14967829386393,0
GEO-012769,LWPOLYLINE,417.4029656272614,12.14967829386393,0
GEO-012770,LWPOLYLINE,417.3817998218685,12.82701636420356,0
GEO-012771,LWPOLYLINE,418.5247963767731,12.149689059787324,0
GEO-012772,LWPOLYLINE,419.64662712628484,12.149689059787324,0
GEO-012773,LWPOLYLINE,419.4772899172191,12.23437381320529,0
GEO-012774,LWPOLYLINE,421.7421495194054,12.340202840169269,0
GEO-012775,LWPOLYLINE,421.7421495194054,11.535859171549475,0
GEO-012776,LWPOLYLINE,454.0848136022505,25.99271791246202,0
GEO-012777,LWPOLYLINE,455.41830240569016,25.99271791246202,0
GEO-012778,LWPOLYLINE,455.6723136022506,25.675209299723306,0
GEO-012779,LWPOLYLINE,456.87878604148665,25.992707146538624,0
GEO-012780,LWPOLYLINE,456.85764176794055,25.73871748182508,0
GEO-012781,LWPOLYLINE,458.44514176794064,25.992707146538624,0
GEO-012782,LWPOLYLINE,459.3553359953712,25.992707146538624,0
GEO-012783,LWPOLYLINE,460.3077972380469,25.992707146538624,0
GEO-012784,LWPOLYLINE,461.789468211083,25.992696380615236,0
GEO-012785,LWPOLYLINE,464.3506167909982,25.992707146538624,0
GEO-012786,LWPOLYLINE,465.8746409066667,25.992696380615236,0
GEO-012787,LWPOLYLINE,466.84831101842894,25.37887725830078,0
GEO-012788,LWPOLYLINE,454.0848136022505,38.88317786322699,0
GEO-012789,LWPOLYLINE,455.39713660029736,38.88318862915039,0
GEO-012790,LWPOLYLINE,455.2278101571551,38.94669681125217,0
GEO-012791,LWPOLYLINE,456.6882937929514,38.88319939507379,0
GEO-012792,LWPOLYLINE,457.5349475405101,38.88318862915039,0
GEO-012793,LWPOLYLINE,458.55101385859814,38.88321016099717,0
GEO-012794,LWPOLYLINE,459.88445959834416,38.88318862915039,0
GEO-012795,LWPOLYLINE,454.0848136022505,35.62351464165582,0
GEO-012796,LWPOLYLINE,455.41830240569016,35.62351464165582,0
GEO-012797,LWPOLYLINE,455.6723136022506,35.30602756076389,0
GEO-012798,LWPOLYLINE,456.87878604148665,35.62352540757921,0
GEO-012799,LWPOLYLINE,456.85764176794055,35.39071231418186,0
GEO-012800,LWPOLYLINE,458.44514176794064,35.62352540757921,0
GEO-012801,LWPOLYLINE,459.7998179086199,35.62352540757921,0
GEO-012802,LWPOLYLINE,473.5581727737999,17.272040049235024,0
GEO-012803,LWPOLYLINE,473.79097510127394,16.954520670572915,0
GEO-012804,LWPOLYLINE,474.91278431893886,17.272029283311632,0
GEO-012805,LWPOLYLINE,474.7646236811893,17.31433936225043,0
GEO-012806,LWPOLYLINE,476.22515038067934,17.272029283311632,0
GEO-012807,LWPOLYLINE,454.14828948658214,29.273525407579207,0
GEO-012808,LWPOLYLINE,454.1694768238217,29.04071231418186,0
GEO-012809,LWPOLYLINE,455.5241744963477,29.273514641655815,0
GEO-012810,LWPOLYLINE,456.899994910573,29.273514641655815,0
GEO-012811,LWPOLYLINE,458.2757722611047,29.273514641655815,0
GEO-012812,LWPOLYLINE,458.487494910573,28.95602756076389,0
GEO-012813,LWPOLYLINE,459.6940104135027,29.2735361735026,0
GEO-012814,LWPOLYLINE,461.1121193748199,29.273525407579207,0
GEO-012815,LWPOLYLINE,462.31865640959643,29.273525407579207,0
GEO-012816,LWPOLYLINE,462.1704742400001,29.2947019788954,0
GEO-012817,LWPOLYLINE,463.60981360225054,29.273514641655815,0
GEO-012818,LWPOLYLINE,454.0213161860721,9.144015502929687,0
GEO-012819,LWPOLYLINE,455.35480498951176,9.144026268853082,0
GEO-012820,LWPOLYLINE,456.77295701452266,9.144026268853082,0
GEO-012821,LWPOLYLINE,456.7518127409766,8.974667527940538,0
GEO-012822,LWPOLYLINE,458.0641357390235,9.144026268853082,0
GEO-012823,LWPOLYLINE,459.185988020382,9.144026268853082,0
GEO-012824,LWPOLYLINE,459.01664004539293,9.228700256347654,0
GEO-012825,LWPOLYLINE,460.096139184119,9.334507751464844,0
GEO-012826,LWPOLYLINE,460.096139184119,8.53018561469184,0
GEO-012827,LWPOLYLINE,405.1686564095964,25.738706715901692,0
GEO-012828,LWPOLYLINE,406.41749275738835,25.738706715901692,0
GEO-012829,LWPOLYLINE,407.1582851802126,25.738706715901692,0
GEO-012830,LWPOLYLINE,408.0684578757965,25.738706715901692,0
GEO-012831,LWPOLYLINE,407.92029723804694,25.73871748182508,0
GEO-012832,LWPOLYLINE,409.3596366002974,25.738706715901692,0
GEO-012833,LWPOLYLINE,410.7989974943945,25.738706715901692,0
GEO-012834,LWPOLYLINE,410.8201632997875,26.41604478624132,0
GEO-012835,LWPOLYLINE,452.2856555483225,22.648380703396263,0
GEO-012836,LWPOLYLINE,427.94398888165586,27.47437811957465,0
GEO-012837,LWPOLYLINE,440.5592933623145,13.71602325439453,0
GEO-012838,LWPOLYLINE,464.3506813865387,34.05719121297199,0
GEO-012839,LWPOLYLINE,472.1399992169424,34.05719121297199,0
GEO-012840,LWPOLYLINE,472.1611650223352,4.699024115668403,0
GEO-012841,LWPOLYLINE,464.9010138585981,37.33803100585937,0
GEO-012842,LWPOLYLINE,464.9010138585981,34.0783677842882,0
GEO-012843,LWPOLYLINE,464.9010138585981,30.77635142008463,0
GEO-012844,LWPOLYLINE,464.9010138585981,27.51668819851345,0
GEO-012845,LWPOLYLINE,440.5593364260081,43.51870456271701,0
GEO-012846,LWPOLYLINE,440.5593364260081,4.699024115668403,0
GEO-012847,LWPOLYLINE,464.9010138585981,18.49968905978732,0
GEO-012848,LWPOLYLINE,472.1399992169424,16.107856157090925,0
GEO-012849,LWPOLYLINE,464.901035390445,9.207523685031468,0
GEO-012850,LWPOLYLINE,411.7726676061567,25.865690782335072,0
GEO-012851,LWPOLYLINE,411.7726676061567,25.357689921061194,0
GEO-012852,LWPOLYLINE,454.0848136022505,32.80837639702691,0
GEO-012853,LWPOLYLINE,454.9526331552019,32.80836563110351,0
GEO-012854,LWPOLYLINE,455.39713660029736,32.80835486518011,0
GEO-012855,LWPOLYLINE,455.8416400453928,32.80836563110351,0
GEO-012856,LWPOLYLINE,456.75183427282343,32.80836563110351,0
GEO-012857,LWPOLYLINE,456.5189888816559,32.80835486518011,0
GEO-012858,LWPOLYLINE,458.0641572708703,32.80837639702691,0
GEO-012859,LWPOLYLINE,458.9319768238217,32.80836563110351,0
GEO-012860,LWPOLYLINE,459.3764802689172,33.147029283311625,0
GEO-012861,LWPOLYLINE,459.50347510127403,32.469691212971995,0
GEO-012862,LWPOLYLINE,460.7311564095965,32.80836563110351,0
GEO-012863,LWPOLYLINE,460.49828948658205,32.80835486518011,0
GEO-012864,LWPOLYLINE,462.04350093949006,32.80836563110351,0
GEO-012865,LWPOLYLINE,461.810612484629,32.80836563110351,0
GEO-012866,LWPOLYLINE,474.82812109736767,16.12903272840711,0
GEO-012867,LWPOLYLINE,474.23203158176057,15.066536419851829,0
GEO-012868,LWPOLYLINE,440.55929336231446,58.88568216959636,0
GEO-012869,LINE,408.5417127193195,60.357119003100415,0
GEO-012870,LINE,406.06519506320524,61.87024199797375,0
GEO-012871,LINE,443.02218774237724,61.87024199797375,0
GEO-012872,LINE,461.9663587154134,60.357119003100415,0
GEO-012873,LINE,472.1263328771972,60.35711900310042,0
GEO-012874,LWPOLYLINE,298.91780196782963,143.5438994841806,0
GEO-012875,LWPOLYLINE,195.6311857569516,143.5438994841806,0
GEO-012876,LWPOLYLINE,208.4126009567526,143.5438994841806,0
GEO-012877,LINE,2209.097507864736,147.1856774651475,0
GEO-012878,LWPOLYLINE,4936.853233266711,61.918632069061175,0
GEO-012879,LWPOLYLINE,4935.57210301285,61.918632069061175,0
GEO-012880,LWPOLYLINE,4936.194715142736,61.93059870379447,0
GEO-012881,LWPOLYLINE,4936.194690783173,62.84057449432164,0
GEO-012882,LWPOLYLINE,4936.194690783173,65.33099865430495,0
GEO-012883,LWPOLYLINE,4935.823530229947,64.09775929893704,0
GEO-012884,LWPOLYLINE,4936.56586351618,64.09775929893704,0
GEO-012885,LWPOLYLINE,4936.194702962954,64.08578657431329,0
GEO-012886,LWPOLYLINE,4936.182730238331,66.3008258881699,0
GEO-012887,LWPOLYLINE,4935.619987821453,66.89949256880871,0
GEO-012888,SOLID,4936.194702962954,67.09106225267887,0
GEO-012889,SOLID,4936.206663507797,67.09106225267887,0
GEO-012890,SOLID,4936.194702962954,67.07908952805514,0
GEO-012891,SOLID,4936.2186605919815,67.07908952805514,0
GEO-012892,SOLID,4936.1946907831725,67.0671168034314,0
GEO-012893,SOLID,4936.206663507796,67.0671168034314,0
GEO-012894,SOLID,4936.194702962954,67.04317135418395,0
GEO-012895,SOLID,4936.206669597687,67.04317135418395,0
GEO-012896,SOLID,4936.194702962954,67.01922590493649,0
GEO-012897,SOLID,4936.206681777467,67.01922590493649,0
GEO-012898,SOLID,4936.194702962954,66.98330164117483,0
GEO-012899,SOLID,4936.206675687577,66.98330164117483,0
GEO-012900,SOLID,4936.182736328221,66.94737737741318,0
GEO-012901,SOLID,4936.194702962954,66.94737737741318,0
GEO-012902,SOLID,4936.194702962954,66.911459203542,0
GEO-012903,SOLID,4936.194702962954,66.911459203542,0
GEO-012904,SOLID,4936.182736328221,66.8755410296708,0
GEO-012905,SOLID,4936.194702962954,66.8755410296708,0
GEO-012906,SOLID,4936.182736328221,66.8396228557996,0
GEO-012907,SOLID,4936.182736328221,66.8396228557996,0
GEO-012908,SOLID,4936.18273023833,66.80370468192842,0
GEO-012909,SOLID,4936.194702962954,66.80370468192842,0
GEO-012910,SOLID,4936.18272414844,66.76778650805721,0
GEO-012911,SOLID,4936.194702962954,66.76778650805721,0
GEO-012912,SOLID,4936.182724148439,66.73186224429557,0
GEO-012913,SOLID,4936.194702962954,66.73186224429557,0
GEO-012914,SOLID,4936.18273023833,66.70791070515767,0
GEO-012915,SOLID,4936.1946907831725,66.70791070515767,0
GEO-012916,SOLID,4936.170745333926,66.69593798053393,0
GEO-012917,SOLID,4936.194702962954,66.69593798053393,0
GEO-012918,SOLID,4936.182742418111,66.69593798053393,0
GEO-012919,SOLID,4936.194702962954,66.69593798053393,0
GEO-012920,LWPOLYLINE,4936.194709052845,66.88751375429453,0
GEO-012921,LWPOLYLINE,4936.7574392899405,66.89949256880871,0
GEO-012922,LWPOLYLINE,4938.397769552186,66.88751375429455,0
GEO-012923,LWPOLYLINE,4934.853702996083,67.60590768117066,0
GEO-012924,LWPOLYLINE,4934.135309069206,68.49192584266947,0
GEO-012925,LWPOLYLINE,4935.823530229947,68.83914703653858,0
GEO-012926,LWPOLYLINE,4936.56586351618,68.83914703653858,0
GEO-012927,LWPOLYLINE,4936.218648412201,71.6887712049052,0
GEO-012928,LWPOLYLINE,4936.170745333927,71.72469546866685,0
GEO-012929,LWPOLYLINE,4936.194690783173,65.37888955279989,0
GEO-012930,LWPOLYLINE,4936.194690783173,65.2711350311863,0
GEO-012931,LWPOLYLINE,4938.385790737672,66.88751375429453,0
GEO-012932,LWPOLYLINE,4938.278030126168,66.88751375429453,0
GEO-012933,LWPOLYLINE,4937.571615013807,68.82718040180532,0
GEO-012934,LWPOLYLINE,4936.194690783173,67.62985922030857,0
GEO-012935,LWPOLYLINE,4936.194690783173,70.07239248179697,0
GEO-012936,LWPOLYLINE,4936.146812064459,68.75533187428202,0
GEO-012937,LWPOLYLINE,4938.134357430683,69.59345304739546,0
GEO-012938,LWPOLYLINE,4938.050554448208,69.61740458653338,0
GEO-012939,LWPOLYLINE,4938.134357430683,69.23425303901217,0
GEO-012940,LWPOLYLINE,4938.60130587079,69.27017730277382,0
GEO-012941,LWPOLYLINE,4939.140115018201,69.59345913728592,0
GEO-012942,LWPOLYLINE,4939.631008907554,69.27017730277382,0
GEO-012943,LWPOLYLINE,4939.463390762823,67.51011979429038,0
GEO-012944,LWPOLYLINE,4939.451418038198,67.39039254805304,0
GEO-012945,LWPOLYLINE,4939.9662573768,67.18684404966871,0
GEO-012946,LWPOLYLINE,4940.50504216465,67.51011979429038,0
GEO-012947,LWPOLYLINE,4940.995948233784,67.18684404966871,0
GEO-012948,LWPOLYLINE,4937.655436265955,65.71413802204526,0
GEO-012949,LWPOLYLINE,4937.894896848319,65.83387135817301,0
GEO-012950,LWPOLYLINE,4937.978705920684,65.55848651204631,0
GEO-012951,LWPOLYLINE,4938.649215038956,65.89373498129167,0
GEO-012952,LWPOLYLINE,4938.637224044661,65.53454106279885,0
GEO-012953,LWPOLYLINE,4936.8914513754,55.189065339274066,0
GEO-012954,LWPOLYLINE,4936.224711392716,53.06166891019399,0
GEO-012955,LWPOLYLINE,4932.037997985208,55.19177013133013,0
GEO-012956,LWPOLYLINE,4941.144643218518,53.05896411813801,0
GEO-012957,LWPOLYLINE,4935.342032222237,48.93255038547703,0
GEO-012958,LWPOLYLINE,4936.2727651585665,48.93248275728911,0
GEO-012959,LWPOLYLINE,4937.203498094896,48.93255038547703,0
GEO-012960,SOLID,2199.677177875593,146.90143783645607,0
GEO-012961,SOLID,2199.677177875593,147.4941019193011,0
GEO-012962,LWPOLYLINE,2194.3820970910956,232.57434580938872,0
GEO-012963,LWPOLYLINE,2195.0594297784737,232.36267698953725,0
GEO-012964,LWPOLYLINE,2194.382102474057,231.02917742017422,0
GEO-012965,LWPOLYLINE,2195.0594243955115,233.92901118414446,0
GEO-012966,LWPOLYLINE,2196.2235813728475,232.1721739750787,0
GEO-012967,LWPOLYLINE,2196.223586755809,232.4685060165011,0
GEO-012968,LWPOLYLINE,2196.2235813728475,232.7648380579235,0
GEO-012969,LWPOLYLINE,2194.51556225518,252.2994834705635,0
GEO-012970,LWPOLYLINE,2195.1928949425583,252.08781465071206,0
GEO-012971,LWPOLYLINE,2194.5155676381414,250.75431508134898,0
GEO-012972,LWPOLYLINE,2195.1928895595966,253.65414884531924,0
GEO-012973,LWPOLYLINE,2196.3570465369316,251.8973116362535,0
GEO-012974,LWPOLYLINE,2196.357051919894,252.1936436776759,0
GEO-012975,LWPOLYLINE,2196.3570465369316,252.4899757190983,0
GEO-012976,LWPOLYLINE,2238.2433971365463,249.2526412267282,0
GEO-012977,LWPOLYLINE,2238.9207298239253,249.0409724068768,0
GEO-012978,LWPOLYLINE,2238.2434025195084,247.7074728375137,0
GEO-012979,LWPOLYLINE,2238.9207244409636,250.60730660148397,0
GEO-012980,LWPOLYLINE,2240.0848814182987,248.8504693924183,0
GEO-012981,LWPOLYLINE,2240.084886801261,249.1468014338407,0
GEO-012982,LWPOLYLINE,2240.0848814182987,249.4431334752631,0
GEO-012983,LWPOLYLINE,2238.2475685081818,208.3279646687254,0
GEO-012984,LWPOLYLINE,2238.92490119556,208.11629584887396,0
GEO-012985,LWPOLYLINE,2238.247573891143,206.78279627951088,0
GEO-012986,LWPOLYLINE,2238.924895812598,209.68263004348114,0
GEO-012987,LWPOLYLINE,2240.089052789933,207.9257928344155,0
GEO-012988,LWPOLYLINE,2240.089058172895,208.22212487583784,0
GEO-012989,LWPOLYLINE,2240.089052789933,208.5184569172602,0
GEO-012990,LWPOLYLINE,2208.2623587713833,173.779637922885,0
GEO-012991,LWPOLYLINE,2208.939691458761,173.56796910303365,0
GEO-012992,LWPOLYLINE,2208.2623641543446,172.23446953367056,0
GEO-012993,LWPOLYLINE,2208.9396860757997,175.1343032976408,0
GEO-012994,LWPOLYLINE,2210.103843053135,173.3774660885751,0
GEO-012995,LWPOLYLINE,2210.103848436097,173.6737981299975,0
GEO-012996,LWPOLYLINE,2210.103843053135,173.9701301714199,0
GEO-012997,LWPOLYLINE,2239.089770532693,253.44833039861194,0
GEO-012998,LWPOLYLINE,2239.089770532693,251.03532092459935,0
GEO-012999,LWPOLYLINE,2239.089770532693,248.62233298243353,0
GEO-013000,LWPOLYLINE,2239.089770532693,246.209323508421,0
GEO-013001,LWPOLYLINE,2239.089770532693,243.7963355662552,0
GEO-013002,LWPOLYLINE,2239.089770532693,240.74831963268855,0
GEO-013003,LWPOLYLINE,2239.089770532693,223.17999060572453,0
GEO-013004,LWPOLYLINE,2239.089770532693,220.76699189763542,0
GEO-013005,LWPOLYLINE,2239.089770532693,218.3539931895462,0
GEO-013006,LWPOLYLINE,2239.092715030318,216.24438380962567,0
GEO-013007,LWPOLYLINE,2239.092715030318,213.83137433561308,0
GEO-013008,LWPOLYLINE,2239.092715030318,211.4183863934473,0
GEO-013009,LWPOLYLINE,2239.092715030318,209.00537691943475,0
GEO-013010,LWPOLYLINE,2239.092715030318,206.5923889772689,0
GEO-013011,LWPOLYLINE,2239.092715030318,203.54437304370225,0
GEO-013012,LWPOLYLINE,2239.092715030318,200.4963786419824,0
GEO-013013,LWPOLYLINE,2209.257183922615,183.08181559957723,0
GEO-013014,LWPOLYLINE,2209.257183922615,180.66882765741138,0
GEO-013015,LWPOLYLINE,2209.257183922615,178.25581818339884,0
GEO-013016,LWPOLYLINE,2209.257183922615,175.842830241233,0
GEO-013017,LWPOLYLINE,2209.257183922615,172.7948143076664,0
GEO-013018,LWPOLYLINE,2209.257183922615,169.7468199059465,0
GEO-013019,LWPOLYLINE,2197.517543709942,191.2123301898789,0
GEO-013020,LWPOLYLINE,2197.517543709942,188.79932071586632,0
GEO-013021,LWPOLYLINE,2197.517543709942,186.38633277370047,0
GEO-013022,LWPOLYLINE,2197.517543709942,183.97332329968788,0
GEO-013023,LWPOLYLINE,2197.517543709942,181.5603353575221,0
GEO-013024,LWPOLYLINE,2197.517543709942,178.51231942395546,0
GEO-013025,LWPOLYLINE,2197.517543709942,175.46432502223558,0
GEO-013026,LWPOLYLINE,2197.517543709942,173.05132631414645,0
GEO-013027,LWPOLYLINE,2197.517543709942,170.63832760605726,0
GEO-013028,LWPOLYLINE,2197.588048069668,168.4576514211983,0
GEO-013029,ARC,2203.422615996141,165.5508249397924,0
GEO-013030,LWPOLYLINE,2239.091406364707,197.72654556299534,0
GEO-013031,LWPOLYLINE,2239.091406364707,194.6785511612755,0
GEO-013032,LWPOLYLINE,2239.087071409886,190.7710273285522,0
GEO-013033,LWPOLYLINE,2238.2858956995888,190.7735104547828,0
GEO-013034,LWPOLYLINE,2235.8728969915,190.7735104547828,0
GEO-013035,LWPOLYLINE,2233.4598982834104,190.7735104547828,0
GEO-013036,LWPOLYLINE,2231.0468995753213,190.7735104547828,0
GEO-013037,LWPOLYLINE,2228.7815481270345,190.8132790389718,0
GEO-013038,LWPOLYLINE,2226.368549418946,190.8132790389718,0
GEO-013039,LWPOLYLINE,2223.955550710856,190.8132790389718,0
GEO-013040,LWPOLYLINE,2221.542552002767,190.8132790389718,0
GEO-013041,LWPOLYLINE,2219.3265208896455,190.836587514299,0
GEO-013042,LWPOLYLINE,2216.913522181557,190.836587514299,0
GEO-013043,LWPOLYLINE,2214.500523473467,190.836587514299,0
GEO-013044,LWPOLYLINE,2212.087524765378,190.836587514299,0
GEO-013045,LWPOLYLINE,2210.17117807685,190.8347452636735,0
GEO-013046,LWPOLYLINE,2209.34257435365,189.8371484048954,0
GEO-013047,LINE,2197.1335156532123,192.7943267698132,0
GEO-013048,LWPOLYLINE,2195.376922242327,238.20864145017418,0
GEO-013049,LWPOLYLINE,2195.376922242327,235.7956535080084,0
GEO-013050,LWPOLYLINE,2195.376922242327,233.38264403399586,0
GEO-013051,LWPOLYLINE,2195.376922242327,230.96965609183002,0
GEO-013052,LWPOLYLINE,2195.376922242327,227.92164015826336,0
GEO-013053,LWPOLYLINE,2195.376922242327,224.8736457565435,0
GEO-013054,LWPOLYLINE,2195.439638084193,253.9445238593898,0
GEO-013055,LWPOLYLINE,2195.439638084193,250.89650792582316,0
GEO-013056,LWPOLYLINE,2195.439638084193,247.84851352410328,0
GEO-013057,LWPOLYLINE,2195.376922242327,222.3641127244773,0
GEO-013058,LWPOLYLINE,2239.085762744275,257.83821339860083,0
GEO-013059,LWPOLYLINE,2239.085762744275,255.42520392458826,0
GEO-013060,LWPOLYLINE,2195.447162911456,255.8489704697194,0
GEO-013061,LWPOLYLINE,2195.447162911456,257.72634400562583,0
GEO-013062,LINE,2195.45182503268,259.2051879201134,0
GEO-013063,LINE,2239.086744243483,259.21186862001923,0
GEO-013064,LWPOLYLINE,2239.091406364707,191.95179883241508,0
